experiment,variant,shape,width,hints,mode,rows,columns,threads,repetition,verify,load_seconds,store_seconds
screen,baseline,numeric,8,1,identity,1000000,20,8,0,0,0.014723,0.012302
screen,control,numeric,8,1,identity,1000000,20,8,0,0,0.010986,0.01184
screen,rowstore,numeric,8,1,identity,1000000,20,8,0,0,0.011196,0.01555
screen,storetile512,numeric,8,1,identity,1000000,20,8,0,0,0.012289,0.011906
screen,storetile4096,numeric,8,1,identity,1000000,20,8,0,0,0.011432,0.012676
screen,storetile32768,numeric,8,1,identity,1000000,20,8,0,0,0.010797,0.010152
screen,rowload,numeric,8,1,identity,1000000,20,8,0,0,0.019493,0.011579
screen,directsorted,numeric,8,1,identity,1000000,20,8,0,0,0.011235,0.011018
screen,cachedfixed,numeric,8,1,identity,1000000,20,8,0,0,0.012469,0.012009
screen,flatmalloc,numeric,8,1,identity,1000000,20,8,0,0,0.011924,0.011782
screen,loadtile512,numeric,8,1,identity,1000000,20,8,0,0,0.014009,0.011424
screen,loadtile4096,numeric,8,1,identity,1000000,20,8,0,0,0.014171,0.011266
screen,loadtile32768,numeric,8,1,identity,1000000,20,8,0,0,0.014796,0.011437
screen,loadtile32768,numeric,8,1,identity,1000000,20,8,1,0,0.017478,0.012172
screen,loadtile4096,numeric,8,1,identity,1000000,20,8,1,0,0.01793,0.011371
screen,loadtile512,numeric,8,1,identity,1000000,20,8,1,0,0.015024,0.011481
screen,flatmalloc,numeric,8,1,identity,1000000,20,8,1,0,0.0112,0.01133
screen,cachedfixed,numeric,8,1,identity,1000000,20,8,1,0,0.011854,0.011322
screen,directsorted,numeric,8,1,identity,1000000,20,8,1,0,0.011958,0.011902
screen,rowload,numeric,8,1,identity,1000000,20,8,1,0,0.018271,0.011656
screen,storetile32768,numeric,8,1,identity,1000000,20,8,1,0,0.011669,0.012058
screen,storetile4096,numeric,8,1,identity,1000000,20,8,1,0,0.011267,0.012854
screen,storetile512,numeric,8,1,identity,1000000,20,8,1,0,0.011675,0.016027
screen,rowstore,numeric,8,1,identity,1000000,20,8,1,0,0.011121,0.015142
screen,control,numeric,8,1,identity,1000000,20,8,1,0,0.012235,0.011624
screen,baseline,numeric,8,1,identity,1000000,20,8,1,0,0.011001,0.011973
screen,baseline,numeric,8,1,identity,1000000,20,8,2,0,0.012158,0.011695
screen,control,numeric,8,1,identity,1000000,20,8,2,0,0.011147,0.011812
screen,rowstore,numeric,8,1,identity,1000000,20,8,2,0,0.012086,0.015356
screen,storetile512,numeric,8,1,identity,1000000,20,8,2,0,0.010971,0.010692
screen,storetile4096,numeric,8,1,identity,1000000,20,8,2,0,0.01143,0.01313
screen,storetile32768,numeric,8,1,identity,1000000,20,8,2,0,0.011122,0.01381
screen,rowload,numeric,8,1,identity,1000000,20,8,2,0,0.017071,0.01142
screen,directsorted,numeric,8,1,identity,1000000,20,8,2,0,0.011713,0.011579
screen,cachedfixed,numeric,8,1,identity,1000000,20,8,2,0,0.011533,0.011465
screen,flatmalloc,numeric,8,1,identity,1000000,20,8,2,0,0.012837,0.011484
screen,loadtile512,numeric,8,1,identity,1000000,20,8,2,0,0.012141,0.012092
screen,loadtile4096,numeric,8,1,identity,1000000,20,8,2,0,0.013252,0.011972
screen,loadtile32768,numeric,8,1,identity,1000000,20,8,2,0,0.010967,0.011383
screen,loadtile32768,numeric,8,1,identity,1000000,20,8,3,0,0.016785,0.011763
screen,loadtile4096,numeric,8,1,identity,1000000,20,8,3,0,0.014988,0.011312
screen,loadtile512,numeric,8,1,identity,1000000,20,8,3,0,0.009671,0.011656
screen,flatmalloc,numeric,8,1,identity,1000000,20,8,3,0,0.011214,0.011583
screen,cachedfixed,numeric,8,1,identity,1000000,20,8,3,0,0.01113,0.011645
screen,directsorted,numeric,8,1,identity,1000000,20,8,3,0,0.012418,0.011866
screen,rowload,numeric,8,1,identity,1000000,20,8,3,0,0.019238,0.01192
screen,storetile32768,numeric,8,1,identity,1000000,20,8,3,0,0.011829,0.012158
screen,storetile4096,numeric,8,1,identity,1000000,20,8,3,0,0.011574,0.013408
screen,storetile512,numeric,8,1,identity,1000000,20,8,3,0,0.01443,0.011939
screen,rowstore,numeric,8,1,identity,1000000,20,8,3,0,0.014533,0.015612
screen,control,numeric,8,1,identity,1000000,20,8,3,0,0.014969,0.013361
screen,baseline,numeric,8,1,identity,1000000,20,8,3,0,0.014319,0.012415
screen,baseline,numeric,8,1,identity,1000000,20,8,4,1,0.012869,0.011787
screen,control,numeric,8,1,identity,1000000,20,8,4,1,0.013322,0.01306
screen,rowstore,numeric,8,1,identity,1000000,20,8,4,1,0.013235,0.018261
screen,storetile512,numeric,8,1,identity,1000000,20,8,4,1,0.011698,0.011944
screen,storetile4096,numeric,8,1,identity,1000000,20,8,4,1,0.013477,0.012011
screen,storetile32768,numeric,8,1,identity,1000000,20,8,4,1,0.011117,0.013554
screen,rowload,numeric,8,1,identity,1000000,20,8,4,1,0.018578,0.011569
screen,directsorted,numeric,8,1,identity,1000000,20,8,4,1,0.01141,0.012362
screen,cachedfixed,numeric,8,1,identity,1000000,20,8,4,1,0.011206,0.011624
screen,flatmalloc,numeric,8,1,identity,1000000,20,8,4,1,0.011031,0.011277
screen,loadtile512,numeric,8,1,identity,1000000,20,8,4,1,0.011592,0.010998
screen,loadtile4096,numeric,8,1,identity,1000000,20,8,4,1,0.014286,0.011352
screen,loadtile32768,numeric,8,1,identity,1000000,20,8,4,1,0.012665,0.011253
screen,baseline,numeric,8,1,sorted,1000000,20,8,0,0,0.011327,0.024959
screen,control,numeric,8,1,sorted,1000000,20,8,0,0,0.011981,0.023919
screen,rowstore,numeric,8,1,sorted,1000000,20,8,0,0,0.011482,0.026053
screen,storetile512,numeric,8,1,sorted,1000000,20,8,0,0,0.011267,0.029251
screen,storetile4096,numeric,8,1,sorted,1000000,20,8,0,0,0.011417,0.026296
screen,storetile32768,numeric,8,1,sorted,1000000,20,8,0,0,0.011289,0.027018
screen,rowload,numeric,8,1,sorted,1000000,20,8,0,0,0.017792,0.023731
screen,directsorted,numeric,8,1,sorted,1000000,20,8,0,0,0.012579,0.023475
screen,cachedfixed,numeric,8,1,sorted,1000000,20,8,0,0,0.012863,0.022952
screen,flatmalloc,numeric,8,1,sorted,1000000,20,8,0,0,0.012191,0.025597
screen,loadtile512,numeric,8,1,sorted,1000000,20,8,0,0,0.016234,0.02583
screen,loadtile4096,numeric,8,1,sorted,1000000,20,8,0,0,0.012443,0.024125
screen,loadtile32768,numeric,8,1,sorted,1000000,20,8,0,0,0.014069,0.023437
screen,loadtile32768,numeric,8,1,sorted,1000000,20,8,1,0,0.011004,0.021955
screen,loadtile4096,numeric,8,1,sorted,1000000,20,8,1,0,0.014402,0.024388
screen,loadtile512,numeric,8,1,sorted,1000000,20,8,1,0,0.01352,0.024819
screen,flatmalloc,numeric,8,1,sorted,1000000,20,8,1,0,0.01215,0.023625
screen,cachedfixed,numeric,8,1,sorted,1000000,20,8,1,0,0.012731,0.023748
screen,directsorted,numeric,8,1,sorted,1000000,20,8,1,0,0.012379,0.025335
screen,rowload,numeric,8,1,sorted,1000000,20,8,1,0,0.017758,0.026186
screen,storetile32768,numeric,8,1,sorted,1000000,20,8,1,0,0.013105,0.029858
screen,storetile4096,numeric,8,1,sorted,1000000,20,8,1,0,0.011284,0.024688
screen,storetile512,numeric,8,1,sorted,1000000,20,8,1,0,0.011966,0.023049
screen,rowstore,numeric,8,1,sorted,1000000,20,8,1,0,0.01102,0.029576
screen,control,numeric,8,1,sorted,1000000,20,8,1,0,0.013849,0.025104
screen,baseline,numeric,8,1,sorted,1000000,20,8,1,0,0.011768,0.024169
screen,baseline,numeric,8,1,sorted,1000000,20,8,2,0,0.012589,0.02426
screen,control,numeric,8,1,sorted,1000000,20,8,2,0,0.011981,0.023919
screen,rowstore,numeric,8,1,sorted,1000000,20,8,2,0,0.010967,0.028027
screen,storetile512,numeric,8,1,sorted,1000000,20,8,2,0,0.012095,0.022647
screen,storetile4096,numeric,8,1,sorted,1000000,20,8,2,0,0.010816,0.024584
screen,storetile32768,numeric,8,1,sorted,1000000,20,8,2,0,0.011643,0.025678
screen,rowload,numeric,8,1,sorted,1000000,20,8,2,0,0.01872,0.02396
screen,directsorted,numeric,8,1,sorted,1000000,20,8,2,0,0.01277,0.027465
screen,cachedfixed,numeric,8,1,sorted,1000000,20,8,2,0,0.011957,0.024332
screen,flatmalloc,numeric,8,1,sorted,1000000,20,8,2,0,0.01301,0.026672
screen,loadtile512,numeric,8,1,sorted,1000000,20,8,2,0,0.012831,0.024314
screen,loadtile4096,numeric,8,1,sorted,1000000,20,8,2,0,0.012447,0.024709
screen,loadtile32768,numeric,8,1,sorted,1000000,20,8,2,0,0.013284,0.022238
screen,loadtile32768,numeric,8,1,sorted,1000000,20,8,3,0,0.012239,0.023119
screen,loadtile4096,numeric,8,1,sorted,1000000,20,8,3,0,0.012035,0.022362
screen,loadtile512,numeric,8,1,sorted,1000000,20,8,3,0,0.012974,0.023972
screen,flatmalloc,numeric,8,1,sorted,1000000,20,8,3,0,0.011403,0.024862
screen,cachedfixed,numeric,8,1,sorted,1000000,20,8,3,0,0.012556,0.026426
screen,directsorted,numeric,8,1,sorted,1000000,20,8,3,0,0.011686,0.024045
screen,rowload,numeric,8,1,sorted,1000000,20,8,3,0,0.0193,0.026552
screen,storetile32768,numeric,8,1,sorted,1000000,20,8,3,0,0.01229,0.028313
screen,storetile4096,numeric,8,1,sorted,1000000,20,8,3,0,0.012089,0.024132
screen,storetile512,numeric,8,1,sorted,1000000,20,8,3,0,0.012874,0.021128
screen,rowstore,numeric,8,1,sorted,1000000,20,8,3,0,0.012644,0.029984
screen,control,numeric,8,1,sorted,1000000,20,8,3,0,0.012053,0.024811
screen,baseline,numeric,8,1,sorted,1000000,20,8,3,0,0.012656,0.024448
screen,baseline,numeric,8,1,sorted,1000000,20,8,4,1,0.012334,0.025561
screen,control,numeric,8,1,sorted,1000000,20,8,4,1,0.011029,0.023379
screen,rowstore,numeric,8,1,sorted,1000000,20,8,4,1,0.011532,0.025993
screen,storetile512,numeric,8,1,sorted,1000000,20,8,4,1,0.010786,0.025325
screen,storetile4096,numeric,8,1,sorted,1000000,20,8,4,1,0.024213,0.025466
screen,storetile32768,numeric,8,1,sorted,1000000,20,8,4,1,0.011246,0.028039
screen,rowload,numeric,8,1,sorted,1000000,20,8,4,1,0.020046,0.023975
screen,directsorted,numeric,8,1,sorted,1000000,20,8,4,1,0.012104,0.02361
screen,cachedfixed,numeric,8,1,sorted,1000000,20,8,4,1,0.011305,0.022901
screen,flatmalloc,numeric,8,1,sorted,1000000,20,8,4,1,0.012153,0.022949
screen,loadtile512,numeric,8,1,sorted,1000000,20,8,4,1,0.013299,0.023833
screen,loadtile4096,numeric,8,1,sorted,1000000,20,8,4,1,0.014307,0.023033
screen,loadtile32768,numeric,8,1,sorted,1000000,20,8,4,1,0.013291,0.021739
screen,baseline,numeric,8,1,scattered,1000000,20,8,0,0,0.010911,0.012139
screen,control,numeric,8,1,scattered,1000000,20,8,0,0,0.012727,0.011463
screen,rowstore,numeric,8,1,scattered,1000000,20,8,0,0,0.013213,0.013441
screen,storetile512,numeric,8,1,scattered,1000000,20,8,0,0,0.012421,0.012336
screen,storetile4096,numeric,8,1,scattered,1000000,20,8,0,0,0.013303,0.012598
screen,storetile32768,numeric,8,1,scattered,1000000,20,8,0,0,0.011933,0.012026
screen,rowload,numeric,8,1,scattered,1000000,20,8,0,0,0.017218,0.011628
screen,directsorted,numeric,8,1,scattered,1000000,20,8,0,0,0.012173,0.011802
screen,cachedfixed,numeric,8,1,scattered,1000000,20,8,0,0,0.012385,0.011049
screen,flatmalloc,numeric,8,1,scattered,1000000,20,8,0,0,0.012363,0.011114
screen,loadtile512,numeric,8,1,scattered,1000000,20,8,0,0,0.015458,0.011814
screen,loadtile4096,numeric,8,1,scattered,1000000,20,8,0,0,0.013878,0.011589
screen,loadtile32768,numeric,8,1,scattered,1000000,20,8,0,0,0.016114,0.011448
screen,loadtile32768,numeric,8,1,scattered,1000000,20,8,1,0,0.015149,0.012114
screen,loadtile4096,numeric,8,1,scattered,1000000,20,8,1,0,0.011206,0.011481
screen,loadtile512,numeric,8,1,scattered,1000000,20,8,1,0,0.012683,0.012448
screen,flatmalloc,numeric,8,1,scattered,1000000,20,8,1,0,0.011564,0.011575
screen,cachedfixed,numeric,8,1,scattered,1000000,20,8,1,0,0.011161,0.011341
screen,directsorted,numeric,8,1,scattered,1000000,20,8,1,0,0.012959,0.011379
screen,rowload,numeric,8,1,scattered,1000000,20,8,1,0,0.017909,0.011776
screen,storetile32768,numeric,8,1,scattered,1000000,20,8,1,0,0.012813,0.012572
screen,storetile4096,numeric,8,1,scattered,1000000,20,8,1,0,0.012321,0.011403
screen,storetile512,numeric,8,1,scattered,1000000,20,8,1,0,0.012454,0.010185
screen,rowstore,numeric,8,1,scattered,1000000,20,8,1,0,0.012609,0.016595
screen,control,numeric,8,1,scattered,1000000,20,8,1,0,0.011727,0.011321
screen,baseline,numeric,8,1,scattered,1000000,20,8,1,0,0.012809,0.012579
screen,baseline,numeric,8,1,scattered,1000000,20,8,2,0,0.011769,0.012694
screen,control,numeric,8,1,scattered,1000000,20,8,2,0,0.011723,0.011838
screen,rowstore,numeric,8,1,scattered,1000000,20,8,2,0,0.012346,0.016196
screen,storetile512,numeric,8,1,scattered,1000000,20,8,2,0,0.011856,0.011246
screen,storetile4096,numeric,8,1,scattered,1000000,20,8,2,0,0.011546,0.012922
screen,storetile32768,numeric,8,1,scattered,1000000,20,8,2,0,0.011803,0.011785
screen,rowload,numeric,8,1,scattered,1000000,20,8,2,0,0.017667,0.011365
screen,directsorted,numeric,8,1,scattered,1000000,20,8,2,0,0.012038,0.012374
screen,cachedfixed,numeric,8,1,scattered,1000000,20,8,2,0,0.011773,0.012085
screen,flatmalloc,numeric,8,1,scattered,1000000,20,8,2,0,0.012638,0.012037
screen,loadtile512,numeric,8,1,scattered,1000000,20,8,2,0,0.015213,0.012384
screen,loadtile4096,numeric,8,1,scattered,1000000,20,8,2,0,0.01561,0.013301
screen,loadtile32768,numeric,8,1,scattered,1000000,20,8,2,0,0.01304,0.011696
screen,loadtile32768,numeric,8,1,scattered,1000000,20,8,3,0,0.014759,0.012517
screen,loadtile4096,numeric,8,1,scattered,1000000,20,8,3,0,0.015131,0.011709
screen,loadtile512,numeric,8,1,scattered,1000000,20,8,3,0,0.01528,0.012657
screen,flatmalloc,numeric,8,1,scattered,1000000,20,8,3,0,0.011597,0.011936
screen,cachedfixed,numeric,8,1,scattered,1000000,20,8,3,0,0.013133,0.012304
screen,directsorted,numeric,8,1,scattered,1000000,20,8,3,0,0.011808,0.012317
screen,rowload,numeric,8,1,scattered,1000000,20,8,3,0,0.019018,0.01274
screen,storetile32768,numeric,8,1,scattered,1000000,20,8,3,0,0.013163,0.011376
screen,storetile4096,numeric,8,1,scattered,1000000,20,8,3,0,0.011914,0.012205
screen,storetile512,numeric,8,1,scattered,1000000,20,8,3,0,0.013557,0.012149
screen,rowstore,numeric,8,1,scattered,1000000,20,8,3,0,0.01193,0.014025
screen,control,numeric,8,1,scattered,1000000,20,8,3,0,0.013197,0.011914
screen,baseline,numeric,8,1,scattered,1000000,20,8,3,0,0.012388,0.012258
screen,baseline,numeric,8,1,scattered,1000000,20,8,4,1,0.012234,0.012308
screen,control,numeric,8,1,scattered,1000000,20,8,4,1,0.013618,0.011512
screen,rowstore,numeric,8,1,scattered,1000000,20,8,4,1,0.011981,0.018326
screen,storetile512,numeric,8,1,scattered,1000000,20,8,4,1,0.012215,0.010134
screen,storetile4096,numeric,8,1,scattered,1000000,20,8,4,1,0.012072,0.010841
screen,storetile32768,numeric,8,1,scattered,1000000,20,8,4,1,0.011536,0.012952
screen,rowload,numeric,8,1,scattered,1000000,20,8,4,1,0.016863,0.011742
screen,directsorted,numeric,8,1,scattered,1000000,20,8,4,1,0.011739,0.011917
screen,cachedfixed,numeric,8,1,scattered,1000000,20,8,4,1,0.011555,0.011416
screen,flatmalloc,numeric,8,1,scattered,1000000,20,8,4,1,0.010974,0.011326
screen,loadtile512,numeric,8,1,scattered,1000000,20,8,4,1,0.014908,0.01204
screen,loadtile4096,numeric,8,1,scattered,1000000,20,8,4,1,0.014439,0.011627
screen,loadtile32768,numeric,8,1,scattered,1000000,20,8,4,1,0.013158,0.011109
screen,baseline,numeric,8,1,filtered,666667,20,8,0,0,0.038844,0.018056
screen,control,numeric,8,1,filtered,666667,20,8,0,0,0.027218,0.021737
screen,rowstore,numeric,8,1,filtered,666667,20,8,0,0,0.026642,0.01878
screen,storetile512,numeric,8,1,filtered,666667,20,8,0,0,0.025407,0.020151
screen,storetile4096,numeric,8,1,filtered,666667,20,8,0,0,0.025652,0.020586
screen,storetile32768,numeric,8,1,filtered,666667,20,8,0,0,0.025784,0.01971
screen,rowload,numeric,8,1,filtered,666667,20,8,0,0,0.034796,0.019037
screen,directsorted,numeric,8,1,filtered,666667,20,8,0,0,0.027515,0.019851
screen,cachedfixed,numeric,8,1,filtered,666667,20,8,0,0,0.026236,0.021676
screen,flatmalloc,numeric,8,1,filtered,666667,20,8,0,0,0.026828,0.022257
screen,loadtile512,numeric,8,1,filtered,666667,20,8,0,0,0.030025,0.022016
screen,loadtile4096,numeric,8,1,filtered,666667,20,8,0,0,0.028203,0.020102
screen,loadtile32768,numeric,8,1,filtered,666667,20,8,0,0,0.028957,0.022477
screen,loadtile32768,numeric,8,1,filtered,666667,20,8,1,0,0.028938,0.020029
screen,loadtile4096,numeric,8,1,filtered,666667,20,8,1,0,0.028409,0.019398
screen,loadtile512,numeric,8,1,filtered,666667,20,8,1,0,0.029019,0.018942
screen,flatmalloc,numeric,8,1,filtered,666667,20,8,1,0,0.02552,0.01997
screen,cachedfixed,numeric,8,1,filtered,666667,20,8,1,0,0.02591,0.019786
screen,directsorted,numeric,8,1,filtered,666667,20,8,1,0,0.027124,0.020232
screen,rowload,numeric,8,1,filtered,666667,20,8,1,0,0.034838,0.019133
screen,storetile32768,numeric,8,1,filtered,666667,20,8,1,0,0.025547,0.019958
screen,storetile4096,numeric,8,1,filtered,666667,20,8,1,0,0.026224,0.021439
screen,storetile512,numeric,8,1,filtered,666667,20,8,1,0,0.025683,0.020737
screen,rowstore,numeric,8,1,filtered,666667,20,8,1,0,0.025688,0.024103
screen,control,numeric,8,1,filtered,666667,20,8,1,0,0.025184,0.018845
screen,baseline,numeric,8,1,filtered,666667,20,8,1,0,0.03969,0.021483
screen,baseline,numeric,8,1,filtered,666667,20,8,2,0,0.038882,0.019383
screen,control,numeric,8,1,filtered,666667,20,8,2,0,0.025904,0.019057
screen,rowstore,numeric,8,1,filtered,666667,20,8,2,0,0.028027,0.022435
screen,storetile512,numeric,8,1,filtered,666667,20,8,2,0,0.025859,0.018123
screen,storetile4096,numeric,8,1,filtered,666667,20,8,2,0,0.024937,0.017795
screen,storetile32768,numeric,8,1,filtered,666667,20,8,2,0,0.026973,0.016468
screen,rowload,numeric,8,1,filtered,666667,20,8,2,0,0.030975,0.017618
screen,directsorted,numeric,8,1,filtered,666667,20,8,2,0,0.028686,0.017813
screen,cachedfixed,numeric,8,1,filtered,666667,20,8,2,0,0.028113,0.017934
screen,flatmalloc,numeric,8,1,filtered,666667,20,8,2,0,0.027046,0.018546
screen,loadtile512,numeric,8,1,filtered,666667,20,8,2,0,0.028601,0.01865
screen,loadtile4096,numeric,8,1,filtered,666667,20,8,2,0,0.026793,0.018811
screen,loadtile32768,numeric,8,1,filtered,666667,20,8,2,0,0.027238,0.019836
screen,loadtile32768,numeric,8,1,filtered,666667,20,8,3,0,0.027366,0.019418
screen,loadtile4096,numeric,8,1,filtered,666667,20,8,3,0,0.026123,0.02388
screen,loadtile512,numeric,8,1,filtered,666667,20,8,3,0,0.03013,0.022797
screen,flatmalloc,numeric,8,1,filtered,666667,20,8,3,0,0.025437,0.023813
screen,cachedfixed,numeric,8,1,filtered,666667,20,8,3,0,0.025487,0.019142
screen,directsorted,numeric,8,1,filtered,666667,20,8,3,0,0.027217,0.019497
screen,rowload,numeric,8,1,filtered,666667,20,8,3,0,0.033431,0.023224
screen,storetile32768,numeric,8,1,filtered,666667,20,8,3,0,0.026125,0.028683
screen,storetile4096,numeric,8,1,filtered,666667,20,8,3,0,0.027307,0.026276
screen,storetile512,numeric,8,1,filtered,666667,20,8,3,0,0.027524,0.02211
screen,rowstore,numeric,8,1,filtered,666667,20,8,3,0,0.027186,0.024499
screen,control,numeric,8,1,filtered,666667,20,8,3,0,0.027575,0.020112
screen,baseline,numeric,8,1,filtered,666667,20,8,3,0,0.041491,0.023695
screen,baseline,numeric,8,1,filtered,666667,20,8,4,1,0.03901,0.019687
screen,control,numeric,8,1,filtered,666667,20,8,4,1,0.025643,0.020366
screen,rowstore,numeric,8,1,filtered,666667,20,8,4,1,0.02616,0.019778
screen,storetile512,numeric,8,1,filtered,666667,20,8,4,1,0.025882,0.024138
screen,storetile4096,numeric,8,1,filtered,666667,20,8,4,1,0.02558,0.019154
screen,storetile32768,numeric,8,1,filtered,666667,20,8,4,1,0.026473,0.018549
screen,rowload,numeric,8,1,filtered,666667,20,8,4,1,0.031845,0.018754
screen,directsorted,numeric,8,1,filtered,666667,20,8,4,1,0.02613,0.018319
screen,cachedfixed,numeric,8,1,filtered,666667,20,8,4,1,0.026975,0.018056
screen,flatmalloc,numeric,8,1,filtered,666667,20,8,4,1,0.026236,0.018546
screen,loadtile512,numeric,8,1,filtered,666667,20,8,4,1,0.026672,0.017911
screen,loadtile4096,numeric,8,1,filtered,666667,20,8,4,1,0.027519,0.018753
screen,loadtile32768,numeric,8,1,filtered,666667,20,8,4,1,0.026612,0.020752
screen,baseline,numeric,8,0,identity,1000000,20,8,0,0,0.013309,0.012891
screen,control,numeric,8,0,identity,1000000,20,8,0,0,0.014324,0.013078
screen,rowstore,numeric,8,0,identity,1000000,20,8,0,0,0.014517,0.017219
screen,storetile512,numeric,8,0,identity,1000000,20,8,0,0,0.01409,0.012792
screen,storetile4096,numeric,8,0,identity,1000000,20,8,0,0,0.01489,0.041303
screen,storetile32768,numeric,8,0,identity,1000000,20,8,0,0,0.032801,0.015458
screen,rowload,numeric,8,0,identity,1000000,20,8,0,0,0.037186,0.017385
screen,directsorted,numeric,8,0,identity,1000000,20,8,0,0,0.013752,0.012478
screen,cachedfixed,numeric,8,0,identity,1000000,20,8,0,0,0.014166,0.01327
screen,flatmalloc,numeric,8,0,identity,1000000,20,8,0,0,0.012543,0.013066
screen,loadtile512,numeric,8,0,identity,1000000,20,8,0,0,0.014854,0.013319
screen,loadtile4096,numeric,8,0,identity,1000000,20,8,0,0,0.014518,0.012999
screen,loadtile32768,numeric,8,0,identity,1000000,20,8,0,0,0.015851,0.012154
screen,loadtile32768,numeric,8,0,identity,1000000,20,8,1,0,0.014415,0.012825
screen,loadtile4096,numeric,8,0,identity,1000000,20,8,1,0,0.013505,0.012793
screen,loadtile512,numeric,8,0,identity,1000000,20,8,1,0,0.015432,0.014073
screen,flatmalloc,numeric,8,0,identity,1000000,20,8,1,0,0.012568,0.01271
screen,cachedfixed,numeric,8,0,identity,1000000,20,8,1,0,0.013433,0.012166
screen,directsorted,numeric,8,0,identity,1000000,20,8,1,0,0.013748,0.012475
screen,rowload,numeric,8,0,identity,1000000,20,8,1,0,0.019212,0.012848
screen,storetile32768,numeric,8,0,identity,1000000,20,8,1,0,0.014367,0.013972
screen,storetile4096,numeric,8,0,identity,1000000,20,8,1,0,0.012446,0.013594
screen,storetile512,numeric,8,0,identity,1000000,20,8,1,0,0.012043,0.011679
screen,rowstore,numeric,8,0,identity,1000000,20,8,1,0,0.011746,0.015015
screen,control,numeric,8,0,identity,1000000,20,8,1,0,0.011675,0.011896
screen,baseline,numeric,8,0,identity,1000000,20,8,1,0,0.011957,0.012035
screen,baseline,numeric,8,0,identity,1000000,20,8,2,0,0.013836,0.014076
screen,control,numeric,8,0,identity,1000000,20,8,2,0,0.013961,0.014436
screen,rowstore,numeric,8,0,identity,1000000,20,8,2,0,0.01206,0.016086
screen,storetile512,numeric,8,0,identity,1000000,20,8,2,0,0.012679,0.013331
screen,storetile4096,numeric,8,0,identity,1000000,20,8,2,0,0.01186,0.012695
screen,storetile32768,numeric,8,0,identity,1000000,20,8,2,0,0.012531,0.014506
screen,rowload,numeric,8,0,identity,1000000,20,8,2,0,0.019084,0.012448
screen,directsorted,numeric,8,0,identity,1000000,20,8,2,0,0.01223,0.012925
screen,cachedfixed,numeric,8,0,identity,1000000,20,8,2,0,0.012164,0.012031
screen,flatmalloc,numeric,8,0,identity,1000000,20,8,2,0,0.011813,0.012596
screen,loadtile512,numeric,8,0,identity,1000000,20,8,2,0,0.014642,0.013399
screen,loadtile4096,numeric,8,0,identity,1000000,20,8,2,0,0.016812,0.012177
screen,loadtile32768,numeric,8,0,identity,1000000,20,8,2,0,0.01357,0.012729
screen,loadtile32768,numeric,8,0,identity,1000000,20,8,3,0,0.016786,0.011624
screen,loadtile4096,numeric,8,0,identity,1000000,20,8,3,0,0.016727,0.012366
screen,loadtile512,numeric,8,0,identity,1000000,20,8,3,0,0.013868,0.011708
screen,flatmalloc,numeric,8,0,identity,1000000,20,8,3,0,0.011911,0.012732
screen,cachedfixed,numeric,8,0,identity,1000000,20,8,3,0,0.012085,0.012364
screen,directsorted,numeric,8,0,identity,1000000,20,8,3,0,0.013219,0.013828
screen,rowload,numeric,8,0,identity,1000000,20,8,3,0,0.02122,0.012623
screen,storetile32768,numeric,8,0,identity,1000000,20,8,3,0,0.014662,0.014157
screen,storetile4096,numeric,8,0,identity,1000000,20,8,3,0,0.012511,0.01239
screen,storetile512,numeric,8,0,identity,1000000,20,8,3,0,0.013394,0.012533
screen,rowstore,numeric,8,0,identity,1000000,20,8,3,0,0.012759,0.016019
screen,control,numeric,8,0,identity,1000000,20,8,3,0,0.012513,0.012964
screen,baseline,numeric,8,0,identity,1000000,20,8,3,0,0.013023,0.01233
screen,baseline,numeric,8,0,identity,1000000,20,8,4,1,0.014133,0.012553
screen,control,numeric,8,0,identity,1000000,20,8,4,1,0.01245,0.013654
screen,rowstore,numeric,8,0,identity,1000000,20,8,4,1,0.011971,0.016684
screen,storetile512,numeric,8,0,identity,1000000,20,8,4,1,0.012039,0.012103
screen,storetile4096,numeric,8,0,identity,1000000,20,8,4,1,0.014084,0.016657
screen,storetile32768,numeric,8,0,identity,1000000,20,8,4,1,0.010947,0.011295
screen,rowload,numeric,8,0,identity,1000000,20,8,4,1,0.019032,0.013458
screen,directsorted,numeric,8,0,identity,1000000,20,8,4,1,0.012155,0.01232
screen,cachedfixed,numeric,8,0,identity,1000000,20,8,4,1,0.011288,0.011571
screen,flatmalloc,numeric,8,0,identity,1000000,20,8,4,1,0.011404,0.011462
screen,loadtile512,numeric,8,0,identity,1000000,20,8,4,1,0.014939,0.012647
screen,loadtile4096,numeric,8,0,identity,1000000,20,8,4,1,0.013926,0.011716
screen,loadtile32768,numeric,8,0,identity,1000000,20,8,4,1,0.013112,0.011637
screen,baseline,numeric,8,0,sorted,1000000,20,8,0,0,0.012232,0.02505
screen,control,numeric,8,0,sorted,1000000,20,8,0,0,0.012816,0.023717
screen,rowstore,numeric,8,0,sorted,1000000,20,8,0,0,0.012174,0.027589
screen,storetile512,numeric,8,0,sorted,1000000,20,8,0,0,0.014162,0.027327
screen,storetile4096,numeric,8,0,sorted,1000000,20,8,0,0,0.015452,0.028595
screen,storetile32768,numeric,8,0,sorted,1000000,20,8,0,0,0.01508,0.0384
screen,rowload,numeric,8,0,sorted,1000000,20,8,0,0,0.024699,0.032046
screen,directsorted,numeric,8,0,sorted,1000000,20,8,0,0,0.016321,0.024334
screen,cachedfixed,numeric,8,0,sorted,1000000,20,8,0,0,0.015068,0.023478
screen,flatmalloc,numeric,8,0,sorted,1000000,20,8,0,0,0.014545,0.026527
screen,loadtile512,numeric,8,0,sorted,1000000,20,8,0,0,0.025956,0.029067
screen,loadtile4096,numeric,8,0,sorted,1000000,20,8,0,0,0.015815,0.028001
screen,loadtile32768,numeric,8,0,sorted,1000000,20,8,0,0,0.019165,0.028876
screen,loadtile32768,numeric,8,0,sorted,1000000,20,8,1,0,0.015113,0.02642
screen,loadtile4096,numeric,8,0,sorted,1000000,20,8,1,0,0.015682,0.023231
screen,loadtile512,numeric,8,0,sorted,1000000,20,8,1,0,0.014951,0.022825
screen,flatmalloc,numeric,8,0,sorted,1000000,20,8,1,0,0.011509,0.024789
screen,cachedfixed,numeric,8,0,sorted,1000000,20,8,1,0,0.011893,0.023488
screen,directsorted,numeric,8,0,sorted,1000000,20,8,1,0,0.011683,0.02306
screen,rowload,numeric,8,0,sorted,1000000,20,8,1,0,0.0205,0.023199
screen,storetile32768,numeric,8,0,sorted,1000000,20,8,1,0,0.014291,0.025507
screen,storetile4096,numeric,8,0,sorted,1000000,20,8,1,0,0.012261,0.026727
screen,storetile512,numeric,8,0,sorted,1000000,20,8,1,0,0.012195,0.024353
screen,rowstore,numeric,8,0,sorted,1000000,20,8,1,0,0.011411,0.02984
screen,control,numeric,8,0,sorted,1000000,20,8,1,0,0.011918,0.024474
screen,baseline,numeric,8,0,sorted,1000000,20,8,1,0,0.013376,0.024592
screen,baseline,numeric,8,0,sorted,1000000,20,8,2,0,0.012949,0.026727
screen,control,numeric,8,0,sorted,1000000,20,8,2,0,0.011978,0.026929
screen,rowstore,numeric,8,0,sorted,1000000,20,8,2,0,0.01332,0.028363
screen,storetile512,numeric,8,0,sorted,1000000,20,8,2,0,0.012289,0.024407
screen,storetile4096,numeric,8,0,sorted,1000000,20,8,2,0,0.011931,0.025952
screen,storetile32768,numeric,8,0,sorted,1000000,20,8,2,0,0.011753,0.026845
screen,rowload,numeric,8,0,sorted,1000000,20,8,2,0,0.019755,0.02345
screen,directsorted,numeric,8,0,sorted,1000000,20,8,2,0,0.013796,0.024634
screen,cachedfixed,numeric,8,0,sorted,1000000,20,8,2,0,0.012086,0.0254
screen,flatmalloc,numeric,8,0,sorted,1000000,20,8,2,0,0.012753,0.027316
screen,loadtile512,numeric,8,0,sorted,1000000,20,8,2,0,0.016382,0.024766
screen,loadtile4096,numeric,8,0,sorted,1000000,20,8,2,0,0.014593,0.027057
screen,loadtile32768,numeric,8,0,sorted,1000000,20,8,2,0,0.016075,0.026117
screen,loadtile32768,numeric,8,0,sorted,1000000,20,8,3,0,0.017448,0.029947
screen,loadtile4096,numeric,8,0,sorted,1000000,20,8,3,0,0.015746,0.023857
screen,loadtile512,numeric,8,0,sorted,1000000,20,8,3,0,0.015564,0.023512
screen,flatmalloc,numeric,8,0,sorted,1000000,20,8,3,0,0.011751,0.023225
screen,cachedfixed,numeric,8,0,sorted,1000000,20,8,3,0,0.012364,0.023568
screen,directsorted,numeric,8,0,sorted,1000000,20,8,3,0,0.014013,0.024772
screen,rowload,numeric,8,0,sorted,1000000,20,8,3,0,0.023735,0.024289
screen,storetile32768,numeric,8,0,sorted,1000000,20,8,3,0,0.012764,0.025854
screen,storetile4096,numeric,8,0,sorted,1000000,20,8,3,0,0.012165,0.032335
screen,storetile512,numeric,8,0,sorted,1000000,20,8,3,0,0.011795,0.024331
screen,rowstore,numeric,8,0,sorted,1000000,20,8,3,0,0.011755,0.030185
screen,control,numeric,8,0,sorted,1000000,20,8,3,0,0.012071,0.024373
screen,baseline,numeric,8,0,sorted,1000000,20,8,3,0,0.012486,0.02458
screen,baseline,numeric,8,0,sorted,1000000,20,8,4,1,0.012403,0.025301
screen,control,numeric,8,0,sorted,1000000,20,8,4,1,0.014042,0.023815
screen,rowstore,numeric,8,0,sorted,1000000,20,8,4,1,0.011996,0.026104
screen,storetile512,numeric,8,0,sorted,1000000,20,8,4,1,0.014914,0.023556
screen,storetile4096,numeric,8,0,sorted,1000000,20,8,4,1,0.01345,0.023857
screen,storetile32768,numeric,8,0,sorted,1000000,20,8,4,1,0.01342,0.027898
screen,rowload,numeric,8,0,sorted,1000000,20,8,4,1,0.018,0.023072
screen,directsorted,numeric,8,0,sorted,1000000,20,8,4,1,0.013941,0.025367
screen,cachedfixed,numeric,8,0,sorted,1000000,20,8,4,1,0.011543,0.023469
screen,flatmalloc,numeric,8,0,sorted,1000000,20,8,4,1,0.014117,0.024242
screen,loadtile512,numeric,8,0,sorted,1000000,20,8,4,1,0.014113,0.023139
screen,loadtile4096,numeric,8,0,sorted,1000000,20,8,4,1,0.016165,0.022275
screen,loadtile32768,numeric,8,0,sorted,1000000,20,8,4,1,0.013557,0.024498
screen,baseline,numeric,8,0,scattered,1000000,20,8,0,0,0.011919,0.012006
screen,control,numeric,8,0,scattered,1000000,20,8,0,0,0.012029,0.011381
screen,rowstore,numeric,8,0,scattered,1000000,20,8,0,0,0.012552,0.013863
screen,storetile512,numeric,8,0,scattered,1000000,20,8,0,0,0.014031,0.012588
screen,storetile4096,numeric,8,0,scattered,1000000,20,8,0,0,0.011153,0.010973
screen,storetile32768,numeric,8,0,scattered,1000000,20,8,0,0,0.01223,0.014553
screen,rowload,numeric,8,0,scattered,1000000,20,8,0,0,0.020065,0.01157
screen,directsorted,numeric,8,0,scattered,1000000,20,8,0,0,0.012717,0.012664
screen,cachedfixed,numeric,8,0,scattered,1000000,20,8,0,0,0.012507,0.01302
screen,flatmalloc,numeric,8,0,scattered,1000000,20,8,0,0,0.01161,0.011634
screen,loadtile512,numeric,8,0,scattered,1000000,20,8,0,0,0.014508,0.012423
screen,loadtile4096,numeric,8,0,scattered,1000000,20,8,0,0,0.014833,0.011839
screen,loadtile32768,numeric,8,0,scattered,1000000,20,8,0,0,0.015363,0.012746
screen,loadtile32768,numeric,8,0,scattered,1000000,20,8,1,0,0.013266,0.012424
screen,loadtile4096,numeric,8,0,scattered,1000000,20,8,1,0,0.013493,0.011914
screen,loadtile512,numeric,8,0,scattered,1000000,20,8,1,0,0.014059,0.012628
screen,flatmalloc,numeric,8,0,scattered,1000000,20,8,1,0,0.011822,0.012241
screen,cachedfixed,numeric,8,0,scattered,1000000,20,8,1,0,0.014596,0.013834
screen,directsorted,numeric,8,0,scattered,1000000,20,8,1,0,0.012187,0.012206
screen,rowload,numeric,8,0,scattered,1000000,20,8,1,0,0.019102,0.01185
screen,storetile32768,numeric,8,0,scattered,1000000,20,8,1,0,0.01288,0.013574
screen,storetile4096,numeric,8,0,scattered,1000000,20,8,1,0,0.011768,0.012607
screen,storetile512,numeric,8,0,scattered,1000000,20,8,1,0,0.011932,0.012667
screen,rowstore,numeric,8,0,scattered,1000000,20,8,1,0,0.013526,0.016655
screen,control,numeric,8,0,scattered,1000000,20,8,1,0,0.011817,0.012876
screen,baseline,numeric,8,0,scattered,1000000,20,8,1,0,0.011923,0.011884
screen,baseline,numeric,8,0,scattered,1000000,20,8,2,0,0.011838,0.012225
screen,control,numeric,8,0,scattered,1000000,20,8,2,0,0.012015,0.011911
screen,rowstore,numeric,8,0,scattered,1000000,20,8,2,0,0.011181,0.016447
screen,storetile512,numeric,8,0,scattered,1000000,20,8,2,0,0.012415,0.011268
screen,storetile4096,numeric,8,0,scattered,1000000,20,8,2,0,0.012061,0.012283
screen,storetile32768,numeric,8,0,scattered,1000000,20,8,2,0,0.011672,0.011928
screen,rowload,numeric,8,0,scattered,1000000,20,8,2,0,0.018511,0.012194
screen,directsorted,numeric,8,0,scattered,1000000,20,8,2,0,0.01391,0.012514
screen,cachedfixed,numeric,8,0,scattered,1000000,20,8,2,0,0.059093,0.011792
screen,flatmalloc,numeric,8,0,scattered,1000000,20,8,2,0,0.012596,0.01112
screen,loadtile512,numeric,8,0,scattered,1000000,20,8,2,0,0.015291,0.012141
screen,loadtile4096,numeric,8,0,scattered,1000000,20,8,2,0,0.016122,0.012851
screen,loadtile32768,numeric,8,0,scattered,1000000,20,8,2,0,0.015585,0.013269
screen,loadtile32768,numeric,8,0,scattered,1000000,20,8,3,0,0.016412,0.013148
screen,loadtile4096,numeric,8,0,scattered,1000000,20,8,3,0,0.017291,0.014668
screen,loadtile512,numeric,8,0,scattered,1000000,20,8,3,0,0.015557,0.013255
screen,flatmalloc,numeric,8,0,scattered,1000000,20,8,3,0,0.011983,0.012721
screen,cachedfixed,numeric,8,0,scattered,1000000,20,8,3,0,0.012431,0.011851
screen,directsorted,numeric,8,0,scattered,1000000,20,8,3,0,0.012263,0.012904
screen,rowload,numeric,8,0,scattered,1000000,20,8,3,0,0.018811,0.012066
screen,storetile32768,numeric,8,0,scattered,1000000,20,8,3,0,0.012946,0.013299
screen,storetile4096,numeric,8,0,scattered,1000000,20,8,3,0,0.013006,0.012638
screen,storetile512,numeric,8,0,scattered,1000000,20,8,3,0,0.012194,0.012913
screen,rowstore,numeric,8,0,scattered,1000000,20,8,3,0,0.012363,0.017268
screen,control,numeric,8,0,scattered,1000000,20,8,3,0,0.012452,0.01232
screen,baseline,numeric,8,0,scattered,1000000,20,8,3,0,0.01252,0.012309
screen,baseline,numeric,8,0,scattered,1000000,20,8,4,1,0.013216,0.011997
screen,control,numeric,8,0,scattered,1000000,20,8,4,1,0.012133,0.0114
screen,rowstore,numeric,8,0,scattered,1000000,20,8,4,1,0.011597,0.016043
screen,storetile512,numeric,8,0,scattered,1000000,20,8,4,1,0.011359,0.012286
screen,storetile4096,numeric,8,0,scattered,1000000,20,8,4,1,0.013501,0.01484
screen,storetile32768,numeric,8,0,scattered,1000000,20,8,4,1,0.014395,0.017906
screen,rowload,numeric,8,0,scattered,1000000,20,8,4,1,0.023154,0.011977
screen,directsorted,numeric,8,0,scattered,1000000,20,8,4,1,0.016043,0.011686
screen,cachedfixed,numeric,8,0,scattered,1000000,20,8,4,1,0.013261,0.01261
screen,flatmalloc,numeric,8,0,scattered,1000000,20,8,4,1,0.013966,0.011463
screen,loadtile512,numeric,8,0,scattered,1000000,20,8,4,1,0.015534,0.014371
screen,loadtile4096,numeric,8,0,scattered,1000000,20,8,4,1,0.014963,0.012586
screen,loadtile32768,numeric,8,0,scattered,1000000,20,8,4,1,0.017189,0.012042
screen,baseline,numeric,8,0,filtered,666667,20,8,0,0,0.039723,0.018198
screen,control,numeric,8,0,filtered,666667,20,8,0,0,0.025817,0.019661
screen,rowstore,numeric,8,0,filtered,666667,20,8,0,0,0.027702,0.022108
screen,storetile512,numeric,8,0,filtered,666667,20,8,0,0,0.027722,0.019453
screen,storetile4096,numeric,8,0,filtered,666667,20,8,0,0,0.025994,0.019221
screen,storetile32768,numeric,8,0,filtered,666667,20,8,0,0,0.027414,0.018972
screen,rowload,numeric,8,0,filtered,666667,20,8,0,0,0.031586,0.019937
screen,directsorted,numeric,8,0,filtered,666667,20,8,0,0,0.027029,0.022
screen,cachedfixed,numeric,8,0,filtered,666667,20,8,0,0,0.027346,0.021037
screen,flatmalloc,numeric,8,0,filtered,666667,20,8,0,0,0.026021,0.020407
screen,loadtile512,numeric,8,0,filtered,666667,20,8,0,0,0.027617,0.019042
screen,loadtile4096,numeric,8,0,filtered,666667,20,8,0,0,0.028836,0.019297
screen,loadtile32768,numeric,8,0,filtered,666667,20,8,0,0,0.030207,0.022718
screen,loadtile32768,numeric,8,0,filtered,666667,20,8,1,0,0.02855,0.022212
screen,loadtile4096,numeric,8,0,filtered,666667,20,8,1,0,0.029003,0.02062
screen,loadtile512,numeric,8,0,filtered,666667,20,8,1,0,0.03078,0.019947
screen,flatmalloc,numeric,8,0,filtered,666667,20,8,1,0,0.027442,0.023681
screen,cachedfixed,numeric,8,0,filtered,666667,20,8,1,0,0.030793,0.023056
screen,directsorted,numeric,8,0,filtered,666667,20,8,1,0,0.027843,0.021274
screen,rowload,numeric,8,0,filtered,666667,20,8,1,0,0.036329,0.01984
screen,storetile32768,numeric,8,0,filtered,666667,20,8,1,0,0.029156,0.020283
screen,storetile4096,numeric,8,0,filtered,666667,20,8,1,0,0.028427,0.020703
screen,storetile512,numeric,8,0,filtered,666667,20,8,1,0,0.029893,0.022528
screen,rowstore,numeric,8,0,filtered,666667,20,8,1,0,0.026284,0.019838
screen,control,numeric,8,0,filtered,666667,20,8,1,0,0.026739,0.018977
screen,baseline,numeric,8,0,filtered,666667,20,8,1,0,0.040062,0.018614
screen,baseline,numeric,8,0,filtered,666667,20,8,2,0,0.042574,0.01997
screen,control,numeric,8,0,filtered,666667,20,8,2,0,0.025772,0.01921
screen,rowstore,numeric,8,0,filtered,666667,20,8,2,0,0.029379,0.02474
screen,storetile512,numeric,8,0,filtered,666667,20,8,2,0,0.02863,0.01911
screen,storetile4096,numeric,8,0,filtered,666667,20,8,2,0,0.026513,0.020059
screen,storetile32768,numeric,8,0,filtered,666667,20,8,2,0,0.027477,0.020381
screen,rowload,numeric,8,0,filtered,666667,20,8,2,0,0.033806,0.019077
screen,directsorted,numeric,8,0,filtered,666667,20,8,2,0,0.027276,0.019087
screen,cachedfixed,numeric,8,0,filtered,666667,20,8,2,0,0.029154,0.019304
screen,flatmalloc,numeric,8,0,filtered,666667,20,8,2,0,0.026549,0.021594
screen,loadtile512,numeric,8,0,filtered,666667,20,8,2,0,0.02881,0.019135
screen,loadtile4096,numeric,8,0,filtered,666667,20,8,2,0,0.029027,0.018709
screen,loadtile32768,numeric,8,0,filtered,666667,20,8,2,0,0.028249,0.020749
screen,loadtile32768,numeric,8,0,filtered,666667,20,8,3,0,0.030745,0.020821
screen,loadtile4096,numeric,8,0,filtered,666667,20,8,3,0,0.03106,0.019738
screen,loadtile512,numeric,8,0,filtered,666667,20,8,3,0,0.0309,0.022553
screen,flatmalloc,numeric,8,0,filtered,666667,20,8,3,0,0.027444,0.019602
screen,cachedfixed,numeric,8,0,filtered,666667,20,8,3,0,0.026606,0.022094
screen,directsorted,numeric,8,0,filtered,666667,20,8,3,0,0.02707,0.020565
screen,rowload,numeric,8,0,filtered,666667,20,8,3,0,0.036079,0.021902
screen,storetile32768,numeric,8,0,filtered,666667,20,8,3,0,0.028991,0.020706
screen,storetile4096,numeric,8,0,filtered,666667,20,8,3,0,0.026927,0.020931
screen,storetile512,numeric,8,0,filtered,666667,20,8,3,0,0.025857,0.019928
screen,rowstore,numeric,8,0,filtered,666667,20,8,3,0,0.025435,0.023649
screen,control,numeric,8,0,filtered,666667,20,8,3,0,0.028783,0.018765
screen,baseline,numeric,8,0,filtered,666667,20,8,3,0,0.042992,0.018739
screen,baseline,numeric,8,0,filtered,666667,20,8,4,1,0.042127,0.019164
screen,control,numeric,8,0,filtered,666667,20,8,4,1,0.027849,0.033777
screen,rowstore,numeric,8,0,filtered,666667,20,8,4,1,0.028928,0.01968
screen,storetile512,numeric,8,0,filtered,666667,20,8,4,1,0.029255,0.019254
screen,storetile4096,numeric,8,0,filtered,666667,20,8,4,1,0.027693,0.022495
screen,storetile32768,numeric,8,0,filtered,666667,20,8,4,1,0.025755,0.019779
screen,rowload,numeric,8,0,filtered,666667,20,8,4,1,0.033921,0.019274
screen,directsorted,numeric,8,0,filtered,666667,20,8,4,1,0.02687,0.022245
screen,cachedfixed,numeric,8,0,filtered,666667,20,8,4,1,0.028234,0.020228
screen,flatmalloc,numeric,8,0,filtered,666667,20,8,4,1,0.025937,0.019924
screen,loadtile512,numeric,8,0,filtered,666667,20,8,4,1,0.029716,0.018324
screen,loadtile4096,numeric,8,0,filtered,666667,20,8,4,1,0.031288,0.018524
screen,loadtile32768,numeric,8,0,filtered,666667,20,8,4,1,0.030731,0.021436
screen,baseline,mixed,8,1,identity,1000000,20,8,0,0,0.030495,0.030185
screen,control,mixed,8,1,identity,1000000,20,8,0,0,0.02825,0.030105
screen,rowstore,mixed,8,1,identity,1000000,20,8,0,0,0.029565,0.035521
screen,storetile512,mixed,8,1,identity,1000000,20,8,0,0,0.028713,0.027647
screen,storetile4096,mixed,8,1,identity,1000000,20,8,0,0,0.029315,0.028162
screen,storetile32768,mixed,8,1,identity,1000000,20,8,0,0,0.032001,0.029861
screen,rowload,mixed,8,1,identity,1000000,20,8,0,0,0.044171,0.027163
screen,directsorted,mixed,8,1,identity,1000000,20,8,0,0,0.029294,0.029208
screen,cachedfixed,mixed,8,1,identity,1000000,20,8,0,0,0.027456,0.027668
screen,flatmalloc,mixed,8,1,identity,1000000,20,8,0,0,0.025927,0.027121
screen,loadtile512,mixed,8,1,identity,1000000,20,8,0,0,0.026291,0.029412
screen,loadtile4096,mixed,8,1,identity,1000000,20,8,0,0,0.027814,0.028577
screen,loadtile32768,mixed,8,1,identity,1000000,20,8,0,0,0.03079,0.030065
screen,loadtile32768,mixed,8,1,identity,1000000,20,8,1,0,0.028903,0.032488
screen,loadtile4096,mixed,8,1,identity,1000000,20,8,1,0,0.027187,0.030538
screen,loadtile512,mixed,8,1,identity,1000000,20,8,1,0,0.027944,0.03031
screen,flatmalloc,mixed,8,1,identity,1000000,20,8,1,0,0.026569,0.028666
screen,cachedfixed,mixed,8,1,identity,1000000,20,8,1,0,0.025098,0.027487
screen,directsorted,mixed,8,1,identity,1000000,20,8,1,0,0.029358,0.026298
screen,rowload,mixed,8,1,identity,1000000,20,8,1,0,0.034169,0.023098
screen,storetile32768,mixed,8,1,identity,1000000,20,8,1,0,0.026488,0.024086
screen,storetile4096,mixed,8,1,identity,1000000,20,8,1,0,0.027248,0.027098
screen,storetile512,mixed,8,1,identity,1000000,20,8,1,0,0.025977,0.025012
screen,rowstore,mixed,8,1,identity,1000000,20,8,1,0,0.029198,0.030539
screen,control,mixed,8,1,identity,1000000,20,8,1,0,0.030438,0.027188
screen,baseline,mixed,8,1,identity,1000000,20,8,1,0,0.030525,0.027477
screen,baseline,mixed,8,1,identity,1000000,20,8,2,0,0.030185,0.028387
screen,control,mixed,8,1,identity,1000000,20,8,2,0,0.027672,0.027906
screen,rowstore,mixed,8,1,identity,1000000,20,8,2,0,0.026697,0.02904
screen,storetile512,mixed,8,1,identity,1000000,20,8,2,0,0.040002,0.042633
screen,storetile4096,mixed,8,1,identity,1000000,20,8,2,0,0.031806,0.029935
screen,storetile32768,mixed,8,1,identity,1000000,20,8,2,0,0.026329,0.024236
screen,rowload,mixed,8,1,identity,1000000,20,8,2,0,0.038136,0.022808
screen,directsorted,mixed,8,1,identity,1000000,20,8,2,0,0.036137,0.039058
screen,cachedfixed,mixed,8,1,identity,1000000,20,8,2,0,0.033732,0.045481
screen,flatmalloc,mixed,8,1,identity,1000000,20,8,2,0,0.030371,0.047356
screen,loadtile512,mixed,8,1,identity,1000000,20,8,2,0,0.071749,0.029037
screen,loadtile4096,mixed,8,1,identity,1000000,20,8,2,0,0.029087,0.027318
screen,loadtile32768,mixed,8,1,identity,1000000,20,8,2,0,0.028974,0.030464
screen,loadtile32768,mixed,8,1,identity,1000000,20,8,3,0,0.024049,0.027331
screen,loadtile4096,mixed,8,1,identity,1000000,20,8,3,0,0.034879,0.030104
screen,loadtile512,mixed,8,1,identity,1000000,20,8,3,0,0.025833,0.028918
screen,flatmalloc,mixed,8,1,identity,1000000,20,8,3,0,0.027887,0.030102
screen,cachedfixed,mixed,8,1,identity,1000000,20,8,3,0,0.038886,0.036606
screen,directsorted,mixed,8,1,identity,1000000,20,8,3,0,0.029404,0.03294
screen,rowload,mixed,8,1,identity,1000000,20,8,3,0,0.036988,0.022045
screen,storetile32768,mixed,8,1,identity,1000000,20,8,3,0,0.025937,0.029348
screen,storetile4096,mixed,8,1,identity,1000000,20,8,3,0,0.027823,0.02402
screen,storetile512,mixed,8,1,identity,1000000,20,8,3,0,0.027068,0.025697
screen,rowstore,mixed,8,1,identity,1000000,20,8,3,0,0.026705,0.029171
screen,control,mixed,8,1,identity,1000000,20,8,3,0,0.025304,0.026202
screen,baseline,mixed,8,1,identity,1000000,20,8,3,0,0.029608,0.028358
screen,baseline,mixed,8,1,identity,1000000,20,8,4,1,0.030674,0.026283
screen,control,mixed,8,1,identity,1000000,20,8,4,1,0.037197,0.034327
screen,rowstore,mixed,8,1,identity,1000000,20,8,4,1,0.028759,0.033187
screen,storetile512,mixed,8,1,identity,1000000,20,8,4,1,0.028104,0.02447
screen,storetile4096,mixed,8,1,identity,1000000,20,8,4,1,0.031382,0.02718
screen,storetile32768,mixed,8,1,identity,1000000,20,8,4,1,0.032346,0.027484
screen,rowload,mixed,8,1,identity,1000000,20,8,4,1,0.071655,0.020789
screen,directsorted,mixed,8,1,identity,1000000,20,8,4,1,0.025466,0.024061
screen,cachedfixed,mixed,8,1,identity,1000000,20,8,4,1,0.024965,0.030468
screen,flatmalloc,mixed,8,1,identity,1000000,20,8,4,1,0.045798,0.041087
screen,loadtile512,mixed,8,1,identity,1000000,20,8,4,1,0.028461,0.039014
screen,loadtile4096,mixed,8,1,identity,1000000,20,8,4,1,0.03821,0.032931
screen,loadtile32768,mixed,8,1,identity,1000000,20,8,4,1,0.025107,0.028868
screen,baseline,mixed,8,1,sorted,1000000,20,8,0,0,0.031112,0.076451
screen,control,mixed,8,1,sorted,1000000,20,8,0,0,0.027995,0.071264
screen,rowstore,mixed,8,1,sorted,1000000,20,8,0,0,0.031497,0.068905
screen,storetile512,mixed,8,1,sorted,1000000,20,8,0,0,0.028799,0.054004
screen,storetile4096,mixed,8,1,sorted,1000000,20,8,0,0,0.027926,0.050013
screen,storetile32768,mixed,8,1,sorted,1000000,20,8,0,0,0.027158,0.063548
screen,rowload,mixed,8,1,sorted,1000000,20,8,0,0,0.031559,0.077381
screen,directsorted,mixed,8,1,sorted,1000000,20,8,0,0,0.028425,0.073665
screen,cachedfixed,mixed,8,1,sorted,1000000,20,8,0,0,0.024903,0.05982
screen,flatmalloc,mixed,8,1,sorted,1000000,20,8,0,0,0.027932,0.061107
screen,loadtile512,mixed,8,1,sorted,1000000,20,8,0,0,0.025864,0.062447
screen,loadtile4096,mixed,8,1,sorted,1000000,20,8,0,0,0.029525,0.06161
screen,loadtile32768,mixed,8,1,sorted,1000000,20,8,0,0,0.022992,0.060461
screen,loadtile32768,mixed,8,1,sorted,1000000,20,8,1,0,0.023818,0.060366
screen,loadtile4096,mixed,8,1,sorted,1000000,20,8,1,0,0.023095,0.064725
screen,loadtile512,mixed,8,1,sorted,1000000,20,8,1,0,0.032415,0.064028
screen,flatmalloc,mixed,8,1,sorted,1000000,20,8,1,0,0.026944,0.059985
screen,cachedfixed,mixed,8,1,sorted,1000000,20,8,1,0,0.023764,0.05802
screen,directsorted,mixed,8,1,sorted,1000000,20,8,1,0,0.024912,0.075525
screen,rowload,mixed,8,1,sorted,1000000,20,8,1,0,0.03217,0.080066
screen,storetile32768,mixed,8,1,sorted,1000000,20,8,1,0,0.026129,0.053323
screen,storetile4096,mixed,8,1,sorted,1000000,20,8,1,0,0.025483,0.049357
screen,storetile512,mixed,8,1,sorted,1000000,20,8,1,0,0.025085,0.053543
screen,rowstore,mixed,8,1,sorted,1000000,20,8,1,0,0.024147,0.060717
screen,control,mixed,8,1,sorted,1000000,20,8,1,0,0.025533,0.06183
screen,baseline,mixed,8,1,sorted,1000000,20,8,1,0,0.02801,0.064353
screen,baseline,mixed,8,1,sorted,1000000,20,8,2,0,0.02738,0.060522
screen,control,mixed,8,1,sorted,1000000,20,8,2,0,0.026466,0.059904
screen,rowstore,mixed,8,1,sorted,1000000,20,8,2,0,0.024159,0.06423
screen,storetile512,mixed,8,1,sorted,1000000,20,8,2,0,0.02688,0.06023
screen,storetile4096,mixed,8,1,sorted,1000000,20,8,2,0,0.025787,0.060401
screen,storetile32768,mixed,8,1,sorted,1000000,20,8,2,0,0.029333,0.094701
screen,rowload,mixed,8,1,sorted,1000000,20,8,2,0,0.068791,0.117048
screen,directsorted,mixed,8,1,sorted,1000000,20,8,2,0,0.052735,0.210902
screen,cachedfixed,mixed,8,1,sorted,1000000,20,8,2,0,0.0353,0.085437
screen,flatmalloc,mixed,8,1,sorted,1000000,20,8,2,0,0.032398,0.073593
screen,loadtile512,mixed,8,1,sorted,1000000,20,8,2,0,0.029941,0.066183
screen,loadtile4096,mixed,8,1,sorted,1000000,20,8,2,0,0.031392,0.062179
screen,loadtile32768,mixed,8,1,sorted,1000000,20,8,2,0,0.026113,0.062241
screen,loadtile32768,mixed,8,1,sorted,1000000,20,8,3,0,0.027216,0.062856
screen,loadtile4096,mixed,8,1,sorted,1000000,20,8,3,0,0.026137,0.069025
screen,loadtile512,mixed,8,1,sorted,1000000,20,8,3,0,0.027877,0.061269
screen,flatmalloc,mixed,8,1,sorted,1000000,20,8,3,0,0.024224,0.064232
screen,cachedfixed,mixed,8,1,sorted,1000000,20,8,3,0,0.028162,0.06646
screen,directsorted,mixed,8,1,sorted,1000000,20,8,3,0,0.032355,0.094399
screen,rowload,mixed,8,1,sorted,1000000,20,8,3,0,0.031413,0.075427
screen,storetile32768,mixed,8,1,sorted,1000000,20,8,3,0,0.025881,0.055783
screen,storetile4096,mixed,8,1,sorted,1000000,20,8,3,0,0.026121,0.054038
screen,storetile512,mixed,8,1,sorted,1000000,20,8,3,0,0.027359,0.052725
screen,rowstore,mixed,8,1,sorted,1000000,20,8,3,0,0.025707,0.044037
screen,control,mixed,8,1,sorted,1000000,20,8,3,0,0.025306,0.056035
screen,baseline,mixed,8,1,sorted,1000000,20,8,3,0,0.027629,0.055445
screen,baseline,mixed,8,1,sorted,1000000,20,8,4,1,0.027814,0.055936
screen,control,mixed,8,1,sorted,1000000,20,8,4,1,0.024466,0.054218
screen,rowstore,mixed,8,1,sorted,1000000,20,8,4,1,0.023063,0.056778
screen,storetile512,mixed,8,1,sorted,1000000,20,8,4,1,0.024492,0.069421
screen,storetile4096,mixed,8,1,sorted,1000000,20,8,4,1,0.025266,0.054175
screen,storetile32768,mixed,8,1,sorted,1000000,20,8,4,1,0.024691,0.055541
screen,rowload,mixed,8,1,sorted,1000000,20,8,4,1,0.032978,0.074421
screen,directsorted,mixed,8,1,sorted,1000000,20,8,4,1,0.043193,0.155321
screen,cachedfixed,mixed,8,1,sorted,1000000,20,8,4,1,0.038694,0.072284
screen,flatmalloc,mixed,8,1,sorted,1000000,20,8,4,1,0.028356,0.059842
screen,loadtile512,mixed,8,1,sorted,1000000,20,8,4,1,0.025704,0.067991
screen,loadtile4096,mixed,8,1,sorted,1000000,20,8,4,1,0.029543,0.062111
screen,loadtile32768,mixed,8,1,sorted,1000000,20,8,4,1,0.029735,0.067704
screen,baseline,mixed,8,1,scattered,1000000,20,8,0,0,0.028972,0.055732
screen,control,mixed,8,1,scattered,1000000,20,8,0,0,0.025993,0.040276
screen,rowstore,mixed,8,1,scattered,1000000,20,8,0,0,0.026647,0.039875
screen,storetile512,mixed,8,1,scattered,1000000,20,8,0,0,0.027279,0.032839
screen,storetile4096,mixed,8,1,scattered,1000000,20,8,0,0,0.027339,0.0369
screen,storetile32768,mixed,8,1,scattered,1000000,20,8,0,0,0.027764,0.039281
screen,rowload,mixed,8,1,scattered,1000000,20,8,0,0,0.036204,0.034613
screen,directsorted,mixed,8,1,scattered,1000000,20,8,0,0,0.027276,0.038642
screen,cachedfixed,mixed,8,1,scattered,1000000,20,8,0,0,0.026376,0.041177
screen,flatmalloc,mixed,8,1,scattered,1000000,20,8,0,0,0.025857,0.042432
screen,loadtile512,mixed,8,1,scattered,1000000,20,8,0,0,0.028131,0.041779
screen,loadtile4096,mixed,8,1,scattered,1000000,20,8,0,0,0.025285,0.043803
screen,loadtile32768,mixed,8,1,scattered,1000000,20,8,0,0,0.024704,0.041656
screen,loadtile32768,mixed,8,1,scattered,1000000,20,8,1,0,0.024885,0.041947
screen,loadtile4096,mixed,8,1,scattered,1000000,20,8,1,0,0.026849,0.043839
screen,loadtile512,mixed,8,1,scattered,1000000,20,8,1,0,0.026638,0.04244
screen,flatmalloc,mixed,8,1,scattered,1000000,20,8,1,0,0.030783,0.044105
screen,cachedfixed,mixed,8,1,scattered,1000000,20,8,1,0,0.02729,0.040415
screen,directsorted,mixed,8,1,scattered,1000000,20,8,1,0,0.024846,0.041815
screen,rowload,mixed,8,1,scattered,1000000,20,8,1,0,0.03387,0.04095
screen,storetile32768,mixed,8,1,scattered,1000000,20,8,1,0,0.029846,0.043237
screen,storetile4096,mixed,8,1,scattered,1000000,20,8,1,0,0.031196,0.043091
screen,storetile512,mixed,8,1,scattered,1000000,20,8,1,0,0.027972,0.038652
screen,rowstore,mixed,8,1,scattered,1000000,20,8,1,0,0.030693,0.043985
screen,control,mixed,8,1,scattered,1000000,20,8,1,0,0.027377,0.044375
screen,baseline,mixed,8,1,scattered,1000000,20,8,1,0,0.03318,0.060403
screen,baseline,mixed,8,1,scattered,1000000,20,8,2,0,0.032526,0.059735
screen,control,mixed,8,1,scattered,1000000,20,8,2,0,0.028431,0.042739
screen,rowstore,mixed,8,1,scattered,1000000,20,8,2,0,0.028184,0.041877
screen,storetile512,mixed,8,1,scattered,1000000,20,8,2,0,0.029289,0.061853
screen,storetile4096,mixed,8,1,scattered,1000000,20,8,2,0,0.037475,0.045663
screen,storetile32768,mixed,8,1,scattered,1000000,20,8,2,0,0.054174,0.057992
screen,rowload,mixed,8,1,scattered,1000000,20,8,2,0,0.045714,0.035751
screen,directsorted,mixed,8,1,scattered,1000000,20,8,2,0,0.032028,0.046035
screen,cachedfixed,mixed,8,1,scattered,1000000,20,8,2,0,0.027739,0.049267
screen,flatmalloc,mixed,8,1,scattered,1000000,20,8,2,0,0.029645,0.045352
screen,loadtile512,mixed,8,1,scattered,1000000,20,8,2,0,0.032062,0.044016
screen,loadtile4096,mixed,8,1,scattered,1000000,20,8,2,0,0.037996,0.051152
screen,loadtile32768,mixed,8,1,scattered,1000000,20,8,2,0,0.034472,0.058134
screen,loadtile32768,mixed,8,1,scattered,1000000,20,8,3,0,0.042126,0.049169
screen,loadtile4096,mixed,8,1,scattered,1000000,20,8,3,0,0.038383,0.047795
screen,loadtile512,mixed,8,1,scattered,1000000,20,8,3,0,0.03711,0.109295
screen,flatmalloc,mixed,8,1,scattered,1000000,20,8,3,0,0.064531,0.073621
screen,cachedfixed,mixed,8,1,scattered,1000000,20,8,3,0,0.051824,0.067297
screen,directsorted,mixed,8,1,scattered,1000000,20,8,3,0,0.03918,0.055007
screen,rowload,mixed,8,1,scattered,1000000,20,8,3,0,0.046643,0.058608
screen,storetile32768,mixed,8,1,scattered,1000000,20,8,3,0,0.036971,0.061545
screen,storetile4096,mixed,8,1,scattered,1000000,20,8,3,0,0.030785,0.037406
screen,storetile512,mixed,8,1,scattered,1000000,20,8,3,0,0.029504,0.037145
screen,rowstore,mixed,8,1,scattered,1000000,20,8,3,0,0.033574,0.042432
screen,control,mixed,8,1,scattered,1000000,20,8,3,0,0.032831,0.046553
screen,baseline,mixed,8,1,scattered,1000000,20,8,3,0,0.050222,0.065244
screen,baseline,mixed,8,1,scattered,1000000,20,8,4,1,0.040847,0.071641
screen,control,mixed,8,1,scattered,1000000,20,8,4,1,0.040935,0.058727
screen,rowstore,mixed,8,1,scattered,1000000,20,8,4,1,0.027116,0.042717
screen,storetile512,mixed,8,1,scattered,1000000,20,8,4,1,0.026736,0.034253
screen,storetile4096,mixed,8,1,scattered,1000000,20,8,4,1,0.026309,0.030504
screen,storetile32768,mixed,8,1,scattered,1000000,20,8,4,1,0.023484,0.03528
screen,rowload,mixed,8,1,scattered,1000000,20,8,4,1,0.02966,0.032915
screen,directsorted,mixed,8,1,scattered,1000000,20,8,4,1,0.026502,0.038762
screen,cachedfixed,mixed,8,1,scattered,1000000,20,8,4,1,0.022447,0.037944
screen,flatmalloc,mixed,8,1,scattered,1000000,20,8,4,1,0.022722,0.038844
screen,loadtile512,mixed,8,1,scattered,1000000,20,8,4,1,0.023647,0.039137
screen,loadtile4096,mixed,8,1,scattered,1000000,20,8,4,1,0.022426,0.039055
screen,loadtile32768,mixed,8,1,scattered,1000000,20,8,4,1,0.025686,0.03848
screen,baseline,mixed,8,1,filtered,666667,20,8,0,0,0.060456,0.070014
screen,control,mixed,8,1,filtered,666667,20,8,0,0,0.047757,0.070461
screen,rowstore,mixed,8,1,filtered,666667,20,8,0,0,0.043073,0.071368
screen,storetile512,mixed,8,1,filtered,666667,20,8,0,0,0.045547,0.070424
screen,storetile4096,mixed,8,1,filtered,666667,20,8,0,0,0.055959,0.074465
screen,storetile32768,mixed,8,1,filtered,666667,20,8,0,0,0.051102,0.072702
screen,rowload,mixed,8,1,filtered,666667,20,8,0,0,0.062864,0.071848
screen,directsorted,mixed,8,1,filtered,666667,20,8,0,0,0.051113,0.075498
screen,cachedfixed,mixed,8,1,filtered,666667,20,8,0,0,0.049386,0.074196
screen,flatmalloc,mixed,8,1,filtered,666667,20,8,0,0,0.04743,0.071841
screen,loadtile512,mixed,8,1,filtered,666667,20,8,0,0,0.038397,0.072237
screen,loadtile4096,mixed,8,1,filtered,666667,20,8,0,0,0.036934,0.070589
screen,loadtile32768,mixed,8,1,filtered,666667,20,8,0,0,0.04109,0.07129
screen,loadtile32768,mixed,8,1,filtered,666667,20,8,1,0,0.044379,0.070557
screen,loadtile4096,mixed,8,1,filtered,666667,20,8,1,0,0.039937,0.080586
screen,loadtile512,mixed,8,1,filtered,666667,20,8,1,0,0.040375,0.076431
screen,flatmalloc,mixed,8,1,filtered,666667,20,8,1,0,0.050854,0.074892
screen,cachedfixed,mixed,8,1,filtered,666667,20,8,1,0,0.043499,0.075319
screen,directsorted,mixed,8,1,filtered,666667,20,8,1,0,0.058244,0.080037
screen,rowload,mixed,8,1,filtered,666667,20,8,1,0,0.08761,0.074279
screen,storetile32768,mixed,8,1,filtered,666667,20,8,1,0,0.054456,0.07571
screen,storetile4096,mixed,8,1,filtered,666667,20,8,1,0,0.064594,0.090778
screen,storetile512,mixed,8,1,filtered,666667,20,8,1,0,0.07198,0.162272
screen,rowstore,mixed,8,1,filtered,666667,20,8,1,0,0.058145,0.082037
screen,control,mixed,8,1,filtered,666667,20,8,1,0,0.073352,0.072756
screen,baseline,mixed,8,1,filtered,666667,20,8,1,0,0.063484,0.075822
screen,baseline,mixed,8,1,filtered,666667,20,8,2,0,0.067506,0.076438
screen,control,mixed,8,1,filtered,666667,20,8,2,0,0.053414,0.073973
screen,rowstore,mixed,8,1,filtered,666667,20,8,2,0,0.050883,0.074195
screen,storetile512,mixed,8,1,filtered,666667,20,8,2,0,0.043707,0.070836
screen,storetile4096,mixed,8,1,filtered,666667,20,8,2,0,0.048915,0.071535
screen,storetile32768,mixed,8,1,filtered,666667,20,8,2,0,0.100261,0.101987
screen,rowload,mixed,8,1,filtered,666667,20,8,2,0,0.061704,0.069733
screen,directsorted,mixed,8,1,filtered,666667,20,8,2,0,0.050245,0.074052
screen,cachedfixed,mixed,8,1,filtered,666667,20,8,2,0,0.054408,0.074409
screen,flatmalloc,mixed,8,1,filtered,666667,20,8,2,0,0.042172,0.072272
screen,loadtile512,mixed,8,1,filtered,666667,20,8,2,0,0.04419,0.07401
screen,loadtile4096,mixed,8,1,filtered,666667,20,8,2,0,0.044704,0.075154
screen,loadtile32768,mixed,8,1,filtered,666667,20,8,2,0,0.055539,0.082459
screen,loadtile32768,mixed,8,1,filtered,666667,20,8,3,0,0.044009,0.072664
screen,loadtile4096,mixed,8,1,filtered,666667,20,8,3,0,0.036637,0.071283
screen,loadtile512,mixed,8,1,filtered,666667,20,8,3,0,0.039514,0.073773
screen,flatmalloc,mixed,8,1,filtered,666667,20,8,3,0,0.046904,0.073829
screen,cachedfixed,mixed,8,1,filtered,666667,20,8,3,0,0.044708,0.072676
screen,directsorted,mixed,8,1,filtered,666667,20,8,3,0,0.043385,0.070596
screen,rowload,mixed,8,1,filtered,666667,20,8,3,0,0.066022,0.075586
screen,storetile32768,mixed,8,1,filtered,666667,20,8,3,0,0.047225,0.071747
screen,storetile4096,mixed,8,1,filtered,666667,20,8,3,0,0.052115,0.076516
screen,storetile512,mixed,8,1,filtered,666667,20,8,3,0,0.059289,0.072677
screen,rowstore,mixed,8,1,filtered,666667,20,8,3,0,0.046701,0.077206
screen,control,mixed,8,1,filtered,666667,20,8,3,0,0.05037,0.072535
screen,baseline,mixed,8,1,filtered,666667,20,8,3,0,0.061747,0.072283
screen,baseline,mixed,8,1,filtered,666667,20,8,4,1,0.058712,0.073197
screen,control,mixed,8,1,filtered,666667,20,8,4,1,0.045315,0.072687
screen,rowstore,mixed,8,1,filtered,666667,20,8,4,1,0.041826,0.076633
screen,storetile512,mixed,8,1,filtered,666667,20,8,4,1,0.080198,0.073134
screen,storetile4096,mixed,8,1,filtered,666667,20,8,4,1,0.048084,0.106045
screen,storetile32768,mixed,8,1,filtered,666667,20,8,4,1,0.04646,0.12476
screen,rowload,mixed,8,1,filtered,666667,20,8,4,1,0.083679,0.077986
screen,directsorted,mixed,8,1,filtered,666667,20,8,4,1,0.081084,0.114033
screen,cachedfixed,mixed,8,1,filtered,666667,20,8,4,1,0.049914,0.068782
screen,flatmalloc,mixed,8,1,filtered,666667,20,8,4,1,0.040276,0.072958
screen,loadtile512,mixed,8,1,filtered,666667,20,8,4,1,0.033518,0.076098
screen,loadtile4096,mixed,8,1,filtered,666667,20,8,4,1,0.035314,0.069278
screen,loadtile32768,mixed,8,1,filtered,666667,20,8,4,1,0.042726,0.067744
screen,baseline,mixed,8,0,identity,1000000,20,8,0,0,0.078989,0.019216
screen,control,mixed,8,0,identity,1000000,20,8,0,0,0.024346,0.020462
screen,rowstore,mixed,8,0,identity,1000000,20,8,0,0,0.022801,0.022122
screen,storetile512,mixed,8,0,identity,1000000,20,8,0,0,0.028574,0.015469
screen,storetile4096,mixed,8,0,identity,1000000,20,8,0,0,0.028581,0.019139
screen,storetile32768,mixed,8,0,identity,1000000,20,8,0,0,0.02605,0.021437
screen,rowload,mixed,8,0,identity,1000000,20,8,0,0,0.032348,0.022305
screen,directsorted,mixed,8,0,identity,1000000,20,8,0,0,0.028002,0.022244
screen,cachedfixed,mixed,8,0,identity,1000000,20,8,0,0,0.02492,0.021905
screen,flatmalloc,mixed,8,0,identity,1000000,20,8,0,0,0.026978,0.022179
screen,loadtile512,mixed,8,0,identity,1000000,20,8,0,0,0.024533,0.019444
screen,loadtile4096,mixed,8,0,identity,1000000,20,8,0,0,0.023861,0.019756
screen,loadtile32768,mixed,8,0,identity,1000000,20,8,0,0,0.02486,0.019041
screen,loadtile32768,mixed,8,0,identity,1000000,20,8,1,0,0.024136,0.021211
screen,loadtile4096,mixed,8,0,identity,1000000,20,8,1,0,0.025443,0.020567
screen,loadtile512,mixed,8,0,identity,1000000,20,8,1,0,0.027037,0.021393
screen,flatmalloc,mixed,8,0,identity,1000000,20,8,1,0,0.028415,0.020674
screen,cachedfixed,mixed,8,0,identity,1000000,20,8,1,0,0.026518,0.021302
screen,directsorted,mixed,8,0,identity,1000000,20,8,1,0,0.029611,0.023848
screen,rowload,mixed,8,0,identity,1000000,20,8,1,0,0.032132,0.022231
screen,storetile32768,mixed,8,0,identity,1000000,20,8,1,0,0.029741,0.019519
screen,storetile4096,mixed,8,0,identity,1000000,20,8,1,0,0.025537,0.017735
screen,storetile512,mixed,8,0,identity,1000000,20,8,1,0,0.028741,0.017304
screen,rowstore,mixed,8,0,identity,1000000,20,8,1,0,0.025685,0.020236
screen,control,mixed,8,0,identity,1000000,20,8,1,0,0.030276,0.021011
screen,baseline,mixed,8,0,identity,1000000,20,8,1,0,0.089883,0.019714
screen,baseline,mixed,8,0,identity,1000000,20,8,2,0,0.078245,0.019945
screen,control,mixed,8,0,identity,1000000,20,8,2,0,0.023181,0.018977
screen,rowstore,mixed,8,0,identity,1000000,20,8,2,0,0.024916,0.019101
screen,storetile512,mixed,8,0,identity,1000000,20,8,2,0,0.025668,0.016361
screen,storetile4096,mixed,8,0,identity,1000000,20,8,2,0,0.026579,0.015311
screen,storetile32768,mixed,8,0,identity,1000000,20,8,2,0,0.03213,0.021208
screen,rowload,mixed,8,0,identity,1000000,20,8,2,0,0.029319,0.020969
screen,directsorted,mixed,8,0,identity,1000000,20,8,2,0,0.027475,0.020615
screen,cachedfixed,mixed,8,0,identity,1000000,20,8,2,0,0.022244,0.018973
screen,flatmalloc,mixed,8,0,identity,1000000,20,8,2,0,0.025429,0.020147
screen,loadtile512,mixed,8,0,identity,1000000,20,8,2,0,0.025952,0.019496
screen,loadtile4096,mixed,8,0,identity,1000000,20,8,2,0,0.024596,0.022735
screen,loadtile32768,mixed,8,0,identity,1000000,20,8,2,0,0.026208,0.021579
screen,loadtile32768,mixed,8,0,identity,1000000,20,8,3,0,0.025353,0.023528
screen,loadtile4096,mixed,8,0,identity,1000000,20,8,3,0,0.028312,0.020004
screen,loadtile512,mixed,8,0,identity,1000000,20,8,3,0,0.024018,0.02043
screen,flatmalloc,mixed,8,0,identity,1000000,20,8,3,0,0.025796,0.019502
screen,cachedfixed,mixed,8,0,identity,1000000,20,8,3,0,0.02462,0.019936
screen,directsorted,mixed,8,0,identity,1000000,20,8,3,0,0.028688,0.02175
screen,rowload,mixed,8,0,identity,1000000,20,8,3,0,0.023385,0.021593
screen,storetile32768,mixed,8,0,identity,1000000,20,8,3,0,0.025553,0.015931
screen,storetile4096,mixed,8,0,identity,1000000,20,8,3,0,0.027036,0.014473
screen,storetile512,mixed,8,0,identity,1000000,20,8,3,0,0.030915,0.018556
screen,rowstore,mixed,8,0,identity,1000000,20,8,3,0,0.025806,0.022073
screen,control,mixed,8,0,identity,1000000,20,8,3,0,0.025854,0.021044
screen,baseline,mixed,8,0,identity,1000000,20,8,3,0,0.054255,0.019527
screen,baseline,mixed,8,0,identity,1000000,20,8,4,1,0.031702,0.02036
screen,control,mixed,8,0,identity,1000000,20,8,4,1,0.023519,0.019261
screen,rowstore,mixed,8,0,identity,1000000,20,8,4,1,0.026042,0.021684
screen,storetile512,mixed,8,0,identity,1000000,20,8,4,1,0.02671,0.017933
screen,storetile4096,mixed,8,0,identity,1000000,20,8,4,1,0.02783,0.020251
screen,storetile32768,mixed,8,0,identity,1000000,20,8,4,1,0.044977,0.079271
screen,rowload,mixed,8,0,identity,1000000,20,8,4,1,0.028909,0.020492
screen,directsorted,mixed,8,0,identity,1000000,20,8,4,1,0.029144,0.02234
screen,cachedfixed,mixed,8,0,identity,1000000,20,8,4,1,0.026851,0.019249
screen,flatmalloc,mixed,8,0,identity,1000000,20,8,4,1,0.025306,0.048023
screen,loadtile512,mixed,8,0,identity,1000000,20,8,4,1,0.024671,0.019956
screen,loadtile4096,mixed,8,0,identity,1000000,20,8,4,1,0.025825,0.020703
screen,loadtile32768,mixed,8,0,identity,1000000,20,8,4,1,0.024079,0.020244
screen,baseline,mixed,8,0,sorted,1000000,20,8,0,0,0.071582,0.067718
screen,control,mixed,8,0,sorted,1000000,20,8,0,0,0.025993,0.065292
screen,rowstore,mixed,8,0,sorted,1000000,20,8,0,0,0.023899,0.043607
screen,storetile512,mixed,8,0,sorted,1000000,20,8,0,0,0.026007,0.063028
screen,storetile4096,mixed,8,0,sorted,1000000,20,8,0,0,0.026378,0.054174
screen,storetile32768,mixed,8,0,sorted,1000000,20,8,0,0,0.028246,0.064879
screen,rowload,mixed,8,0,sorted,1000000,20,8,0,0,0.028742,0.06491
screen,directsorted,mixed,8,0,sorted,1000000,20,8,0,0,0.030566,0.060385
screen,cachedfixed,mixed,8,0,sorted,1000000,20,8,0,0,0.022429,0.069693
screen,flatmalloc,mixed,8,0,sorted,1000000,20,8,0,0,0.027767,0.06306
screen,loadtile512,mixed,8,0,sorted,1000000,20,8,0,0,0.023086,0.063603
screen,loadtile4096,mixed,8,0,sorted,1000000,20,8,0,0,0.023081,0.065074
screen,loadtile32768,mixed,8,0,sorted,1000000,20,8,0,0,0.025132,0.068136
screen,loadtile32768,mixed,8,0,sorted,1000000,20,8,1,0,0.026393,0.067002
screen,loadtile4096,mixed,8,0,sorted,1000000,20,8,1,0,0.022858,0.061466
screen,loadtile512,mixed,8,0,sorted,1000000,20,8,1,0,0.023413,0.065645
screen,flatmalloc,mixed,8,0,sorted,1000000,20,8,1,0,0.023405,0.06944
screen,cachedfixed,mixed,8,0,sorted,1000000,20,8,1,0,0.022746,0.065515
screen,directsorted,mixed,8,0,sorted,1000000,20,8,1,0,0.029403,0.07492
screen,rowload,mixed,8,0,sorted,1000000,20,8,1,0,0.035652,0.076296
screen,storetile32768,mixed,8,0,sorted,1000000,20,8,1,0,0.044621,0.073147
screen,storetile4096,mixed,8,0,sorted,1000000,20,8,1,0,0.030687,0.063387
screen,storetile512,mixed,8,0,sorted,1000000,20,8,1,0,0.028485,0.064743
screen,rowstore,mixed,8,0,sorted,1000000,20,8,1,0,0.029811,0.05784
screen,control,mixed,8,0,sorted,1000000,20,8,1,0,0.02775,0.063524
screen,baseline,mixed,8,0,sorted,1000000,20,8,1,0,0.087676,0.067426
screen,baseline,mixed,8,0,sorted,1000000,20,8,2,0,0.094832,0.065219
screen,control,mixed,8,0,sorted,1000000,20,8,2,0,0.025559,0.07382
screen,rowstore,mixed,8,0,sorted,1000000,20,8,2,0,0.02879,0.061573
screen,storetile512,mixed,8,0,sorted,1000000,20,8,2,0,0.026133,0.078452
screen,storetile4096,mixed,8,0,sorted,1000000,20,8,2,0,0.02623,0.07548
screen,storetile32768,mixed,8,0,sorted,1000000,20,8,2,0,0.028401,0.064669
screen,rowload,mixed,8,0,sorted,1000000,20,8,2,0,0.03112,0.073501
screen,directsorted,mixed,8,0,sorted,1000000,20,8,2,0,0.023615,0.069507
screen,cachedfixed,mixed,8,0,sorted,1000000,20,8,2,0,0.023223,0.067074
screen,flatmalloc,mixed,8,0,sorted,1000000,20,8,2,0,0.025446,0.069848
screen,loadtile512,mixed,8,0,sorted,1000000,20,8,2,0,0.02879,0.082189
screen,loadtile4096,mixed,8,0,sorted,1000000,20,8,2,0,0.025456,0.074775
screen,loadtile32768,mixed,8,0,sorted,1000000,20,8,2,0,0.024239,0.079418
screen,loadtile32768,mixed,8,0,sorted,1000000,20,8,3,0,0.025991,0.073197
screen,loadtile4096,mixed,8,0,sorted,1000000,20,8,3,0,0.027001,0.077686
screen,loadtile512,mixed,8,0,sorted,1000000,20,8,3,0,0.026634,0.067949
screen,flatmalloc,mixed,8,0,sorted,1000000,20,8,3,0,0.028732,0.067102
screen,cachedfixed,mixed,8,0,sorted,1000000,20,8,3,0,0.023806,0.073116
screen,directsorted,mixed,8,0,sorted,1000000,20,8,3,0,0.027926,0.074332
screen,rowload,mixed,8,0,sorted,1000000,20,8,3,0,0.033383,0.075854
screen,storetile32768,mixed,8,0,sorted,1000000,20,8,3,0,0.029576,0.073462
screen,storetile4096,mixed,8,0,sorted,1000000,20,8,3,0,0.032248,0.078294
screen,storetile512,mixed,8,0,sorted,1000000,20,8,3,0,0.032222,0.08355
screen,rowstore,mixed,8,0,sorted,1000000,20,8,3,0,0.026473,0.075371
screen,control,mixed,8,0,sorted,1000000,20,8,3,0,0.029027,0.074207
screen,baseline,mixed,8,0,sorted,1000000,20,8,3,0,0.031116,0.075776
screen,baseline,mixed,8,0,sorted,1000000,20,8,4,1,0.031555,0.066323
screen,control,mixed,8,0,sorted,1000000,20,8,4,1,0.028851,0.0723
screen,rowstore,mixed,8,0,sorted,1000000,20,8,4,1,0.026686,0.050056
screen,storetile512,mixed,8,0,sorted,1000000,20,8,4,1,0.041362,0.072828
screen,storetile4096,mixed,8,0,sorted,1000000,20,8,4,1,0.025984,0.06197
screen,storetile32768,mixed,8,0,sorted,1000000,20,8,4,1,0.026356,0.062839
screen,rowload,mixed,8,0,sorted,1000000,20,8,4,1,0.031572,0.066539
screen,directsorted,mixed,8,0,sorted,1000000,20,8,4,1,0.024233,0.065917
screen,cachedfixed,mixed,8,0,sorted,1000000,20,8,4,1,0.029274,0.074328
screen,flatmalloc,mixed,8,0,sorted,1000000,20,8,4,1,0.024433,0.075942
screen,loadtile512,mixed,8,0,sorted,1000000,20,8,4,1,0.026072,0.08739
screen,loadtile4096,mixed,8,0,sorted,1000000,20,8,4,1,0.025533,0.074564
screen,loadtile32768,mixed,8,0,sorted,1000000,20,8,4,1,0.02484,0.072989
screen,baseline,mixed,8,0,scattered,1000000,20,8,0,0,0.035564,0.032198
screen,control,mixed,8,0,scattered,1000000,20,8,0,0,0.030058,0.030739
screen,rowstore,mixed,8,0,scattered,1000000,20,8,0,0,0.029795,0.034083
screen,storetile512,mixed,8,0,scattered,1000000,20,8,0,0,0.027484,0.029392
screen,storetile4096,mixed,8,0,scattered,1000000,20,8,0,0,0.025779,0.027646
screen,storetile32768,mixed,8,0,scattered,1000000,20,8,0,0,0.029632,0.027194
screen,rowload,mixed,8,0,scattered,1000000,20,8,0,0,0.032301,0.031915
screen,directsorted,mixed,8,0,scattered,1000000,20,8,0,0,0.026931,0.032135
screen,cachedfixed,mixed,8,0,scattered,1000000,20,8,0,0,0.023412,0.032842
screen,flatmalloc,mixed,8,0,scattered,1000000,20,8,0,0,0.026622,0.033126
screen,loadtile512,mixed,8,0,scattered,1000000,20,8,0,0,0.02595,0.030651
screen,loadtile4096,mixed,8,0,scattered,1000000,20,8,0,0,0.027591,0.031724
screen,loadtile32768,mixed,8,0,scattered,1000000,20,8,0,0,0.025674,0.03476
screen,loadtile32768,mixed,8,0,scattered,1000000,20,8,1,0,0.025151,0.035066
screen,loadtile4096,mixed,8,0,scattered,1000000,20,8,1,0,0.02576,0.03772
screen,loadtile512,mixed,8,0,scattered,1000000,20,8,1,0,0.02607,0.034194
screen,flatmalloc,mixed,8,0,scattered,1000000,20,8,1,0,0.026022,0.031936
screen,cachedfixed,mixed,8,0,scattered,1000000,20,8,1,0,0.023728,0.03345
screen,directsorted,mixed,8,0,scattered,1000000,20,8,1,0,0.025065,0.033819
screen,rowload,mixed,8,0,scattered,1000000,20,8,1,0,0.029668,0.031767
screen,storetile32768,mixed,8,0,scattered,1000000,20,8,1,0,0.024039,0.027066
screen,storetile4096,mixed,8,0,scattered,1000000,20,8,1,0,0.027661,0.025565
screen,storetile512,mixed,8,0,scattered,1000000,20,8,1,0,0.02695,0.028937
screen,rowstore,mixed,8,0,scattered,1000000,20,8,1,0,0.025148,0.031813
screen,control,mixed,8,0,scattered,1000000,20,8,1,0,0.02816,0.032297
screen,baseline,mixed,8,0,scattered,1000000,20,8,1,0,0.073669,0.031173
screen,baseline,mixed,8,0,scattered,1000000,20,8,2,0,0.047563,0.030787
screen,control,mixed,8,0,scattered,1000000,20,8,2,0,0.03161,0.032953
screen,rowstore,mixed,8,0,scattered,1000000,20,8,2,0,0.026334,0.034245
screen,storetile512,mixed,8,0,scattered,1000000,20,8,2,0,0.026195,0.026413
screen,storetile4096,mixed,8,0,scattered,1000000,20,8,2,0,0.025957,0.024449
screen,storetile32768,mixed,8,0,scattered,1000000,20,8,2,0,0.029379,0.027036
screen,rowload,mixed,8,0,scattered,1000000,20,8,2,0,0.031696,0.031878
screen,directsorted,mixed,8,0,scattered,1000000,20,8,2,0,0.02555,0.032105
screen,cachedfixed,mixed,8,0,scattered,1000000,20,8,2,0,0.025017,0.0328
screen,flatmalloc,mixed,8,0,scattered,1000000,20,8,2,0,0.027995,0.032022
screen,loadtile512,mixed,8,0,scattered,1000000,20,8,2,0,0.027492,0.03265
screen,loadtile4096,mixed,8,0,scattered,1000000,20,8,2,0,0.028627,0.030113
screen,loadtile32768,mixed,8,0,scattered,1000000,20,8,2,0,0.026508,0.030819
screen,loadtile32768,mixed,8,0,scattered,1000000,20,8,3,0,0.026528,0.034479
screen,loadtile4096,mixed,8,0,scattered,1000000,20,8,3,0,0.024974,0.036941
screen,loadtile512,mixed,8,0,scattered,1000000,20,8,3,0,0.025215,0.036605
screen,flatmalloc,mixed,8,0,scattered,1000000,20,8,3,0,0.028476,0.033437
screen,cachedfixed,mixed,8,0,scattered,1000000,20,8,3,0,0.024977,0.033103
screen,directsorted,mixed,8,0,scattered,1000000,20,8,3,0,0.026817,0.03319
screen,rowload,mixed,8,0,scattered,1000000,20,8,3,0,0.033668,0.032674
screen,storetile32768,mixed,8,0,scattered,1000000,20,8,3,0,0.029275,0.028965
screen,storetile4096,mixed,8,0,scattered,1000000,20,8,3,0,0.026587,0.024503
screen,storetile512,mixed,8,0,scattered,1000000,20,8,3,0,0.027898,0.027104
screen,rowstore,mixed,8,0,scattered,1000000,20,8,3,0,0.03263,0.033554
screen,control,mixed,8,0,scattered,1000000,20,8,3,0,0.029226,0.033305
screen,baseline,mixed,8,0,scattered,1000000,20,8,3,0,0.064311,0.031962
screen,baseline,mixed,8,0,scattered,1000000,20,8,4,1,0.053588,0.0332
screen,control,mixed,8,0,scattered,1000000,20,8,4,1,0.030065,0.033441
screen,rowstore,mixed,8,0,scattered,1000000,20,8,4,1,0.025849,0.030926
screen,storetile512,mixed,8,0,scattered,1000000,20,8,4,1,0.027077,0.035755
screen,storetile4096,mixed,8,0,scattered,1000000,20,8,4,1,0.031106,0.026775
screen,storetile32768,mixed,8,0,scattered,1000000,20,8,4,1,0.026682,0.031237
screen,rowload,mixed,8,0,scattered,1000000,20,8,4,1,0.033953,0.033677
screen,directsorted,mixed,8,0,scattered,1000000,20,8,4,1,0.03135,0.028631
screen,cachedfixed,mixed,8,0,scattered,1000000,20,8,4,1,0.021978,0.030624
screen,flatmalloc,mixed,8,0,scattered,1000000,20,8,4,1,0.023156,0.028907
screen,loadtile512,mixed,8,0,scattered,1000000,20,8,4,1,0.022966,0.029277
screen,loadtile4096,mixed,8,0,scattered,1000000,20,8,4,1,0.023042,0.030779
screen,loadtile32768,mixed,8,0,scattered,1000000,20,8,4,1,0.025017,0.033582
screen,baseline,mixed,8,0,filtered,666667,20,8,0,0,0.061526,0.070509
screen,control,mixed,8,0,filtered,666667,20,8,0,0,0.049158,0.069854
screen,rowstore,mixed,8,0,filtered,666667,20,8,0,0,0.049097,0.071704
screen,storetile512,mixed,8,0,filtered,666667,20,8,0,0,0.049051,0.071773
screen,storetile4096,mixed,8,0,filtered,666667,20,8,0,0,0.046367,0.070026
screen,storetile32768,mixed,8,0,filtered,666667,20,8,0,0,0.049912,0.069638
screen,rowload,mixed,8,0,filtered,666667,20,8,0,0,0.069341,0.07182
screen,directsorted,mixed,8,0,filtered,666667,20,8,0,0,0.042638,0.071844
screen,cachedfixed,mixed,8,0,filtered,666667,20,8,0,0,0.045764,0.072437
screen,flatmalloc,mixed,8,0,filtered,666667,20,8,0,0,0.048603,0.072697
screen,loadtile512,mixed,8,0,filtered,666667,20,8,0,0,0.048649,0.071158
screen,loadtile4096,mixed,8,0,filtered,666667,20,8,0,0,0.044643,0.071064
screen,loadtile32768,mixed,8,0,filtered,666667,20,8,0,0,0.059329,0.071626
screen,loadtile32768,mixed,8,0,filtered,666667,20,8,1,0,0.04818,0.072408
screen,loadtile4096,mixed,8,0,filtered,666667,20,8,1,0,0.041603,0.071407
screen,loadtile512,mixed,8,0,filtered,666667,20,8,1,0,0.041008,0.071744
screen,flatmalloc,mixed,8,0,filtered,666667,20,8,1,0,0.041377,0.071442
screen,cachedfixed,mixed,8,0,filtered,666667,20,8,1,0,0.040401,0.070333
screen,directsorted,mixed,8,0,filtered,666667,20,8,1,0,0.040724,0.070512
screen,rowload,mixed,8,0,filtered,666667,20,8,1,0,0.050582,0.070026
screen,storetile32768,mixed,8,0,filtered,666667,20,8,1,0,0.039888,0.06768
screen,storetile4096,mixed,8,0,filtered,666667,20,8,1,0,0.039753,0.067585
screen,storetile512,mixed,8,0,filtered,666667,20,8,1,0,0.041549,0.157773
screen,rowstore,mixed,8,0,filtered,666667,20,8,1,0,0.048168,0.07288
screen,control,mixed,8,0,filtered,666667,20,8,1,0,0.044982,0.071287
screen,baseline,mixed,8,0,filtered,666667,20,8,1,0,0.097391,0.071064
screen,baseline,mixed,8,0,filtered,666667,20,8,2,0,0.083935,0.070382
screen,control,mixed,8,0,filtered,666667,20,8,2,0,0.040582,0.068386
screen,rowstore,mixed,8,0,filtered,666667,20,8,2,0,0.041377,0.068647
screen,storetile512,mixed,8,0,filtered,666667,20,8,2,0,0.041481,0.069316
screen,storetile4096,mixed,8,0,filtered,666667,20,8,2,0,0.040862,0.101643
screen,storetile32768,mixed,8,0,filtered,666667,20,8,2,0,0.08177,0.069479
screen,rowload,mixed,8,0,filtered,666667,20,8,2,0,0.046898,0.067925
screen,directsorted,mixed,8,0,filtered,666667,20,8,2,0,0.040598,0.067901
screen,cachedfixed,mixed,8,0,filtered,666667,20,8,2,0,0.039744,0.06825
screen,flatmalloc,mixed,8,0,filtered,666667,20,8,2,0,0.040888,0.068346
screen,loadtile512,mixed,8,0,filtered,666667,20,8,2,0,0.040324,0.068225
screen,loadtile4096,mixed,8,0,filtered,666667,20,8,2,0,0.040532,0.069264
screen,loadtile32768,mixed,8,0,filtered,666667,20,8,2,0,0.046237,0.06984
screen,loadtile32768,mixed,8,0,filtered,666667,20,8,3,0,0.045757,0.068899
screen,loadtile4096,mixed,8,0,filtered,666667,20,8,3,0,0.041026,0.069768
screen,loadtile512,mixed,8,0,filtered,666667,20,8,3,0,0.041509,0.068678
screen,flatmalloc,mixed,8,0,filtered,666667,20,8,3,0,0.04147,0.067382
screen,cachedfixed,mixed,8,0,filtered,666667,20,8,3,0,0.039861,0.067497
screen,directsorted,mixed,8,0,filtered,666667,20,8,3,0,0.039982,0.067626
screen,rowload,mixed,8,0,filtered,666667,20,8,3,0,0.045473,0.067918
screen,storetile32768,mixed,8,0,filtered,666667,20,8,3,0,0.040333,0.067937
screen,storetile4096,mixed,8,0,filtered,666667,20,8,3,0,0.040307,0.067546
screen,storetile512,mixed,8,0,filtered,666667,20,8,3,0,0.04254,0.067693
screen,rowstore,mixed,8,0,filtered,666667,20,8,3,0,0.045485,0.07058
screen,control,mixed,8,0,filtered,666667,20,8,3,0,0.039624,0.067496
screen,baseline,mixed,8,0,filtered,666667,20,8,3,0,0.058746,0.06879
screen,baseline,mixed,8,0,filtered,666667,20,8,4,1,0.081926,0.068145
screen,control,mixed,8,0,filtered,666667,20,8,4,1,0.042892,0.067587
screen,rowstore,mixed,8,0,filtered,666667,20,8,4,1,0.0403,0.07187
screen,storetile512,mixed,8,0,filtered,666667,20,8,4,1,0.040408,0.068198
screen,storetile4096,mixed,8,0,filtered,666667,20,8,4,1,0.046117,0.069288
screen,storetile32768,mixed,8,0,filtered,666667,20,8,4,1,0.040386,0.067618
screen,rowload,mixed,8,0,filtered,666667,20,8,4,1,0.048062,0.068122
screen,directsorted,mixed,8,0,filtered,666667,20,8,4,1,0.04044,0.068178
screen,cachedfixed,mixed,8,0,filtered,666667,20,8,4,1,0.039829,0.067428
screen,flatmalloc,mixed,8,0,filtered,666667,20,8,4,1,0.043695,0.069435
screen,loadtile512,mixed,8,0,filtered,666667,20,8,4,1,0.045019,0.067751
screen,loadtile4096,mixed,8,0,filtered,666667,20,8,4,1,0.04032,0.068622
screen,loadtile32768,mixed,8,0,filtered,666667,20,8,4,1,0.046228,0.067279
screen,baseline,mixed,32,1,identity,1000000,20,8,0,0,0.103446,0.062617
screen,control,mixed,32,1,identity,1000000,20,8,0,0,0.070693,0.050018
screen,rowstore,mixed,32,1,identity,1000000,20,8,0,0,0.05909,0.056908
screen,storetile512,mixed,32,1,identity,1000000,20,8,0,0,0.074486,0.027183
screen,storetile4096,mixed,32,1,identity,1000000,20,8,0,0,0.0551,0.025935
screen,storetile32768,mixed,32,1,identity,1000000,20,8,0,0,0.065865,0.034835
screen,rowload,mixed,32,1,identity,1000000,20,8,0,0,0.099895,0.054081
screen,directsorted,mixed,32,1,identity,1000000,20,8,0,0,0.076816,0.053813
screen,cachedfixed,mixed,32,1,identity,1000000,20,8,0,0,0.071774,0.052328
screen,flatmalloc,mixed,32,1,identity,1000000,20,8,0,0,0.074113,0.059021
screen,loadtile512,mixed,32,1,identity,1000000,20,8,0,0,0.032657,0.058872
screen,loadtile4096,mixed,32,1,identity,1000000,20,8,0,0,0.035496,0.056784
screen,loadtile32768,mixed,32,1,identity,1000000,20,8,0,0,0.088252,0.057908
screen,loadtile32768,mixed,32,1,identity,1000000,20,8,1,0,0.085187,0.057404
screen,loadtile4096,mixed,32,1,identity,1000000,20,8,1,0,0.036039,0.057818
screen,loadtile512,mixed,32,1,identity,1000000,20,8,1,0,0.038138,0.061735
screen,flatmalloc,mixed,32,1,identity,1000000,20,8,1,0,0.090867,0.062985
screen,cachedfixed,mixed,32,1,identity,1000000,20,8,1,0,0.075346,0.057874
screen,directsorted,mixed,32,1,identity,1000000,20,8,1,0,0.093962,0.057385
screen,rowload,mixed,32,1,identity,1000000,20,8,1,0,0.13216,0.058474
screen,storetile32768,mixed,32,1,identity,1000000,20,8,1,0,0.084923,0.040651
screen,storetile4096,mixed,32,1,identity,1000000,20,8,1,0,0.100054,0.032151
screen,storetile512,mixed,32,1,identity,1000000,20,8,1,0,0.092315,0.029514
screen,rowstore,mixed,32,1,identity,1000000,20,8,1,0,0.099391,0.058829
screen,control,mixed,32,1,identity,1000000,20,8,1,0,0.085878,0.058925
screen,baseline,mixed,32,1,identity,1000000,20,8,1,0,0.098977,0.066534
screen,baseline,mixed,32,1,identity,1000000,20,8,2,0,0.096404,0.073645
screen,control,mixed,32,1,identity,1000000,20,8,2,0,0.097786,0.057445
screen,rowstore,mixed,32,1,identity,1000000,20,8,2,0,0.091313,0.075955
screen,storetile512,mixed,32,1,identity,1000000,20,8,2,0,0.093982,0.037867
screen,storetile4096,mixed,32,1,identity,1000000,20,8,2,0,0.105771,0.034581
screen,storetile32768,mixed,32,1,identity,1000000,20,8,2,0,0.114007,0.04388
screen,rowload,mixed,32,1,identity,1000000,20,8,2,0,0.14827,0.068603
screen,directsorted,mixed,32,1,identity,1000000,20,8,2,0,0.121473,0.065092
screen,cachedfixed,mixed,32,1,identity,1000000,20,8,2,0,0.113327,0.063902
screen,flatmalloc,mixed,32,1,identity,1000000,20,8,2,0,0.112938,0.059522
screen,loadtile512,mixed,32,1,identity,1000000,20,8,2,0,0.037173,0.065692
screen,loadtile4096,mixed,32,1,identity,1000000,20,8,2,0,0.061521,0.070805
screen,loadtile32768,mixed,32,1,identity,1000000,20,8,2,0,0.13115,0.065274
screen,loadtile32768,mixed,32,1,identity,1000000,20,8,3,0,0.108751,0.064528
screen,loadtile4096,mixed,32,1,identity,1000000,20,8,3,0,0.043591,0.065872
screen,loadtile512,mixed,32,1,identity,1000000,20,8,3,0,0.037651,0.061048
screen,flatmalloc,mixed,32,1,identity,1000000,20,8,3,0,0.099105,0.068072
screen,cachedfixed,mixed,32,1,identity,1000000,20,8,3,0,0.11312,0.064231
screen,directsorted,mixed,32,1,identity,1000000,20,8,3,0,0.10409,0.063751
screen,rowload,mixed,32,1,identity,1000000,20,8,3,0,0.154144,0.060509
screen,storetile32768,mixed,32,1,identity,1000000,20,8,3,0,0.110805,0.045747
screen,storetile4096,mixed,32,1,identity,1000000,20,8,3,0,0.132491,0.104968
screen,storetile512,mixed,32,1,identity,1000000,20,8,3,0,0.108448,0.038037
screen,rowstore,mixed,32,1,identity,1000000,20,8,3,0,0.10411,0.064049
screen,control,mixed,32,1,identity,1000000,20,8,3,0,0.119413,0.06768
screen,baseline,mixed,32,1,identity,1000000,20,8,3,0,0.111343,0.070703
screen,baseline,mixed,32,1,identity,1000000,20,8,4,1,0.106018,0.082543
screen,control,mixed,32,1,identity,1000000,20,8,4,1,0.101157,0.065574
screen,rowstore,mixed,32,1,identity,1000000,20,8,4,1,0.059263,0.057718
screen,storetile512,mixed,32,1,identity,1000000,20,8,4,1,0.090536,0.03036
screen,storetile4096,mixed,32,1,identity,1000000,20,8,4,1,0.100782,0.035026
screen,storetile32768,mixed,32,1,identity,1000000,20,8,4,1,0.108096,0.04064
screen,rowload,mixed,32,1,identity,1000000,20,8,4,1,0.136667,0.057266
screen,directsorted,mixed,32,1,identity,1000000,20,8,4,1,0.103926,0.056643
screen,cachedfixed,mixed,32,1,identity,1000000,20,8,4,1,0.091211,0.061397
screen,flatmalloc,mixed,32,1,identity,1000000,20,8,4,1,0.100185,0.06201
screen,loadtile512,mixed,32,1,identity,1000000,20,8,4,1,0.030332,0.058161
screen,loadtile4096,mixed,32,1,identity,1000000,20,8,4,1,0.045789,0.058501
screen,loadtile32768,mixed,32,1,identity,1000000,20,8,4,1,0.076318,0.052141
screen,baseline,mixed,32,1,sorted,1000000,20,8,0,0,0.09584,0.093275
screen,control,mixed,32,1,sorted,1000000,20,8,0,0,0.055949,0.09391
screen,rowstore,mixed,32,1,sorted,1000000,20,8,0,0,0.091727,0.078114
screen,storetile512,mixed,32,1,sorted,1000000,20,8,0,0,0.068859,0.059959
screen,storetile4096,mixed,32,1,sorted,1000000,20,8,0,0,0.055067,0.05869
screen,storetile32768,mixed,32,1,sorted,1000000,20,8,0,0,0.072294,0.076071
screen,rowload,mixed,32,1,sorted,1000000,20,8,0,0,0.096825,0.105532
screen,directsorted,mixed,32,1,sorted,1000000,20,8,0,0,0.082014,0.118518
screen,cachedfixed,mixed,32,1,sorted,1000000,20,8,0,0,0.078321,0.094831
screen,flatmalloc,mixed,32,1,sorted,1000000,20,8,0,0,0.092615,0.096986
screen,loadtile512,mixed,32,1,sorted,1000000,20,8,0,0,0.039077,0.103927
screen,loadtile4096,mixed,32,1,sorted,1000000,20,8,0,0,0.038191,0.107932
screen,loadtile32768,mixed,32,1,sorted,1000000,20,8,0,0,0.090542,0.106738
screen,loadtile32768,mixed,32,1,sorted,1000000,20,8,1,0,0.084461,0.099439
screen,loadtile4096,mixed,32,1,sorted,1000000,20,8,1,0,0.032984,0.094405
screen,loadtile512,mixed,32,1,sorted,1000000,20,8,1,0,0.025738,0.093975
screen,flatmalloc,mixed,32,1,sorted,1000000,20,8,1,0,0.053887,0.093663
screen,cachedfixed,mixed,32,1,sorted,1000000,20,8,1,0,0.078826,0.093038
screen,directsorted,mixed,32,1,sorted,1000000,20,8,1,0,0.075989,0.116546
screen,rowload,mixed,32,1,sorted,1000000,20,8,1,0,0.097993,0.112055
screen,storetile32768,mixed,32,1,sorted,1000000,20,8,1,0,0.094031,0.083125
screen,storetile4096,mixed,32,1,sorted,1000000,20,8,1,0,0.074427,0.059149
screen,storetile512,mixed,32,1,sorted,1000000,20,8,1,0,0.061743,0.059105
screen,rowstore,mixed,32,1,sorted,1000000,20,8,1,0,0.064979,0.077435
screen,control,mixed,32,1,sorted,1000000,20,8,1,0,0.075642,0.092888
screen,baseline,mixed,32,1,sorted,1000000,20,8,1,0,0.06647,0.093607
screen,baseline,mixed,32,1,sorted,1000000,20,8,2,0,0.067573,0.093787
screen,control,mixed,32,1,sorted,1000000,20,8,2,0,0.054993,0.093549
screen,rowstore,mixed,32,1,sorted,1000000,20,8,2,0,0.075761,0.078986
screen,storetile512,mixed,32,1,sorted,1000000,20,8,2,0,0.077209,0.059553
screen,storetile4096,mixed,32,1,sorted,1000000,20,8,2,0,0.075812,0.059788
screen,storetile32768,mixed,32,1,sorted,1000000,20,8,2,0,0.074019,0.075208
screen,rowload,mixed,32,1,sorted,1000000,20,8,2,0,0.100711,0.109524
screen,directsorted,mixed,32,1,sorted,1000000,20,8,2,0,0.077382,0.116675
screen,cachedfixed,mixed,32,1,sorted,1000000,20,8,2,0,0.090178,0.095086
screen,flatmalloc,mixed,32,1,sorted,1000000,20,8,2,0,0.068158,0.09419
screen,loadtile512,mixed,32,1,sorted,1000000,20,8,2,0,0.027053,0.09348
screen,loadtile4096,mixed,32,1,sorted,1000000,20,8,2,0,0.030932,0.098213
screen,loadtile32768,mixed,32,1,sorted,1000000,20,8,2,0,0.077498,0.094265
screen,loadtile32768,mixed,32,1,sorted,1000000,20,8,3,0,0.07775,0.094236
screen,loadtile4096,mixed,32,1,sorted,1000000,20,8,3,0,0.035954,0.102315
screen,loadtile512,mixed,32,1,sorted,1000000,20,8,3,0,0.026359,0.094154
screen,flatmalloc,mixed,32,1,sorted,1000000,20,8,3,0,0.070033,0.092889
screen,cachedfixed,mixed,32,1,sorted,1000000,20,8,3,0,0.072764,0.093156
screen,directsorted,mixed,32,1,sorted,1000000,20,8,3,0,0.07685,0.12005
screen,rowload,mixed,32,1,sorted,1000000,20,8,3,0,0.09627,0.109068
screen,storetile32768,mixed,32,1,sorted,1000000,20,8,3,0,0.076628,0.07659
screen,storetile4096,mixed,32,1,sorted,1000000,20,8,3,0,0.075218,0.058441
screen,storetile512,mixed,32,1,sorted,1000000,20,8,3,0,0.078253,0.061958
screen,rowstore,mixed,32,1,sorted,1000000,20,8,3,0,0.073025,0.086216
screen,control,mixed,32,1,sorted,1000000,20,8,3,0,0.074027,0.095856
screen,baseline,mixed,32,1,sorted,1000000,20,8,3,0,0.079636,0.097799
screen,baseline,mixed,32,1,sorted,1000000,20,8,4,1,0.055505,0.100233
screen,control,mixed,32,1,sorted,1000000,20,8,4,1,0.094398,0.097482
screen,rowstore,mixed,32,1,sorted,1000000,20,8,4,1,0.07431,0.084799
screen,storetile512,mixed,32,1,sorted,1000000,20,8,4,1,0.076293,0.059634
screen,storetile4096,mixed,32,1,sorted,1000000,20,8,4,1,0.071665,0.0677
screen,storetile32768,mixed,32,1,sorted,1000000,20,8,4,1,0.092262,0.08591
screen,rowload,mixed,32,1,sorted,1000000,20,8,4,1,0.136836,0.141888
screen,directsorted,mixed,32,1,sorted,1000000,20,8,4,1,0.103166,0.13088
screen,cachedfixed,mixed,32,1,sorted,1000000,20,8,4,1,0.082256,0.159689
screen,flatmalloc,mixed,32,1,sorted,1000000,20,8,4,1,0.108894,0.098836
screen,loadtile512,mixed,32,1,sorted,1000000,20,8,4,1,0.032649,0.104501
screen,loadtile4096,mixed,32,1,sorted,1000000,20,8,4,1,0.043299,0.114193
screen,loadtile32768,mixed,32,1,sorted,1000000,20,8,4,1,0.109401,0.107106
screen,baseline,mixed,32,1,scattered,1000000,20,8,0,0,0.081747,0.107484
screen,control,mixed,32,1,scattered,1000000,20,8,0,0,0.089669,0.085351
screen,rowstore,mixed,32,1,scattered,1000000,20,8,0,0,0.090692,0.087587
screen,storetile512,mixed,32,1,scattered,1000000,20,8,0,0,0.080923,0.052616
screen,storetile4096,mixed,32,1,scattered,1000000,20,8,0,0,0.077968,0.057204
screen,storetile32768,mixed,32,1,scattered,1000000,20,8,0,0,0.101767,0.0621
screen,rowload,mixed,32,1,scattered,1000000,20,8,0,0,0.135249,0.074107
screen,directsorted,mixed,32,1,scattered,1000000,20,8,0,0,0.076825,0.085675
screen,cachedfixed,mixed,32,1,scattered,1000000,20,8,0,0,0.086085,0.081625
screen,flatmalloc,mixed,32,1,scattered,1000000,20,8,0,0,0.07578,0.07876
screen,loadtile512,mixed,32,1,scattered,1000000,20,8,0,0,0.031633,0.086235
screen,loadtile4096,mixed,32,1,scattered,1000000,20,8,0,0,0.041481,0.083202
screen,loadtile32768,mixed,32,1,scattered,1000000,20,8,0,0,0.080747,0.085944
screen,loadtile32768,mixed,32,1,scattered,1000000,20,8,1,0,0.093627,0.082098
screen,loadtile4096,mixed,32,1,scattered,1000000,20,8,1,0,0.036387,0.084259
screen,loadtile512,mixed,32,1,scattered,1000000,20,8,1,0,0.036704,0.088694
screen,flatmalloc,mixed,32,1,scattered,1000000,20,8,1,0,0.085259,0.081319
screen,cachedfixed,mixed,32,1,scattered,1000000,20,8,1,0,0.088645,0.084478
screen,directsorted,mixed,32,1,scattered,1000000,20,8,1,0,0.077585,0.089155
screen,rowload,mixed,32,1,scattered,1000000,20,8,1,0,0.136548,0.075283
screen,storetile32768,mixed,32,1,scattered,1000000,20,8,1,0,0.085155,0.062093
screen,storetile4096,mixed,32,1,scattered,1000000,20,8,1,0,0.1006,0.056995
screen,storetile512,mixed,32,1,scattered,1000000,20,8,1,0,0.090896,0.053233
screen,rowstore,mixed,32,1,scattered,1000000,20,8,1,0,0.096149,0.073811
screen,control,mixed,32,1,scattered,1000000,20,8,1,0,0.080892,0.08535
screen,baseline,mixed,32,1,scattered,1000000,20,8,1,0,0.094708,0.099995
screen,baseline,mixed,32,1,scattered,1000000,20,8,2,0,0.083934,0.10499
screen,control,mixed,32,1,scattered,1000000,20,8,2,0,0.078987,0.084511
screen,rowstore,mixed,32,1,scattered,1000000,20,8,2,0,0.096825,0.078591
screen,storetile512,mixed,32,1,scattered,1000000,20,8,2,0,0.08577,0.059803
screen,storetile4096,mixed,32,1,scattered,1000000,20,8,2,0,0.097771,0.054691
screen,storetile32768,mixed,32,1,scattered,1000000,20,8,2,0,0.080234,0.069062
screen,rowload,mixed,32,1,scattered,1000000,20,8,2,0,0.142068,0.080257
screen,directsorted,mixed,32,1,scattered,1000000,20,8,2,0,0.095206,0.084444
screen,cachedfixed,mixed,32,1,scattered,1000000,20,8,2,0,0.08014,0.094167
screen,flatmalloc,mixed,32,1,scattered,1000000,20,8,2,0,0.107215,0.085429
screen,loadtile512,mixed,32,1,scattered,1000000,20,8,2,0,0.035614,0.088878
screen,loadtile4096,mixed,32,1,scattered,1000000,20,8,2,0,0.043296,0.081427
screen,loadtile32768,mixed,32,1,scattered,1000000,20,8,2,0,0.110111,0.087207
screen,loadtile32768,mixed,32,1,scattered,1000000,20,8,3,0,0.094702,0.083012
screen,loadtile4096,mixed,32,1,scattered,1000000,20,8,3,0,0.043335,0.091362
screen,loadtile512,mixed,32,1,scattered,1000000,20,8,3,0,0.03225,0.085307
screen,flatmalloc,mixed,32,1,scattered,1000000,20,8,3,0,0.096261,0.088419
screen,cachedfixed,mixed,32,1,scattered,1000000,20,8,3,0,0.100293,0.087335
screen,directsorted,mixed,32,1,scattered,1000000,20,8,3,0,0.083908,0.090621
screen,rowload,mixed,32,1,scattered,1000000,20,8,3,0,0.157543,0.081531
screen,storetile32768,mixed,32,1,scattered,1000000,20,8,3,0,0.119721,0.075018
screen,storetile4096,mixed,32,1,scattered,1000000,20,8,3,0,0.112473,0.059968
screen,storetile512,mixed,32,1,scattered,1000000,20,8,3,0,0.102634,0.05944
screen,rowstore,mixed,32,1,scattered,1000000,20,8,3,0,0.107833,0.086275
screen,control,mixed,32,1,scattered,1000000,20,8,3,0,0.077822,0.08572
screen,baseline,mixed,32,1,scattered,1000000,20,8,3,0,0.098771,0.107597
screen,baseline,mixed,32,1,scattered,1000000,20,8,4,1,0.110122,0.111102
screen,control,mixed,32,1,scattered,1000000,20,8,4,1,0.109013,0.086279
screen,rowstore,mixed,32,1,scattered,1000000,20,8,4,1,0.08736,0.074524
screen,storetile512,mixed,32,1,scattered,1000000,20,8,4,1,0.109056,0.058862
screen,storetile4096,mixed,32,1,scattered,1000000,20,8,4,1,0.092605,0.054274
screen,storetile32768,mixed,32,1,scattered,1000000,20,8,4,1,0.094174,0.063976
screen,rowload,mixed,32,1,scattered,1000000,20,8,4,1,0.134002,0.080417
screen,directsorted,mixed,32,1,scattered,1000000,20,8,4,1,0.108364,0.082572
screen,cachedfixed,mixed,32,1,scattered,1000000,20,8,4,1,0.079551,0.08606
screen,flatmalloc,mixed,32,1,scattered,1000000,20,8,4,1,0.099245,0.087146
screen,loadtile512,mixed,32,1,scattered,1000000,20,8,4,1,0.029608,0.080229
screen,loadtile4096,mixed,32,1,scattered,1000000,20,8,4,1,0.041704,0.091425
screen,loadtile32768,mixed,32,1,scattered,1000000,20,8,4,1,0.088129,0.078627
screen,baseline,mixed,32,1,filtered,666667,20,8,0,0,0.104489,0.17277
screen,control,mixed,32,1,filtered,666667,20,8,0,0,0.078772,0.17228
screen,rowstore,mixed,32,1,filtered,666667,20,8,0,0,0.09493,0.177069
screen,storetile512,mixed,32,1,filtered,666667,20,8,0,0,0.100795,0.174253
screen,storetile4096,mixed,32,1,filtered,666667,20,8,0,0,0.092645,0.173137
screen,storetile32768,mixed,32,1,filtered,666667,20,8,0,0,0.089774,0.175709
screen,rowload,mixed,32,1,filtered,666667,20,8,0,0,0.120246,0.175149
screen,directsorted,mixed,32,1,filtered,666667,20,8,0,0,0.079095,0.174675
screen,cachedfixed,mixed,32,1,filtered,666667,20,8,0,0,0.088281,0.171045
screen,flatmalloc,mixed,32,1,filtered,666667,20,8,0,0,0.081042,0.172165
screen,loadtile512,mixed,32,1,filtered,666667,20,8,0,0,0.041911,0.173538
screen,loadtile4096,mixed,32,1,filtered,666667,20,8,0,0,0.047104,0.176624
screen,loadtile32768,mixed,32,1,filtered,666667,20,8,0,0,0.07657,0.172767
screen,loadtile32768,mixed,32,1,filtered,666667,20,8,1,0,0.076193,0.172368
screen,loadtile4096,mixed,32,1,filtered,666667,20,8,1,0,0.04242,0.172569
screen,loadtile512,mixed,32,1,filtered,666667,20,8,1,0,0.037759,0.171461
screen,flatmalloc,mixed,32,1,filtered,666667,20,8,1,0,0.071989,0.171962
screen,cachedfixed,mixed,32,1,filtered,666667,20,8,1,0,0.090834,0.173778
screen,directsorted,mixed,32,1,filtered,666667,20,8,1,0,0.091576,0.175499
screen,rowload,mixed,32,1,filtered,666667,20,8,1,0,0.095127,0.173235
screen,storetile32768,mixed,32,1,filtered,666667,20,8,1,0,0.085426,0.171466
screen,storetile4096,mixed,32,1,filtered,666667,20,8,1,0,0.088813,0.172882
screen,storetile512,mixed,32,1,filtered,666667,20,8,1,0,0.092293,0.174122
screen,rowstore,mixed,32,1,filtered,666667,20,8,1,0,0.090054,0.17656
screen,control,mixed,32,1,filtered,666667,20,8,1,0,0.075153,0.172293
screen,baseline,mixed,32,1,filtered,666667,20,8,1,0,0.104029,0.171548
screen,baseline,mixed,32,1,filtered,666667,20,8,2,0,0.088614,0.170989
screen,control,mixed,32,1,filtered,666667,20,8,2,0,0.074578,0.172223
screen,rowstore,mixed,32,1,filtered,666667,20,8,2,0,0.073094,0.175623
screen,storetile512,mixed,32,1,filtered,666667,20,8,2,0,0.069476,0.171857
screen,storetile4096,mixed,32,1,filtered,666667,20,8,2,0,0.090462,0.174002
screen,storetile32768,mixed,32,1,filtered,666667,20,8,2,0,0.067241,0.172406
screen,rowload,mixed,32,1,filtered,666667,20,8,2,0,0.094839,0.172875
screen,directsorted,mixed,32,1,filtered,666667,20,8,2,0,0.074734,0.170829
screen,cachedfixed,mixed,32,1,filtered,666667,20,8,2,0,0.071647,0.172066
screen,flatmalloc,mixed,32,1,filtered,666667,20,8,2,0,0.087321,0.17309
screen,loadtile512,mixed,32,1,filtered,666667,20,8,2,0,0.035913,0.171178
screen,loadtile4096,mixed,32,1,filtered,666667,20,8,2,0,0.043478,0.173063
screen,loadtile32768,mixed,32,1,filtered,666667,20,8,2,0,0.077413,0.173111
screen,loadtile32768,mixed,32,1,filtered,666667,20,8,3,0,0.077585,0.172822
screen,loadtile4096,mixed,32,1,filtered,666667,20,8,3,0,0.042904,0.172506
screen,loadtile512,mixed,32,1,filtered,666667,20,8,3,0,0.036545,0.171943
screen,flatmalloc,mixed,32,1,filtered,666667,20,8,3,0,0.080646,0.172471
screen,cachedfixed,mixed,32,1,filtered,666667,20,8,3,0,0.075411,0.173575
screen,directsorted,mixed,32,1,filtered,666667,20,8,3,0,0.08857,0.171187
screen,rowload,mixed,32,1,filtered,666667,20,8,3,0,0.095921,0.175017
screen,storetile32768,mixed,32,1,filtered,666667,20,8,3,0,0.070171,0.172591
screen,storetile4096,mixed,32,1,filtered,666667,20,8,3,0,0.085005,0.171618
screen,storetile512,mixed,32,1,filtered,666667,20,8,3,0,0.077292,0.170569
screen,rowstore,mixed,32,1,filtered,666667,20,8,3,0,0.088386,0.17705
screen,control,mixed,32,1,filtered,666667,20,8,3,0,0.079471,0.170983
screen,baseline,mixed,32,1,filtered,666667,20,8,3,0,0.107127,0.17119
screen,baseline,mixed,32,1,filtered,666667,20,8,4,1,0.107705,0.176618
screen,control,mixed,32,1,filtered,666667,20,8,4,1,0.07532,0.180049
screen,rowstore,mixed,32,1,filtered,666667,20,8,4,1,0.093651,0.178256
screen,storetile512,mixed,32,1,filtered,666667,20,8,4,1,0.088663,0.174056
screen,storetile4096,mixed,32,1,filtered,666667,20,8,4,1,0.106828,0.179618
screen,storetile32768,mixed,32,1,filtered,666667,20,8,4,1,0.089375,0.179026
screen,rowload,mixed,32,1,filtered,666667,20,8,4,1,0.091748,0.174952
screen,directsorted,mixed,32,1,filtered,666667,20,8,4,1,0.089782,0.178607
screen,cachedfixed,mixed,32,1,filtered,666667,20,8,4,1,0.088069,0.17407
screen,flatmalloc,mixed,32,1,filtered,666667,20,8,4,1,0.077727,0.17335
screen,loadtile512,mixed,32,1,filtered,666667,20,8,4,1,0.036131,0.19659
screen,loadtile4096,mixed,32,1,filtered,666667,20,8,4,1,0.049542,0.178696
screen,loadtile32768,mixed,32,1,filtered,666667,20,8,4,1,0.080807,0.173262
screen,baseline,mixed,32,0,identity,1000000,20,8,0,0,0.113489,0.055881
screen,control,mixed,32,0,identity,1000000,20,8,0,0,0.095306,0.051989
screen,rowstore,mixed,32,0,identity,1000000,20,8,0,0,0.07555,0.051983
screen,storetile512,mixed,32,0,identity,1000000,20,8,0,0,0.078904,0.024157
screen,storetile4096,mixed,32,0,identity,1000000,20,8,0,0,0.073019,0.028442
screen,storetile32768,mixed,32,0,identity,1000000,20,8,0,0,0.0794,0.033595
screen,rowload,mixed,32,0,identity,1000000,20,8,0,0,0.098249,0.050446
screen,directsorted,mixed,32,0,identity,1000000,20,8,0,0,0.054838,0.054821
screen,cachedfixed,mixed,32,0,identity,1000000,20,8,0,0,0.078359,0.053728
screen,flatmalloc,mixed,32,0,identity,1000000,20,8,0,0,0.079574,0.052097
screen,loadtile512,mixed,32,0,identity,1000000,20,8,0,0,0.070515,0.050543
screen,loadtile4096,mixed,32,0,identity,1000000,20,8,0,0,0.073751,0.051518
screen,loadtile32768,mixed,32,0,identity,1000000,20,8,0,0,0.054727,0.051665
screen,loadtile32768,mixed,32,0,identity,1000000,20,8,1,0,0.094803,0.057207
screen,loadtile4096,mixed,32,0,identity,1000000,20,8,1,0,0.054457,0.055627
screen,loadtile512,mixed,32,0,identity,1000000,20,8,1,0,0.072879,0.051265
screen,flatmalloc,mixed,32,0,identity,1000000,20,8,1,0,0.075091,0.051197
screen,cachedfixed,mixed,32,0,identity,1000000,20,8,1,0,0.058442,0.050322
screen,directsorted,mixed,32,0,identity,1000000,20,8,1,0,0.070775,0.051611
screen,rowload,mixed,32,0,identity,1000000,20,8,1,0,0.095794,0.051325
screen,storetile32768,mixed,32,0,identity,1000000,20,8,1,0,0.087383,0.038671
screen,storetile4096,mixed,32,0,identity,1000000,20,8,1,0,0.099602,0.02989
screen,storetile512,mixed,32,0,identity,1000000,20,8,1,0,0.061984,0.02423
screen,rowstore,mixed,32,0,identity,1000000,20,8,1,0,0.070676,0.056567
screen,control,mixed,32,0,identity,1000000,20,8,1,0,0.054025,0.051668
screen,baseline,mixed,32,0,identity,1000000,20,8,1,0,0.118076,0.051211
screen,baseline,mixed,32,0,identity,1000000,20,8,2,0,0.115936,0.051734
screen,control,mixed,32,0,identity,1000000,20,8,2,0,0.07471,0.05119
screen,rowstore,mixed,32,0,identity,1000000,20,8,2,0,0.066849,0.052138
screen,storetile512,mixed,32,0,identity,1000000,20,8,2,0,0.075452,0.024547
screen,storetile4096,mixed,32,0,identity,1000000,20,8,2,0,0.063468,0.029388
screen,storetile32768,mixed,32,0,identity,1000000,20,8,2,0,0.100896,0.03432
screen,rowload,mixed,32,0,identity,1000000,20,8,2,0,0.096694,0.05074
screen,directsorted,mixed,32,0,identity,1000000,20,8,2,0,0.075108,0.051361
screen,cachedfixed,mixed,32,0,identity,1000000,20,8,2,0,0.053661,0.058818
screen,flatmalloc,mixed,32,0,identity,1000000,20,8,2,0,0.092212,0.051077
screen,loadtile512,mixed,32,0,identity,1000000,20,8,2,0,0.074131,0.050977
screen,loadtile4096,mixed,32,0,identity,1000000,20,8,2,0,0.075521,0.047244
screen,loadtile32768,mixed,32,0,identity,1000000,20,8,2,0,0.054126,0.050389
screen,loadtile32768,mixed,32,0,identity,1000000,20,8,3,0,0.073788,0.057121
screen,loadtile4096,mixed,32,0,identity,1000000,20,8,3,0,0.091703,0.051533
screen,loadtile512,mixed,32,0,identity,1000000,20,8,3,0,0.07495,0.050954
screen,flatmalloc,mixed,32,0,identity,1000000,20,8,3,0,0.053214,0.052911
screen,cachedfixed,mixed,32,0,identity,1000000,20,8,3,0,0.075906,0.05164
screen,directsorted,mixed,32,0,identity,1000000,20,8,3,0,0.053309,0.05248
screen,rowload,mixed,32,0,identity,1000000,20,8,3,0,0.095767,0.049758
screen,storetile32768,mixed,32,0,identity,1000000,20,8,3,0,0.075496,0.034865
screen,storetile4096,mixed,32,0,identity,1000000,20,8,3,0,0.076321,0.024379
screen,storetile512,mixed,32,0,identity,1000000,20,8,3,0,0.05661,0.024021
screen,rowstore,mixed,32,0,identity,1000000,20,8,3,0,0.070993,0.079457
screen,control,mixed,32,0,identity,1000000,20,8,3,0,0.085388,0.050773
screen,baseline,mixed,32,0,identity,1000000,20,8,3,0,0.102957,0.054145
screen,baseline,mixed,32,0,identity,1000000,20,8,4,1,0.094683,0.057499
screen,control,mixed,32,0,identity,1000000,20,8,4,1,0.087077,0.059373
screen,rowstore,mixed,32,0,identity,1000000,20,8,4,1,0.098324,0.052587
screen,storetile512,mixed,32,0,identity,1000000,20,8,4,1,0.079375,0.031848
screen,storetile4096,mixed,32,0,identity,1000000,20,8,4,1,0.080899,0.034015
screen,storetile32768,mixed,32,0,identity,1000000,20,8,4,1,0.108269,0.038436
screen,rowload,mixed,32,0,identity,1000000,20,8,4,1,0.148871,0.065306
screen,directsorted,mixed,32,0,identity,1000000,20,8,4,1,0.091731,0.05191
screen,cachedfixed,mixed,32,0,identity,1000000,20,8,4,1,0.08355,0.05126
screen,flatmalloc,mixed,32,0,identity,1000000,20,8,4,1,0.054036,0.053555
screen,loadtile512,mixed,32,0,identity,1000000,20,8,4,1,0.065811,0.053246
screen,loadtile4096,mixed,32,0,identity,1000000,20,8,4,1,0.073617,0.05344
screen,loadtile32768,mixed,32,0,identity,1000000,20,8,4,1,0.076859,0.054217
screen,baseline,mixed,32,0,sorted,1000000,20,8,0,0,0.103535,0.1078
screen,control,mixed,32,0,sorted,1000000,20,8,0,0,0.075409,0.10679
screen,rowstore,mixed,32,0,sorted,1000000,20,8,0,0,0.067606,0.09297
screen,storetile512,mixed,32,0,sorted,1000000,20,8,0,0,0.06371,0.098001
screen,storetile4096,mixed,32,0,sorted,1000000,20,8,0,0,0.073342,0.082954
screen,storetile32768,mixed,32,0,sorted,1000000,20,8,0,0,0.069702,0.07881
screen,rowload,mixed,32,0,sorted,1000000,20,8,0,0,0.095908,0.107626
screen,directsorted,mixed,32,0,sorted,1000000,20,8,0,0,0.081696,0.122761
screen,cachedfixed,mixed,32,0,sorted,1000000,20,8,0,0,0.076458,0.126879
screen,flatmalloc,mixed,32,0,sorted,1000000,20,8,0,0,0.076868,0.107943
screen,loadtile512,mixed,32,0,sorted,1000000,20,8,0,0,0.053804,0.109587
screen,loadtile4096,mixed,32,0,sorted,1000000,20,8,0,0,0.090412,0.109919
screen,loadtile32768,mixed,32,0,sorted,1000000,20,8,0,0,0.051781,0.107738
screen,loadtile32768,mixed,32,0,sorted,1000000,20,8,1,0,0.069008,0.107812
screen,loadtile4096,mixed,32,0,sorted,1000000,20,8,1,0,0.065251,0.108397
screen,loadtile512,mixed,32,0,sorted,1000000,20,8,1,0,0.094595,0.113812
screen,flatmalloc,mixed,32,0,sorted,1000000,20,8,1,0,0.069744,0.108989
screen,cachedfixed,mixed,32,0,sorted,1000000,20,8,1,0,0.083633,0.11298
screen,directsorted,mixed,32,0,sorted,1000000,20,8,1,0,0.061624,0.108125
screen,rowload,mixed,32,0,sorted,1000000,20,8,1,0,0.09512,0.113103
screen,storetile32768,mixed,32,0,sorted,1000000,20,8,1,0,0.092813,0.078512
screen,storetile4096,mixed,32,0,sorted,1000000,20,8,1,0,0.067915,0.08377
screen,storetile512,mixed,32,0,sorted,1000000,20,8,1,0,0.075379,0.093903
screen,rowstore,mixed,32,0,sorted,1000000,20,8,1,0,0.083159,0.094706
screen,control,mixed,32,0,sorted,1000000,20,8,1,0,0.067298,0.106635
screen,baseline,mixed,32,0,sorted,1000000,20,8,1,0,0.094934,0.107311
screen,baseline,mixed,32,0,sorted,1000000,20,8,2,0,0.096954,0.115876
screen,control,mixed,32,0,sorted,1000000,20,8,2,0,0.091562,0.107372
screen,rowstore,mixed,32,0,sorted,1000000,20,8,2,0,0.054295,0.07706
screen,storetile512,mixed,32,0,sorted,1000000,20,8,2,0,0.067757,0.091164
screen,storetile4096,mixed,32,0,sorted,1000000,20,8,2,0,0.099463,0.091021
screen,storetile32768,mixed,32,0,sorted,1000000,20,8,2,0,0.068332,0.081748
screen,rowload,mixed,32,0,sorted,1000000,20,8,2,0,0.097589,0.107518
screen,directsorted,mixed,32,0,sorted,1000000,20,8,2,0,0.059201,0.109074
screen,cachedfixed,mixed,32,0,sorted,1000000,20,8,2,0,0.072428,0.108282
screen,flatmalloc,mixed,32,0,sorted,1000000,20,8,2,0,0.074121,0.107141
screen,loadtile512,mixed,32,0,sorted,1000000,20,8,2,0,0.076216,0.105226
screen,loadtile4096,mixed,32,0,sorted,1000000,20,8,2,0,0.053478,0.1083
screen,loadtile32768,mixed,32,0,sorted,1000000,20,8,2,0,0.074951,0.109218
screen,loadtile32768,mixed,32,0,sorted,1000000,20,8,3,0,0.053524,0.113989
screen,loadtile4096,mixed,32,0,sorted,1000000,20,8,3,0,0.07955,0.110308
screen,loadtile512,mixed,32,0,sorted,1000000,20,8,3,0,0.054055,0.106808
screen,flatmalloc,mixed,32,0,sorted,1000000,20,8,3,0,0.054312,0.106101
screen,cachedfixed,mixed,32,0,sorted,1000000,20,8,3,0,0.070431,0.107327
screen,directsorted,mixed,32,0,sorted,1000000,20,8,3,0,0.076319,0.107763
screen,rowload,mixed,32,0,sorted,1000000,20,8,3,0,0.096247,0.10717
screen,storetile32768,mixed,32,0,sorted,1000000,20,8,3,0,0.090187,0.07907
screen,storetile4096,mixed,32,0,sorted,1000000,20,8,3,0,0.062191,0.08087
screen,storetile512,mixed,32,0,sorted,1000000,20,8,3,0,0.07474,0.089622
screen,rowstore,mixed,32,0,sorted,1000000,20,8,3,0,0.08457,0.075545
screen,control,mixed,32,0,sorted,1000000,20,8,3,0,0.054382,0.107055
screen,baseline,mixed,32,0,sorted,1000000,20,8,3,0,0.093297,0.106839
screen,baseline,mixed,32,0,sorted,1000000,20,8,4,1,0.113708,0.107421
screen,control,mixed,32,0,sorted,1000000,20,8,4,1,0.088418,0.111493
screen,rowstore,mixed,32,0,sorted,1000000,20,8,4,1,0.072088,0.077688
screen,storetile512,mixed,32,0,sorted,1000000,20,8,4,1,0.068471,0.089166
screen,storetile4096,mixed,32,0,sorted,1000000,20,8,4,1,0.060705,0.093617
screen,storetile32768,mixed,32,0,sorted,1000000,20,8,4,1,0.067165,0.080662
screen,rowload,mixed,32,0,sorted,1000000,20,8,4,1,0.123569,0.115944
screen,directsorted,mixed,32,0,sorted,1000000,20,8,4,1,0.101428,0.12709
screen,cachedfixed,mixed,32,0,sorted,1000000,20,8,4,1,0.103375,0.128184
screen,flatmalloc,mixed,32,0,sorted,1000000,20,8,4,1,0.07897,0.120141
screen,loadtile512,mixed,32,0,sorted,1000000,20,8,4,1,0.099747,0.122055
screen,loadtile4096,mixed,32,0,sorted,1000000,20,8,4,1,0.076553,0.119862
screen,loadtile32768,mixed,32,0,sorted,1000000,20,8,4,1,0.098283,0.1206
screen,baseline,mixed,32,0,scattered,1000000,20,8,0,0,0.11332,0.08682
screen,control,mixed,32,0,scattered,1000000,20,8,0,0,0.083331,0.081605
screen,rowstore,mixed,32,0,scattered,1000000,20,8,0,0,0.100553,0.072885
screen,storetile512,mixed,32,0,scattered,1000000,20,8,0,0,0.115271,0.062809
screen,storetile4096,mixed,32,0,scattered,1000000,20,8,0,0,0.107618,0.058085
screen,storetile32768,mixed,32,0,scattered,1000000,20,8,0,0,0.0982,0.06719
screen,rowload,mixed,32,0,scattered,1000000,20,8,0,0,0.142517,0.08379
screen,directsorted,mixed,32,0,scattered,1000000,20,8,0,0,0.094309,0.082415
screen,cachedfixed,mixed,32,0,scattered,1000000,20,8,0,0,0.168621,0.084335
screen,flatmalloc,mixed,32,0,scattered,1000000,20,8,0,0,0.088082,0.084684
screen,loadtile512,mixed,32,0,scattered,1000000,20,8,0,0,0.082029,0.081648
screen,loadtile4096,mixed,32,0,scattered,1000000,20,8,0,0,0.088667,0.073383
screen,loadtile32768,mixed,32,0,scattered,1000000,20,8,0,0,0.054009,0.080644
screen,loadtile32768,mixed,32,0,scattered,1000000,20,8,1,0,0.087327,0.074645
screen,loadtile4096,mixed,32,0,scattered,1000000,20,8,1,0,0.080358,0.079472
screen,loadtile512,mixed,32,0,scattered,1000000,20,8,1,0,0.054531,0.083169
screen,flatmalloc,mixed,32,0,scattered,1000000,20,8,1,0,0.093779,0.081209
screen,cachedfixed,mixed,32,0,scattered,1000000,20,8,1,0,0.062766,0.079328
screen,directsorted,mixed,32,0,scattered,1000000,20,8,1,0,0.100021,0.080411
screen,rowload,mixed,32,0,scattered,1000000,20,8,1,0,0.124106,0.082744
screen,storetile32768,mixed,32,0,scattered,1000000,20,8,1,0,0.089412,0.059635
screen,storetile4096,mixed,32,0,scattered,1000000,20,8,1,0,0.078027,0.053211
screen,storetile512,mixed,32,0,scattered,1000000,20,8,1,0,0.081854,0.058218
screen,rowstore,mixed,32,0,scattered,1000000,20,8,1,0,0.092582,0.070798
screen,control,mixed,32,0,scattered,1000000,20,8,1,0,0.090401,0.08534
screen,baseline,mixed,32,0,scattered,1000000,20,8,1,0,0.131496,0.079136
screen,baseline,mixed,32,0,scattered,1000000,20,8,2,0,0.127432,0.073401
screen,control,mixed,32,0,scattered,1000000,20,8,2,0,0.080444,0.078303
screen,rowstore,mixed,32,0,scattered,1000000,20,8,2,0,0.103384,0.065699
screen,storetile512,mixed,32,0,scattered,1000000,20,8,2,0,0.104619,0.066238
screen,storetile4096,mixed,32,0,scattered,1000000,20,8,2,0,0.100121,0.051578
screen,storetile32768,mixed,32,0,scattered,1000000,20,8,2,0,0.092039,0.059347
screen,rowload,mixed,32,0,scattered,1000000,20,8,2,0,0.125828,0.077298
screen,directsorted,mixed,32,0,scattered,1000000,20,8,2,0,0.088807,0.07888
screen,cachedfixed,mixed,32,0,scattered,1000000,20,8,2,0,0.079628,0.073113
screen,flatmalloc,mixed,32,0,scattered,1000000,20,8,2,0,0.095992,0.081345
screen,loadtile512,mixed,32,0,scattered,1000000,20,8,2,0,0.070051,0.074749
screen,loadtile4096,mixed,32,0,scattered,1000000,20,8,2,0,0.076175,0.073523
screen,loadtile32768,mixed,32,0,scattered,1000000,20,8,2,0,0.090477,0.079196
screen,loadtile32768,mixed,32,0,scattered,1000000,20,8,3,0,0.068394,0.074066
screen,loadtile4096,mixed,32,0,scattered,1000000,20,8,3,0,0.057716,0.075248
screen,loadtile512,mixed,32,0,scattered,1000000,20,8,3,0,0.074679,0.077459
screen,flatmalloc,mixed,32,0,scattered,1000000,20,8,3,0,0.074336,0.078936
screen,cachedfixed,mixed,32,0,scattered,1000000,20,8,3,0,0.054892,0.073431
screen,directsorted,mixed,32,0,scattered,1000000,20,8,3,0,0.07415,0.077232
screen,rowload,mixed,32,0,scattered,1000000,20,8,3,0,0.138946,0.080596
screen,storetile32768,mixed,32,0,scattered,1000000,20,8,3,0,0.077477,0.061344
screen,storetile4096,mixed,32,0,scattered,1000000,20,8,3,0,0.093651,0.057042
screen,storetile512,mixed,32,0,scattered,1000000,20,8,3,0,0.090957,0.057564
screen,rowstore,mixed,32,0,scattered,1000000,20,8,3,0,0.099601,0.065824
screen,control,mixed,32,0,scattered,1000000,20,8,3,0,0.06804,0.075336
screen,baseline,mixed,32,0,scattered,1000000,20,8,3,0,0.090205,0.073477
screen,baseline,mixed,32,0,scattered,1000000,20,8,4,1,0.105184,0.074576
screen,control,mixed,32,0,scattered,1000000,20,8,4,1,0.075641,0.071942
screen,rowstore,mixed,32,0,scattered,1000000,20,8,4,1,0.077887,0.063392
screen,storetile512,mixed,32,0,scattered,1000000,20,8,4,1,0.097731,0.052325
screen,storetile4096,mixed,32,0,scattered,1000000,20,8,4,1,0.094487,0.053362
screen,storetile32768,mixed,32,0,scattered,1000000,20,8,4,1,0.079874,0.059833
screen,rowload,mixed,32,0,scattered,1000000,20,8,4,1,0.135796,0.074098
screen,directsorted,mixed,32,0,scattered,1000000,20,8,4,1,0.055302,0.081419
screen,cachedfixed,mixed,32,0,scattered,1000000,20,8,4,1,0.076065,0.083387
screen,flatmalloc,mixed,32,0,scattered,1000000,20,8,4,1,0.078203,0.080566
screen,loadtile512,mixed,32,0,scattered,1000000,20,8,4,1,0.095951,0.083225
screen,loadtile4096,mixed,32,0,scattered,1000000,20,8,4,1,0.086453,0.07905
screen,loadtile32768,mixed,32,0,scattered,1000000,20,8,4,1,0.088976,0.082706
screen,baseline,mixed,32,0,filtered,666667,20,8,0,0,0.122385,0.179888
screen,control,mixed,32,0,filtered,666667,20,8,0,0,0.091785,0.174864
screen,rowstore,mixed,32,0,filtered,666667,20,8,0,0,0.093291,0.174917
screen,storetile512,mixed,32,0,filtered,666667,20,8,0,0,0.088885,0.175201
screen,storetile4096,mixed,32,0,filtered,666667,20,8,0,0,0.091874,0.178112
screen,storetile32768,mixed,32,0,filtered,666667,20,8,0,0,0.094307,0.175712
screen,rowload,mixed,32,0,filtered,666667,20,8,0,0,0.133358,0.176434
screen,directsorted,mixed,32,0,filtered,666667,20,8,0,0,0.090146,0.175605
screen,cachedfixed,mixed,32,0,filtered,666667,20,8,0,0,0.099061,0.179843
screen,flatmalloc,mixed,32,0,filtered,666667,20,8,0,0,0.089605,0.174978
screen,loadtile512,mixed,32,0,filtered,666667,20,8,0,0,0.089763,0.176778
screen,loadtile4096,mixed,32,0,filtered,666667,20,8,0,0,0.089513,0.213657
screen,loadtile32768,mixed,32,0,filtered,666667,20,8,0,0,0.111969,0.17716
screen,loadtile32768,mixed,32,0,filtered,666667,20,8,1,0,0.089496,0.176538
screen,loadtile4096,mixed,32,0,filtered,666667,20,8,1,0,0.089167,0.174213
screen,loadtile512,mixed,32,0,filtered,666667,20,8,1,0,0.081678,0.179054
screen,flatmalloc,mixed,32,0,filtered,666667,20,8,1,0,0.093158,0.175164
screen,cachedfixed,mixed,32,0,filtered,666667,20,8,1,0,0.088168,0.171889
screen,directsorted,mixed,32,0,filtered,666667,20,8,1,0,0.091076,0.174647
screen,rowload,mixed,32,0,filtered,666667,20,8,1,0,0.127178,0.179819
screen,storetile32768,mixed,32,0,filtered,666667,20,8,1,0,0.086677,0.172181
screen,storetile4096,mixed,32,0,filtered,666667,20,8,1,0,0.088943,0.17475
screen,storetile512,mixed,32,0,filtered,666667,20,8,1,0,0.088696,0.174803
screen,rowstore,mixed,32,0,filtered,666667,20,8,1,0,0.091717,0.172765
screen,control,mixed,32,0,filtered,666667,20,8,1,0,0.087923,0.173404
screen,baseline,mixed,32,0,filtered,666667,20,8,1,0,0.103179,0.176011
screen,baseline,mixed,32,0,filtered,666667,20,8,2,0,0.112494,0.17635
screen,control,mixed,32,0,filtered,666667,20,8,2,0,0.090569,0.174917
screen,rowstore,mixed,32,0,filtered,666667,20,8,2,0,0.092065,0.174299
screen,storetile512,mixed,32,0,filtered,666667,20,8,2,0,0.089737,0.189059
screen,storetile4096,mixed,32,0,filtered,666667,20,8,2,0,0.076938,0.178791
screen,storetile32768,mixed,32,0,filtered,666667,20,8,2,0,0.101318,0.182236
screen,rowload,mixed,32,0,filtered,666667,20,8,2,0,0.129143,0.17987
screen,directsorted,mixed,32,0,filtered,666667,20,8,2,0,0.080774,0.178274
screen,cachedfixed,mixed,32,0,filtered,666667,20,8,2,0,0.088978,0.180915
screen,flatmalloc,mixed,32,0,filtered,666667,20,8,2,0,0.08668,0.18592
screen,loadtile512,mixed,32,0,filtered,666667,20,8,2,0,0.091332,0.178124
screen,loadtile4096,mixed,32,0,filtered,666667,20,8,2,0,0.088551,0.178349
screen,loadtile32768,mixed,32,0,filtered,666667,20,8,2,0,0.096158,0.18103
screen,loadtile32768,mixed,32,0,filtered,666667,20,8,3,0,0.094892,0.179047
screen,loadtile4096,mixed,32,0,filtered,666667,20,8,3,0,0.094542,0.177606
screen,loadtile512,mixed,32,0,filtered,666667,20,8,3,0,0.089545,0.176744
screen,flatmalloc,mixed,32,0,filtered,666667,20,8,3,0,0.082407,0.177721
screen,cachedfixed,mixed,32,0,filtered,666667,20,8,3,0,0.091388,0.177607
screen,directsorted,mixed,32,0,filtered,666667,20,8,3,0,0.090004,0.176744
screen,rowload,mixed,32,0,filtered,666667,20,8,3,0,0.127967,0.176126
screen,storetile32768,mixed,32,0,filtered,666667,20,8,3,0,0.09276,0.176871
screen,storetile4096,mixed,32,0,filtered,666667,20,8,3,0,0.090085,0.178826
screen,storetile512,mixed,32,0,filtered,666667,20,8,3,0,0.092856,0.177649
screen,rowstore,mixed,32,0,filtered,666667,20,8,3,0,0.107093,0.181432
screen,control,mixed,32,0,filtered,666667,20,8,3,0,0.094031,0.178178
screen,baseline,mixed,32,0,filtered,666667,20,8,3,0,0.139809,0.178307
screen,baseline,mixed,32,0,filtered,666667,20,8,4,1,0.121423,0.179176
screen,control,mixed,32,0,filtered,666667,20,8,4,1,0.081974,0.178643
screen,rowstore,mixed,32,0,filtered,666667,20,8,4,1,0.101359,0.180589
screen,storetile512,mixed,32,0,filtered,666667,20,8,4,1,0.099263,0.180439
screen,storetile4096,mixed,32,0,filtered,666667,20,8,4,1,0.090194,0.180945
screen,storetile32768,mixed,32,0,filtered,666667,20,8,4,1,0.096202,0.177936
screen,rowload,mixed,32,0,filtered,666667,20,8,4,1,0.117448,0.17634
screen,directsorted,mixed,32,0,filtered,666667,20,8,4,1,0.074586,0.172506
screen,cachedfixed,mixed,32,0,filtered,666667,20,8,4,1,0.082582,0.173882
screen,flatmalloc,mixed,32,0,filtered,666667,20,8,4,1,0.106241,0.17537
screen,loadtile512,mixed,32,0,filtered,666667,20,8,4,1,0.08382,0.17431
screen,loadtile4096,mixed,32,0,filtered,666667,20,8,4,1,0.075346,0.174305
screen,loadtile32768,mixed,32,0,filtered,666667,20,8,4,1,0.091266,0.175203
targeted,control,numeric,8,1,identity,1000000,20,8,0,0,0.013369,0.011256
targeted,cachedfixed,numeric,8,1,identity,1000000,20,8,0,0,0.011234,0.011372
targeted,filteredstr,numeric,8,1,identity,1000000,20,8,0,0,0.011269,0.010801
targeted,numericunroll,numeric,8,1,identity,1000000,20,8,0,0,0.011303,0.010572
targeted,numericunroll,numeric,8,1,identity,1000000,20,8,1,0,0.010437,0.010997
targeted,filteredstr,numeric,8,1,identity,1000000,20,8,1,0,0.011099,0.01069
targeted,cachedfixed,numeric,8,1,identity,1000000,20,8,1,0,0.011118,0.010895
targeted,control,numeric,8,1,identity,1000000,20,8,1,0,0.011726,0.011143
targeted,control,numeric,8,1,identity,1000000,20,8,2,0,0.011108,0.0108
targeted,cachedfixed,numeric,8,1,identity,1000000,20,8,2,0,0.011395,0.01114
targeted,filteredstr,numeric,8,1,identity,1000000,20,8,2,0,0.011041,0.010994
targeted,numericunroll,numeric,8,1,identity,1000000,20,8,2,0,0.010472,0.010738
targeted,numericunroll,numeric,8,1,identity,1000000,20,8,3,0,0.010636,0.011336
targeted,filteredstr,numeric,8,1,identity,1000000,20,8,3,0,0.011204,0.011547
targeted,cachedfixed,numeric,8,1,identity,1000000,20,8,3,0,0.01124,0.010868
targeted,control,numeric,8,1,identity,1000000,20,8,3,0,0.01126,0.01065
targeted,control,numeric,8,1,identity,1000000,20,8,4,0,0.011315,0.010783
targeted,cachedfixed,numeric,8,1,identity,1000000,20,8,4,0,0.011116,0.011333
targeted,filteredstr,numeric,8,1,identity,1000000,20,8,4,0,0.011372,0.0106
targeted,numericunroll,numeric,8,1,identity,1000000,20,8,4,0,0.010467,0.011264
targeted,numericunroll,numeric,8,1,identity,1000000,20,8,5,0,0.010447,0.012331
targeted,filteredstr,numeric,8,1,identity,1000000,20,8,5,0,0.011273,0.020925
targeted,cachedfixed,numeric,8,1,identity,1000000,20,8,5,0,0.055962,0.035882
targeted,control,numeric,8,1,identity,1000000,20,8,5,0,0.012338,0.012005
targeted,control,numeric,8,1,identity,1000000,20,8,6,0,0.012746,0.013022
targeted,cachedfixed,numeric,8,1,identity,1000000,20,8,6,0,0.011751,0.011085
targeted,filteredstr,numeric,8,1,identity,1000000,20,8,6,0,0.013419,0.011103
targeted,numericunroll,numeric,8,1,identity,1000000,20,8,6,0,0.011108,0.011014
targeted,numericunroll,numeric,8,1,identity,1000000,20,8,7,0,0.010747,0.01059
targeted,filteredstr,numeric,8,1,identity,1000000,20,8,7,0,0.011238,0.011181
targeted,cachedfixed,numeric,8,1,identity,1000000,20,8,7,0,0.011108,0.011074
targeted,control,numeric,8,1,identity,1000000,20,8,7,0,0.011051,0.010798
targeted,control,numeric,8,1,identity,1000000,20,8,8,1,0.011681,0.011276
targeted,cachedfixed,numeric,8,1,identity,1000000,20,8,8,1,0.011394,0.011098
targeted,filteredstr,numeric,8,1,identity,1000000,20,8,8,1,0.011293,0.011085
targeted,numericunroll,numeric,8,1,identity,1000000,20,8,8,1,0.010538,0.010481
targeted,control,numeric,8,1,scattered,1000000,20,8,0,0,0.01116,0.010911
targeted,cachedfixed,numeric,8,1,scattered,1000000,20,8,0,0,0.011316,0.010994
targeted,filteredstr,numeric,8,1,scattered,1000000,20,8,0,0,0.011448,0.011288
targeted,numericunroll,numeric,8,1,scattered,1000000,20,8,0,0,0.01129,0.010929
targeted,numericunroll,numeric,8,1,scattered,1000000,20,8,1,0,0.010597,0.010758
targeted,filteredstr,numeric,8,1,scattered,1000000,20,8,1,0,0.011076,0.011371
targeted,cachedfixed,numeric,8,1,scattered,1000000,20,8,1,0,0.011154,0.011045
targeted,control,numeric,8,1,scattered,1000000,20,8,1,0,0.01124,0.011314
targeted,control,numeric,8,1,scattered,1000000,20,8,2,0,0.011002,0.011164
targeted,cachedfixed,numeric,8,1,scattered,1000000,20,8,2,0,0.01117,0.011158
targeted,filteredstr,numeric,8,1,scattered,1000000,20,8,2,0,0.010799,0.011115
targeted,numericunroll,numeric,8,1,scattered,1000000,20,8,2,0,0.010779,0.011004
targeted,numericunroll,numeric,8,1,scattered,1000000,20,8,3,0,0.010544,0.010567
targeted,filteredstr,numeric,8,1,scattered,1000000,20,8,3,0,0.011128,0.010911
targeted,cachedfixed,numeric,8,1,scattered,1000000,20,8,3,0,0.011176,0.011637
targeted,control,numeric,8,1,scattered,1000000,20,8,3,0,0.0109,0.011161
targeted,control,numeric,8,1,scattered,1000000,20,8,4,0,0.011548,0.011759
targeted,cachedfixed,numeric,8,1,scattered,1000000,20,8,4,0,0.011708,0.01112
targeted,filteredstr,numeric,8,1,scattered,1000000,20,8,4,0,0.011104,0.011162
targeted,numericunroll,numeric,8,1,scattered,1000000,20,8,4,0,0.010891,0.01067
targeted,numericunroll,numeric,8,1,scattered,1000000,20,8,5,0,0.011038,0.010381
targeted,filteredstr,numeric,8,1,scattered,1000000,20,8,5,0,0.011045,0.011438
targeted,cachedfixed,numeric,8,1,scattered,1000000,20,8,5,0,0.01114,0.011253
targeted,control,numeric,8,1,scattered,1000000,20,8,5,0,0.011376,0.011103
targeted,control,numeric,8,1,scattered,1000000,20,8,6,0,0.011013,0.011043
targeted,cachedfixed,numeric,8,1,scattered,1000000,20,8,6,0,0.010997,0.010843
targeted,filteredstr,numeric,8,1,scattered,1000000,20,8,6,0,0.011112,0.011262
targeted,numericunroll,numeric,8,1,scattered,1000000,20,8,6,0,0.01052,0.011215
targeted,numericunroll,numeric,8,1,scattered,1000000,20,8,7,0,0.011206,0.011068
targeted,filteredstr,numeric,8,1,scattered,1000000,20,8,7,0,0.011053,0.011354
targeted,cachedfixed,numeric,8,1,scattered,1000000,20,8,7,0,0.011296,0.01147
targeted,control,numeric,8,1,scattered,1000000,20,8,7,0,0.011106,0.01159
targeted,control,numeric,8,1,scattered,1000000,20,8,8,1,0.011183,0.011
targeted,cachedfixed,numeric,8,1,scattered,1000000,20,8,8,1,0.011472,0.010756
targeted,filteredstr,numeric,8,1,scattered,1000000,20,8,8,1,0.011094,0.010993
targeted,numericunroll,numeric,8,1,scattered,1000000,20,8,8,1,0.010481,0.011323
targeted,control,numeric,8,1,filtered,666667,20,8,0,0,0.026006,0.015743
targeted,cachedfixed,numeric,8,1,filtered,666667,20,8,0,0,0.025703,0.015012
targeted,filteredstr,numeric,8,1,filtered,666667,20,8,0,0,0.025073,0.015203
targeted,numericunroll,numeric,8,1,filtered,666667,20,8,0,0,0.024773,0.015007
targeted,numericunroll,numeric,8,1,filtered,666667,20,8,1,0,0.025479,0.015059
targeted,filteredstr,numeric,8,1,filtered,666667,20,8,1,0,0.025115,0.014933
targeted,cachedfixed,numeric,8,1,filtered,666667,20,8,1,0,0.025589,0.015289
targeted,control,numeric,8,1,filtered,666667,20,8,1,0,0.025782,0.01521
targeted,control,numeric,8,1,filtered,666667,20,8,2,0,0.026031,0.015203
targeted,cachedfixed,numeric,8,1,filtered,666667,20,8,2,0,0.025326,0.01509
targeted,filteredstr,numeric,8,1,filtered,666667,20,8,2,0,0.044133,0.017361
targeted,numericunroll,numeric,8,1,filtered,666667,20,8,2,0,0.024802,0.015168
targeted,numericunroll,numeric,8,1,filtered,666667,20,8,3,0,0.025019,0.015549
targeted,filteredstr,numeric,8,1,filtered,666667,20,8,3,0,0.025205,0.01533
targeted,cachedfixed,numeric,8,1,filtered,666667,20,8,3,0,0.025666,0.014865
targeted,control,numeric,8,1,filtered,666667,20,8,3,0,0.025169,0.015287
targeted,control,numeric,8,1,filtered,666667,20,8,4,0,0.025523,0.015284
targeted,cachedfixed,numeric,8,1,filtered,666667,20,8,4,0,0.025445,0.015603
targeted,filteredstr,numeric,8,1,filtered,666667,20,8,4,0,0.025714,0.015209
targeted,numericunroll,numeric,8,1,filtered,666667,20,8,4,0,0.025147,0.0158
targeted,numericunroll,numeric,8,1,filtered,666667,20,8,5,0,0.025045,0.014877
targeted,filteredstr,numeric,8,1,filtered,666667,20,8,5,0,0.025778,0.015658
targeted,cachedfixed,numeric,8,1,filtered,666667,20,8,5,0,0.025813,0.017118
targeted,control,numeric,8,1,filtered,666667,20,8,5,0,0.026553,0.018516
targeted,control,numeric,8,1,filtered,666667,20,8,6,0,0.025527,0.017057
targeted,cachedfixed,numeric,8,1,filtered,666667,20,8,6,0,0.026484,0.017511
targeted,filteredstr,numeric,8,1,filtered,666667,20,8,6,0,0.025296,0.015701
targeted,numericunroll,numeric,8,1,filtered,666667,20,8,6,0,0.025039,0.015621
targeted,numericunroll,numeric,8,1,filtered,666667,20,8,7,0,0.025358,0.015461
targeted,filteredstr,numeric,8,1,filtered,666667,20,8,7,0,0.025678,0.015479
targeted,cachedfixed,numeric,8,1,filtered,666667,20,8,7,0,0.025359,0.015919
targeted,control,numeric,8,1,filtered,666667,20,8,7,0,0.025234,0.016147
targeted,control,numeric,8,1,filtered,666667,20,8,8,1,0.025391,0.015569
targeted,cachedfixed,numeric,8,1,filtered,666667,20,8,8,1,0.025514,0.016041
targeted,filteredstr,numeric,8,1,filtered,666667,20,8,8,1,0.025584,0.015796
targeted,numericunroll,numeric,8,1,filtered,666667,20,8,8,1,0.026821,0.017274
targeted,control,numeric,8,0,identity,1000000,20,8,0,0,0.010943,0.010842
targeted,cachedfixed,numeric,8,0,identity,1000000,20,8,0,0,0.010994,0.010679
targeted,filteredstr,numeric,8,0,identity,1000000,20,8,0,0,0.011453,0.011247
targeted,numericunroll,numeric,8,0,identity,1000000,20,8,0,0,0.010738,0.010766
targeted,numericunroll,numeric,8,0,identity,1000000,20,8,1,0,0.010747,0.010513
targeted,filteredstr,numeric,8,0,identity,1000000,20,8,1,0,0.011417,0.011084
targeted,cachedfixed,numeric,8,0,identity,1000000,20,8,1,0,0.011031,0.010783
targeted,control,numeric,8,0,identity,1000000,20,8,1,0,0.010987,0.010854
targeted,control,numeric,8,0,identity,1000000,20,8,2,0,0.011081,0.011191
targeted,cachedfixed,numeric,8,0,identity,1000000,20,8,2,0,0.012287,0.011275
targeted,filteredstr,numeric,8,0,identity,1000000,20,8,2,0,0.011117,0.011084
targeted,numericunroll,numeric,8,0,identity,1000000,20,8,2,0,0.010635,0.011402
targeted,numericunroll,numeric,8,0,identity,1000000,20,8,3,0,0.010724,0.010909
targeted,filteredstr,numeric,8,0,identity,1000000,20,8,3,0,0.011073,0.011457
targeted,cachedfixed,numeric,8,0,identity,1000000,20,8,3,0,0.011058,0.011062
targeted,control,numeric,8,0,identity,1000000,20,8,3,0,0.01105,0.011145
targeted,control,numeric,8,0,identity,1000000,20,8,4,0,0.011135,0.011129
targeted,cachedfixed,numeric,8,0,identity,1000000,20,8,4,0,0.011388,0.011081
targeted,filteredstr,numeric,8,0,identity,1000000,20,8,4,0,0.011195,0.011016
targeted,numericunroll,numeric,8,0,identity,1000000,20,8,4,0,0.010615,0.010772
targeted,numericunroll,numeric,8,0,identity,1000000,20,8,5,0,0.010526,0.010755
targeted,filteredstr,numeric,8,0,identity,1000000,20,8,5,0,0.011071,0.01129
targeted,cachedfixed,numeric,8,0,identity,1000000,20,8,5,0,0.010992,0.011032
targeted,control,numeric,8,0,identity,1000000,20,8,5,0,0.011233,0.010982
targeted,control,numeric,8,0,identity,1000000,20,8,6,0,0.010986,0.011457
targeted,cachedfixed,numeric,8,0,identity,1000000,20,8,6,0,0.010966,0.010977
targeted,filteredstr,numeric,8,0,identity,1000000,20,8,6,0,0.010891,0.011478
targeted,numericunroll,numeric,8,0,identity,1000000,20,8,6,0,0.010444,0.011104
targeted,numericunroll,numeric,8,0,identity,1000000,20,8,7,0,0.010309,0.010537
targeted,filteredstr,numeric,8,0,identity,1000000,20,8,7,0,0.010955,0.011191
targeted,cachedfixed,numeric,8,0,identity,1000000,20,8,7,0,0.010902,0.011558
targeted,control,numeric,8,0,identity,1000000,20,8,7,0,0.010886,0.01138
targeted,control,numeric,8,0,identity,1000000,20,8,8,1,0.011339,0.011554
targeted,cachedfixed,numeric,8,0,identity,1000000,20,8,8,1,0.011035,0.011133
targeted,filteredstr,numeric,8,0,identity,1000000,20,8,8,1,0.01155,0.011749
targeted,numericunroll,numeric,8,0,identity,1000000,20,8,8,1,0.011243,0.01086
targeted,control,numeric,8,0,scattered,1000000,20,8,0,0,0.011112,0.011403
targeted,cachedfixed,numeric,8,0,scattered,1000000,20,8,0,0,0.011106,0.011061
targeted,filteredstr,numeric,8,0,scattered,1000000,20,8,0,0,0.011219,0.011121
targeted,numericunroll,numeric,8,0,scattered,1000000,20,8,0,0,0.01168,0.011131
targeted,numericunroll,numeric,8,0,scattered,1000000,20,8,1,0,0.011265,0.010944
targeted,filteredstr,numeric,8,0,scattered,1000000,20,8,1,0,0.01155,0.011533
targeted,cachedfixed,numeric,8,0,scattered,1000000,20,8,1,0,0.011283,0.011402
targeted,control,numeric,8,0,scattered,1000000,20,8,1,0,0.011593,0.011045
targeted,control,numeric,8,0,scattered,1000000,20,8,2,0,0.011572,0.01201
targeted,cachedfixed,numeric,8,0,scattered,1000000,20,8,2,0,0.0114,0.010851
targeted,filteredstr,numeric,8,0,scattered,1000000,20,8,2,0,0.011461,0.010734
targeted,numericunroll,numeric,8,0,scattered,1000000,20,8,2,0,0.010567,0.01106
targeted,numericunroll,numeric,8,0,scattered,1000000,20,8,3,0,0.01051,0.011088
targeted,filteredstr,numeric,8,0,scattered,1000000,20,8,3,0,0.011158,0.01135
targeted,cachedfixed,numeric,8,0,scattered,1000000,20,8,3,0,0.011481,0.011201
targeted,control,numeric,8,0,scattered,1000000,20,8,3,0,0.011191,0.01082
targeted,control,numeric,8,0,scattered,1000000,20,8,4,0,0.011034,0.01117
targeted,cachedfixed,numeric,8,0,scattered,1000000,20,8,4,0,0.011353,0.011088
targeted,filteredstr,numeric,8,0,scattered,1000000,20,8,4,0,0.01121,0.011395
targeted,numericunroll,numeric,8,0,scattered,1000000,20,8,4,0,0.01085,0.011303
targeted,numericunroll,numeric,8,0,scattered,1000000,20,8,5,0,0.01049,0.011006
targeted,filteredstr,numeric,8,0,scattered,1000000,20,8,5,0,0.011143,0.011053
targeted,cachedfixed,numeric,8,0,scattered,1000000,20,8,5,0,0.011375,0.011025
targeted,control,numeric,8,0,scattered,1000000,20,8,5,0,0.011263,0.010847
targeted,control,numeric,8,0,scattered,1000000,20,8,6,0,0.011227,0.01121
targeted,cachedfixed,numeric,8,0,scattered,1000000,20,8,6,0,0.011372,0.01118
targeted,filteredstr,numeric,8,0,scattered,1000000,20,8,6,0,0.011299,0.010935
targeted,numericunroll,numeric,8,0,scattered,1000000,20,8,6,0,0.010577,0.010942
targeted,numericunroll,numeric,8,0,scattered,1000000,20,8,7,0,0.01062,0.010902
targeted,filteredstr,numeric,8,0,scattered,1000000,20,8,7,0,0.01134,0.011031
targeted,cachedfixed,numeric,8,0,scattered,1000000,20,8,7,0,0.011802,0.011361
targeted,control,numeric,8,0,scattered,1000000,20,8,7,0,0.011128,0.011269
targeted,control,numeric,8,0,scattered,1000000,20,8,8,1,0.011091,0.01101
targeted,cachedfixed,numeric,8,0,scattered,1000000,20,8,8,1,0.011512,0.011145
targeted,filteredstr,numeric,8,0,scattered,1000000,20,8,8,1,0.011006,0.011123
targeted,numericunroll,numeric,8,0,scattered,1000000,20,8,8,1,0.010762,0.011223
targeted,control,numeric,8,0,filtered,666667,20,8,0,0,0.025305,0.015961
targeted,cachedfixed,numeric,8,0,filtered,666667,20,8,0,0,0.025213,0.015782
targeted,filteredstr,numeric,8,0,filtered,666667,20,8,0,0,0.025192,0.01695
targeted,numericunroll,numeric,8,0,filtered,666667,20,8,0,0,0.025637,0.015917
targeted,numericunroll,numeric,8,0,filtered,666667,20,8,1,0,0.025001,0.016318
targeted,filteredstr,numeric,8,0,filtered,666667,20,8,1,0,0.025742,0.01579
targeted,cachedfixed,numeric,8,0,filtered,666667,20,8,1,0,0.025747,0.016004
targeted,control,numeric,8,0,filtered,666667,20,8,1,0,0.025809,0.014921
targeted,control,numeric,8,0,filtered,666667,20,8,2,0,0.025535,0.015979
targeted,cachedfixed,numeric,8,0,filtered,666667,20,8,2,0,0.026371,0.015788
targeted,filteredstr,numeric,8,0,filtered,666667,20,8,2,0,0.025137,0.015629
targeted,numericunroll,numeric,8,0,filtered,666667,20,8,2,0,0.025004,0.01652
targeted,numericunroll,numeric,8,0,filtered,666667,20,8,3,0,0.0255,0.016878
targeted,filteredstr,numeric,8,0,filtered,666667,20,8,3,0,0.025955,0.017045
targeted,cachedfixed,numeric,8,0,filtered,666667,20,8,3,0,0.02718,0.01798
targeted,control,numeric,8,0,filtered,666667,20,8,3,0,0.026216,0.018254
targeted,control,numeric,8,0,filtered,666667,20,8,4,0,0.02601,0.016977
targeted,cachedfixed,numeric,8,0,filtered,666667,20,8,4,0,0.026417,0.017064
targeted,filteredstr,numeric,8,0,filtered,666667,20,8,4,0,0.025735,0.01573
targeted,numericunroll,numeric,8,0,filtered,666667,20,8,4,0,0.025354,0.015785
targeted,numericunroll,numeric,8,0,filtered,666667,20,8,5,0,0.025264,0.016292
targeted,filteredstr,numeric,8,0,filtered,666667,20,8,5,0,0.025728,0.015546
targeted,cachedfixed,numeric,8,0,filtered,666667,20,8,5,0,0.026666,0.015902
targeted,control,numeric,8,0,filtered,666667,20,8,5,0,0.025526,0.015592
targeted,control,numeric,8,0,filtered,666667,20,8,6,0,0.025603,0.015465
targeted,cachedfixed,numeric,8,0,filtered,666667,20,8,6,0,0.025263,0.015802
targeted,filteredstr,numeric,8,0,filtered,666667,20,8,6,0,0.025325,0.015428
targeted,numericunroll,numeric,8,0,filtered,666667,20,8,6,0,0.025069,0.016328
targeted,numericunroll,numeric,8,0,filtered,666667,20,8,7,0,0.024883,0.015845
targeted,filteredstr,numeric,8,0,filtered,666667,20,8,7,0,0.025539,0.017256
targeted,cachedfixed,numeric,8,0,filtered,666667,20,8,7,0,0.025827,0.017164
targeted,control,numeric,8,0,filtered,666667,20,8,7,0,0.026006,0.017405
targeted,control,numeric,8,0,filtered,666667,20,8,8,1,0.026739,0.016416
targeted,cachedfixed,numeric,8,0,filtered,666667,20,8,8,1,0.025347,0.016355
targeted,filteredstr,numeric,8,0,filtered,666667,20,8,8,1,0.025356,0.016185
targeted,numericunroll,numeric,8,0,filtered,666667,20,8,8,1,0.025018,0.015527
targeted,control,mixed,8,1,identity,1000000,20,8,0,0,0.024871,0.02513
targeted,cachedfixed,mixed,8,1,identity,1000000,20,8,0,0,0.022293,0.025271
targeted,filteredstr,mixed,8,1,identity,1000000,20,8,0,0,0.022999,0.023872
targeted,numericunroll,mixed,8,1,identity,1000000,20,8,0,0,0.022763,0.025155
targeted,numericunroll,mixed,8,1,identity,1000000,20,8,1,0,0.022994,0.025141
targeted,filteredstr,mixed,8,1,identity,1000000,20,8,1,0,0.024256,0.024436
targeted,cachedfixed,mixed,8,1,identity,1000000,20,8,1,0,0.021963,0.024375
targeted,control,mixed,8,1,identity,1000000,20,8,1,0,0.022926,0.027047
targeted,control,mixed,8,1,identity,1000000,20,8,2,0,0.023056,0.024285
targeted,cachedfixed,mixed,8,1,identity,1000000,20,8,2,0,0.022223,0.025081
targeted,filteredstr,mixed,8,1,identity,1000000,20,8,2,0,0.024692,0.023956
targeted,numericunroll,mixed,8,1,identity,1000000,20,8,2,0,0.022889,0.024031
targeted,numericunroll,mixed,8,1,identity,1000000,20,8,3,0,0.023009,0.023804
targeted,filteredstr,mixed,8,1,identity,1000000,20,8,3,0,0.023354,0.024196
targeted,cachedfixed,mixed,8,1,identity,1000000,20,8,3,0,0.021839,0.025472
targeted,control,mixed,8,1,identity,1000000,20,8,3,0,0.023455,0.024565
targeted,control,mixed,8,1,identity,1000000,20,8,4,0,0.023668,0.025525
targeted,cachedfixed,mixed,8,1,identity,1000000,20,8,4,0,0.023239,0.024608
targeted,filteredstr,mixed,8,1,identity,1000000,20,8,4,0,0.023199,0.023968
targeted,numericunroll,mixed,8,1,identity,1000000,20,8,4,0,0.024253,0.02454
targeted,numericunroll,mixed,8,1,identity,1000000,20,8,5,0,0.024358,0.024163
targeted,filteredstr,mixed,8,1,identity,1000000,20,8,5,0,0.024311,0.024448
targeted,cachedfixed,mixed,8,1,identity,1000000,20,8,5,0,0.023813,0.025116
targeted,control,mixed,8,1,identity,1000000,20,8,5,0,0.024207,0.025251
targeted,control,mixed,8,1,identity,1000000,20,8,6,0,0.02322,0.024335
targeted,cachedfixed,mixed,8,1,identity,1000000,20,8,6,0,0.021983,0.024197
targeted,filteredstr,mixed,8,1,identity,1000000,20,8,6,0,0.023476,0.024984
targeted,numericunroll,mixed,8,1,identity,1000000,20,8,6,0,0.023795,0.023194
targeted,numericunroll,mixed,8,1,identity,1000000,20,8,7,0,0.022855,0.023809
targeted,filteredstr,mixed,8,1,identity,1000000,20,8,7,0,0.02363,0.025047
targeted,cachedfixed,mixed,8,1,identity,1000000,20,8,7,0,0.022518,0.025402
targeted,control,mixed,8,1,identity,1000000,20,8,7,0,0.023749,0.024773
targeted,control,mixed,8,1,identity,1000000,20,8,8,1,0.023252,0.025802
targeted,cachedfixed,mixed,8,1,identity,1000000,20,8,8,1,0.022538,0.024591
targeted,filteredstr,mixed,8,1,identity,1000000,20,8,8,1,0.024589,0.024889
targeted,numericunroll,mixed,8,1,identity,1000000,20,8,8,1,0.022926,0.024241
targeted,control,mixed,8,1,scattered,1000000,20,8,0,0,0.024,0.037447
targeted,cachedfixed,mixed,8,1,scattered,1000000,20,8,0,0,0.021981,0.039519
targeted,filteredstr,mixed,8,1,scattered,1000000,20,8,0,0,0.023334,0.036235
targeted,numericunroll,mixed,8,1,scattered,1000000,20,8,0,0,0.022989,0.037232
targeted,numericunroll,mixed,8,1,scattered,1000000,20,8,1,0,0.023133,0.038198
targeted,filteredstr,mixed,8,1,scattered,1000000,20,8,1,0,0.024098,0.038829
targeted,cachedfixed,mixed,8,1,scattered,1000000,20,8,1,0,0.022468,0.038997
targeted,control,mixed,8,1,scattered,1000000,20,8,1,0,0.022671,0.037046
targeted,control,mixed,8,1,scattered,1000000,20,8,2,0,0.023851,0.037554
targeted,cachedfixed,mixed,8,1,scattered,1000000,20,8,2,0,0.022129,0.039177
targeted,filteredstr,mixed,8,1,scattered,1000000,20,8,2,0,0.023239,0.035876
targeted,numericunroll,mixed,8,1,scattered,1000000,20,8,2,0,0.023823,0.03842
targeted,numericunroll,mixed,8,1,scattered,1000000,20,8,3,0,0.023193,0.035601
targeted,filteredstr,mixed,8,1,scattered,1000000,20,8,3,0,0.023662,0.036935
targeted,cachedfixed,mixed,8,1,scattered,1000000,20,8,3,0,0.023487,0.040327
targeted,control,mixed,8,1,scattered,1000000,20,8,3,0,0.025593,0.039131
targeted,control,mixed,8,1,scattered,1000000,20,8,4,0,0.025342,0.038625
targeted,cachedfixed,mixed,8,1,scattered,1000000,20,8,4,0,0.023626,0.039863
targeted,filteredstr,mixed,8,1,scattered,1000000,20,8,4,0,0.024747,0.038175
targeted,numericunroll,mixed,8,1,scattered,1000000,20,8,4,0,0.023238,0.036916
targeted,numericunroll,mixed,8,1,scattered,1000000,20,8,5,0,0.023234,0.036252
targeted,filteredstr,mixed,8,1,scattered,1000000,20,8,5,0,0.023068,0.039096
targeted,cachedfixed,mixed,8,1,scattered,1000000,20,8,5,0,0.023025,0.03777
targeted,control,mixed,8,1,scattered,1000000,20,8,5,0,0.023475,0.036614
targeted,control,mixed,8,1,scattered,1000000,20,8,6,0,0.023365,0.036473
targeted,cachedfixed,mixed,8,1,scattered,1000000,20,8,6,0,0.021921,0.037082
targeted,filteredstr,mixed,8,1,scattered,1000000,20,8,6,0,0.023999,0.039788
targeted,numericunroll,mixed,8,1,scattered,1000000,20,8,6,0,0.023291,0.036333
targeted,numericunroll,mixed,8,1,scattered,1000000,20,8,7,0,0.023578,0.037843
targeted,filteredstr,mixed,8,1,scattered,1000000,20,8,7,0,0.02325,0.037114
targeted,cachedfixed,mixed,8,1,scattered,1000000,20,8,7,0,0.022294,0.036557
targeted,control,mixed,8,1,scattered,1000000,20,8,7,0,0.023733,0.039466
targeted,control,mixed,8,1,scattered,1000000,20,8,8,1,0.023079,0.039255
targeted,cachedfixed,mixed,8,1,scattered,1000000,20,8,8,1,0.023992,0.039671
targeted,filteredstr,mixed,8,1,scattered,1000000,20,8,8,1,0.022872,0.036042
targeted,numericunroll,mixed,8,1,scattered,1000000,20,8,8,1,0.022983,0.037531
targeted,control,mixed,8,1,filtered,666667,20,8,0,0,0.040113,0.066609
targeted,cachedfixed,mixed,8,1,filtered,666667,20,8,0,0,0.040332,0.066456
targeted,filteredstr,mixed,8,1,filtered,666667,20,8,0,0,0.040588,0.024879
targeted,numericunroll,mixed,8,1,filtered,666667,20,8,0,0,0.039882,0.066933
targeted,numericunroll,mixed,8,1,filtered,666667,20,8,1,0,0.041622,0.069694
targeted,filteredstr,mixed,8,1,filtered,666667,20,8,1,0,0.043277,0.028399
targeted,cachedfixed,mixed,8,1,filtered,666667,20,8,1,0,0.039682,0.066899
targeted,control,mixed,8,1,filtered,666667,20,8,1,0,0.040004,0.067019
targeted,control,mixed,8,1,filtered,666667,20,8,2,0,0.039704,0.067246
targeted,cachedfixed,mixed,8,1,filtered,666667,20,8,2,0,0.039662,0.066927
targeted,filteredstr,mixed,8,1,filtered,666667,20,8,2,0,0.04004,0.02451
targeted,numericunroll,mixed,8,1,filtered,666667,20,8,2,0,0.03928,0.066863
targeted,numericunroll,mixed,8,1,filtered,666667,20,8,3,0,0.040184,0.066723
targeted,filteredstr,mixed,8,1,filtered,666667,20,8,3,0,0.040283,0.024949
targeted,cachedfixed,mixed,8,1,filtered,666667,20,8,3,0,0.039814,0.067434
targeted,control,mixed,8,1,filtered,666667,20,8,3,0,0.043475,0.068446
targeted,control,mixed,8,1,filtered,666667,20,8,4,0,0.04203,0.067
targeted,cachedfixed,mixed,8,1,filtered,666667,20,8,4,0,0.039576,0.067033
targeted,filteredstr,mixed,8,1,filtered,666667,20,8,4,0,0.039611,0.023676
targeted,numericunroll,mixed,8,1,filtered,666667,20,8,4,0,0.039732,0.066826
targeted,numericunroll,mixed,8,1,filtered,666667,20,8,5,0,0.039609,0.066493
targeted,filteredstr,mixed,8,1,filtered,666667,20,8,5,0,0.040156,0.023876
targeted,cachedfixed,mixed,8,1,filtered,666667,20,8,5,0,0.039697,0.066408
targeted,control,mixed,8,1,filtered,666667,20,8,5,0,0.040424,0.066744
targeted,control,mixed,8,1,filtered,666667,20,8,6,0,0.040056,0.066133
targeted,cachedfixed,mixed,8,1,filtered,666667,20,8,6,0,0.039594,0.06658
targeted,filteredstr,mixed,8,1,filtered,666667,20,8,6,0,0.039778,0.02442
targeted,numericunroll,mixed,8,1,filtered,666667,20,8,6,0,0.039853,0.06707
targeted,numericunroll,mixed,8,1,filtered,666667,20,8,7,0,0.04021,0.066655
targeted,filteredstr,mixed,8,1,filtered,666667,20,8,7,0,0.039947,0.024093
targeted,cachedfixed,mixed,8,1,filtered,666667,20,8,7,0,0.039878,0.06705
targeted,control,mixed,8,1,filtered,666667,20,8,7,0,0.039645,0.067174
targeted,control,mixed,8,1,filtered,666667,20,8,8,1,0.040403,0.066867
targeted,cachedfixed,mixed,8,1,filtered,666667,20,8,8,1,0.044056,0.066971
targeted,filteredstr,mixed,8,1,filtered,666667,20,8,8,1,0.040312,0.024211
targeted,numericunroll,mixed,8,1,filtered,666667,20,8,8,1,0.039747,0.067422
targeted,control,mixed,8,0,identity,1000000,20,8,0,0,0.031223,0.019414
targeted,cachedfixed,mixed,8,0,identity,1000000,20,8,0,0,0.027069,0.020465
targeted,filteredstr,mixed,8,0,identity,1000000,20,8,0,0,0.026444,0.019528
targeted,numericunroll,mixed,8,0,identity,1000000,20,8,0,0,0.024927,0.019026
targeted,numericunroll,mixed,8,0,identity,1000000,20,8,1,0,0.029427,0.019782
targeted,filteredstr,mixed,8,0,identity,1000000,20,8,1,0,0.027126,0.018935
targeted,cachedfixed,mixed,8,0,identity,1000000,20,8,1,0,0.024833,0.018918
targeted,control,mixed,8,0,identity,1000000,20,8,1,0,0.034689,0.018956
targeted,control,mixed,8,0,identity,1000000,20,8,2,0,0.031526,0.019896
targeted,cachedfixed,mixed,8,0,identity,1000000,20,8,2,0,0.026631,0.019594
targeted,filteredstr,mixed,8,0,identity,1000000,20,8,2,0,0.029066,0.019015
targeted,numericunroll,mixed,8,0,identity,1000000,20,8,2,0,0.027882,0.019312
targeted,numericunroll,mixed,8,0,identity,1000000,20,8,3,0,0.025002,0.019215
targeted,filteredstr,mixed,8,0,identity,1000000,20,8,3,0,0.026662,0.035552
targeted,cachedfixed,mixed,8,0,identity,1000000,20,8,3,0,0.028661,0.019307
targeted,control,mixed,8,0,identity,1000000,20,8,3,0,0.034887,0.019064
targeted,control,mixed,8,0,identity,1000000,20,8,4,0,0.030002,0.019994
targeted,cachedfixed,mixed,8,0,identity,1000000,20,8,4,0,0.02795,0.019393
targeted,filteredstr,mixed,8,0,identity,1000000,20,8,4,0,0.029285,0.0198
targeted,numericunroll,mixed,8,0,identity,1000000,20,8,4,0,0.026308,0.019917
targeted,numericunroll,mixed,8,0,identity,1000000,20,8,5,0,0.028631,0.019232
targeted,filteredstr,mixed,8,0,identity,1000000,20,8,5,0,0.027514,0.020796
targeted,cachedfixed,mixed,8,0,identity,1000000,20,8,5,0,0.026267,0.020676
targeted,control,mixed,8,0,identity,1000000,20,8,5,0,0.030727,0.019224
targeted,control,mixed,8,0,identity,1000000,20,8,6,0,0.032821,0.019362
targeted,cachedfixed,mixed,8,0,identity,1000000,20,8,6,0,0.026314,0.019301
targeted,filteredstr,mixed,8,0,identity,1000000,20,8,6,0,0.024353,0.019074
targeted,numericunroll,mixed,8,0,identity,1000000,20,8,6,0,0.029116,0.01903
targeted,numericunroll,mixed,8,0,identity,1000000,20,8,7,0,0.023916,0.019544
targeted,filteredstr,mixed,8,0,identity,1000000,20,8,7,0,0.02686,0.020423
targeted,cachedfixed,mixed,8,0,identity,1000000,20,8,7,0,0.024901,0.019481
targeted,control,mixed,8,0,identity,1000000,20,8,7,0,0.031423,0.01896
targeted,control,mixed,8,0,identity,1000000,20,8,8,1,0.036006,0.019784
targeted,cachedfixed,mixed,8,0,identity,1000000,20,8,8,1,0.028956,0.019276
targeted,filteredstr,mixed,8,0,identity,1000000,20,8,8,1,0.027921,0.018962
targeted,numericunroll,mixed,8,0,identity,1000000,20,8,8,1,0.025322,0.019664
targeted,control,mixed,8,0,scattered,1000000,20,8,0,0,0.034349,0.029224
targeted,cachedfixed,mixed,8,0,scattered,1000000,20,8,0,0,0.026347,0.028504
targeted,filteredstr,mixed,8,0,scattered,1000000,20,8,0,0,0.023864,0.028418
targeted,numericunroll,mixed,8,0,scattered,1000000,20,8,0,0,0.027831,0.029264
targeted,numericunroll,mixed,8,0,scattered,1000000,20,8,1,0,0.025595,0.027741
targeted,filteredstr,mixed,8,0,scattered,1000000,20,8,1,0,0.026531,0.0297
targeted,cachedfixed,mixed,8,0,scattered,1000000,20,8,1,0,0.026763,0.028527
targeted,control,mixed,8,0,scattered,1000000,20,8,1,0,0.032203,0.02797
targeted,control,mixed,8,0,scattered,1000000,20,8,2,0,0.031099,0.029142
targeted,cachedfixed,mixed,8,0,scattered,1000000,20,8,2,0,0.024543,0.02943
targeted,filteredstr,mixed,8,0,scattered,1000000,20,8,2,0,0.025406,0.029988
targeted,numericunroll,mixed,8,0,scattered,1000000,20,8,2,0,0.023067,0.028969
targeted,numericunroll,mixed,8,0,scattered,1000000,20,8,3,0,0.022986,0.029649
targeted,filteredstr,mixed,8,0,scattered,1000000,20,8,3,0,0.025874,0.030873
targeted,cachedfixed,mixed,8,0,scattered,1000000,20,8,3,0,0.024825,0.032509
targeted,control,mixed,8,0,scattered,1000000,20,8,3,0,0.028732,0.033977
targeted,control,mixed,8,0,scattered,1000000,20,8,4,0,0.03375,0.034374
targeted,cachedfixed,mixed,8,0,scattered,1000000,20,8,4,0,0.029107,0.03286
targeted,filteredstr,mixed,8,0,scattered,1000000,20,8,4,0,0.029655,0.032155
targeted,numericunroll,mixed,8,0,scattered,1000000,20,8,4,0,0.025076,0.032273
targeted,numericunroll,mixed,8,0,scattered,1000000,20,8,5,0,0.027976,0.033365
targeted,filteredstr,mixed,8,0,scattered,1000000,20,8,5,0,0.027828,0.032334
targeted,cachedfixed,mixed,8,0,scattered,1000000,20,8,5,0,0.026964,0.035718
targeted,control,mixed,8,0,scattered,1000000,20,8,5,0,0.033707,0.031959
targeted,control,mixed,8,0,scattered,1000000,20,8,6,0,0.034407,0.032407
targeted,cachedfixed,mixed,8,0,scattered,1000000,20,8,6,0,0.027421,0.033504
targeted,filteredstr,mixed,8,0,scattered,1000000,20,8,6,0,0.029116,0.033557
targeted,numericunroll,mixed,8,0,scattered,1000000,20,8,6,0,0.027164,0.034416
targeted,numericunroll,mixed,8,0,scattered,1000000,20,8,7,0,0.030889,0.034776
targeted,filteredstr,mixed,8,0,scattered,1000000,20,8,7,0,0.030354,0.033946
targeted,cachedfixed,mixed,8,0,scattered,1000000,20,8,7,0,0.02314,0.031792
targeted,control,mixed,8,0,scattered,1000000,20,8,7,0,0.033609,0.030319
targeted,control,mixed,8,0,scattered,1000000,20,8,8,1,0.038225,0.031879
targeted,cachedfixed,mixed,8,0,scattered,1000000,20,8,8,1,0.026004,0.030973
targeted,filteredstr,mixed,8,0,scattered,1000000,20,8,8,1,0.028876,0.03133
targeted,numericunroll,mixed,8,0,scattered,1000000,20,8,8,1,0.027709,0.035322
targeted,control,mixed,8,0,filtered,666667,20,8,0,0,0.051701,0.069912
targeted,cachedfixed,mixed,8,0,filtered,666667,20,8,0,0,0.046246,0.070561
targeted,filteredstr,mixed,8,0,filtered,666667,20,8,0,0,0.104729,0.029022
targeted,numericunroll,mixed,8,0,filtered,666667,20,8,0,0,0.046535,0.06964
targeted,numericunroll,mixed,8,0,filtered,666667,20,8,1,0,0.043564,0.071103
targeted,filteredstr,mixed,8,0,filtered,666667,20,8,1,0,0.04816,0.02876
targeted,cachedfixed,mixed,8,0,filtered,666667,20,8,1,0,0.047399,0.069447
targeted,control,mixed,8,0,filtered,666667,20,8,1,0,0.052425,0.07252
targeted,control,mixed,8,0,filtered,666667,20,8,2,0,0.048162,0.073005
targeted,cachedfixed,mixed,8,0,filtered,666667,20,8,2,0,0.052144,0.073033
targeted,filteredstr,mixed,8,0,filtered,666667,20,8,2,0,0.054717,0.034535
targeted,numericunroll,mixed,8,0,filtered,666667,20,8,2,0,0.05423,0.073725
targeted,numericunroll,mixed,8,0,filtered,666667,20,8,3,0,0.051615,0.071722
targeted,filteredstr,mixed,8,0,filtered,666667,20,8,3,0,0.046079,0.028702
targeted,cachedfixed,mixed,8,0,filtered,666667,20,8,3,0,0.048416,0.073324
targeted,control,mixed,8,0,filtered,666667,20,8,3,0,0.051218,0.071789
targeted,control,mixed,8,0,filtered,666667,20,8,4,0,0.053126,0.072355
targeted,cachedfixed,mixed,8,0,filtered,666667,20,8,4,0,0.048067,0.073138
targeted,filteredstr,mixed,8,0,filtered,666667,20,8,4,0,0.050702,0.031804
targeted,numericunroll,mixed,8,0,filtered,666667,20,8,4,0,0.049674,0.070932
targeted,numericunroll,mixed,8,0,filtered,666667,20,8,5,0,0.049614,0.070344
targeted,filteredstr,mixed,8,0,filtered,666667,20,8,5,0,0.04926,0.02991
targeted,cachedfixed,mixed,8,0,filtered,666667,20,8,5,0,0.048375,0.069962
targeted,control,mixed,8,0,filtered,666667,20,8,5,0,0.051747,0.069863
targeted,control,mixed,8,0,filtered,666667,20,8,6,0,0.055172,0.070088
targeted,cachedfixed,mixed,8,0,filtered,666667,20,8,6,0,0.043611,0.175262
targeted,filteredstr,mixed,8,0,filtered,666667,20,8,6,0,0.050468,0.034148
targeted,numericunroll,mixed,8,0,filtered,666667,20,8,6,0,0.047394,0.074901
targeted,numericunroll,mixed,8,0,filtered,666667,20,8,7,0,0.044589,0.074293
targeted,filteredstr,mixed,8,0,filtered,666667,20,8,7,0,0.055039,0.038359
targeted,cachedfixed,mixed,8,0,filtered,666667,20,8,7,0,0.047752,0.071813
targeted,control,mixed,8,0,filtered,666667,20,8,7,0,0.052628,0.071766
targeted,control,mixed,8,0,filtered,666667,20,8,8,1,0.050014,0.070764
targeted,cachedfixed,mixed,8,0,filtered,666667,20,8,8,1,0.041207,0.070455
targeted,filteredstr,mixed,8,0,filtered,666667,20,8,8,1,0.045529,0.029125
targeted,numericunroll,mixed,8,0,filtered,666667,20,8,8,1,0.045513,0.068498
targeted,control,mixed,32,1,identity,1000000,20,8,0,0,0.089032,0.052312
targeted,cachedfixed,mixed,32,1,identity,1000000,20,8,0,0,0.070427,0.051636
targeted,filteredstr,mixed,32,1,identity,1000000,20,8,0,0,0.07352,0.058288
targeted,numericunroll,mixed,32,1,identity,1000000,20,8,0,0,0.092666,0.061247
targeted,numericunroll,mixed,32,1,identity,1000000,20,8,1,0,0.0947,0.055333
targeted,filteredstr,mixed,32,1,identity,1000000,20,8,1,0,0.099647,0.059409
targeted,cachedfixed,mixed,32,1,identity,1000000,20,8,1,0,0.096571,0.061246
targeted,control,mixed,32,1,identity,1000000,20,8,1,0,0.097275,0.067993
targeted,control,mixed,32,1,identity,1000000,20,8,2,0,0.105567,0.06303
targeted,cachedfixed,mixed,32,1,identity,1000000,20,8,2,0,0.097035,0.059483
targeted,filteredstr,mixed,32,1,identity,1000000,20,8,2,0,0.09337,0.057919
targeted,numericunroll,mixed,32,1,identity,1000000,20,8,2,0,0.078496,0.057376
targeted,numericunroll,mixed,32,1,identity,1000000,20,8,3,0,0.083732,0.059473
targeted,filteredstr,mixed,32,1,identity,1000000,20,8,3,0,0.085788,0.058763
targeted,cachedfixed,mixed,32,1,identity,1000000,20,8,3,0,0.090972,0.057267
targeted,control,mixed,32,1,identity,1000000,20,8,3,0,0.076147,0.059616
targeted,control,mixed,32,1,identity,1000000,20,8,4,0,0.08103,0.055996
targeted,cachedfixed,mixed,32,1,identity,1000000,20,8,4,0,0.081553,0.057838
targeted,filteredstr,mixed,32,1,identity,1000000,20,8,4,0,0.098913,0.054549
targeted,numericunroll,mixed,32,1,identity,1000000,20,8,4,0,0.097802,0.062777
targeted,numericunroll,mixed,32,1,identity,1000000,20,8,5,0,0.098445,0.061393
targeted,filteredstr,mixed,32,1,identity,1000000,20,8,5,0,0.106836,0.079604
targeted,cachedfixed,mixed,32,1,identity,1000000,20,8,5,0,0.089292,0.076126
targeted,control,mixed,32,1,identity,1000000,20,8,5,0,0.10472,0.06087
targeted,control,mixed,32,1,identity,1000000,20,8,6,0,0.098696,0.063934
targeted,cachedfixed,mixed,32,1,identity,1000000,20,8,6,0,0.120595,0.06577
targeted,filteredstr,mixed,32,1,identity,1000000,20,8,6,0,0.102649,0.068889
targeted,numericunroll,mixed,32,1,identity,1000000,20,8,6,0,0.128765,0.074137
targeted,numericunroll,mixed,32,1,identity,1000000,20,8,7,0,0.126436,0.071883
targeted,filteredstr,mixed,32,1,identity,1000000,20,8,7,0,0.117081,0.069551
targeted,cachedfixed,mixed,32,1,identity,1000000,20,8,7,0,0.115236,0.064108
targeted,control,mixed,32,1,identity,1000000,20,8,7,0,0.100674,0.060072
targeted,control,mixed,32,1,identity,1000000,20,8,8,1,0.100607,0.052385
targeted,cachedfixed,mixed,32,1,identity,1000000,20,8,8,1,0.06279,0.051948
targeted,filteredstr,mixed,32,1,identity,1000000,20,8,8,1,0.054469,0.051803
targeted,numericunroll,mixed,32,1,identity,1000000,20,8,8,1,0.081478,0.060007
targeted,control,mixed,32,1,scattered,1000000,20,8,0,0,0.09171,0.079306
targeted,cachedfixed,mixed,32,1,scattered,1000000,20,8,0,0,0.083279,0.074353
targeted,filteredstr,mixed,32,1,scattered,1000000,20,8,0,0,0.054977,0.072344
targeted,numericunroll,mixed,32,1,scattered,1000000,20,8,0,0,0.081781,0.080352
targeted,numericunroll,mixed,32,1,scattered,1000000,20,8,1,0,0.072183,0.073242
targeted,filteredstr,mixed,32,1,scattered,1000000,20,8,1,0,0.076285,0.072708
targeted,cachedfixed,mixed,32,1,scattered,1000000,20,8,1,0,0.074652,0.073543
targeted,control,mixed,32,1,scattered,1000000,20,8,1,0,0.072417,0.07704
targeted,control,mixed,32,1,scattered,1000000,20,8,2,0,0.074514,0.073212
targeted,cachedfixed,mixed,32,1,scattered,1000000,20,8,2,0,0.073424,0.074498
targeted,filteredstr,mixed,32,1,scattered,1000000,20,8,2,0,0.07883,0.072549
targeted,numericunroll,mixed,32,1,scattered,1000000,20,8,2,0,0.076322,0.076161
targeted,numericunroll,mixed,32,1,scattered,1000000,20,8,3,0,0.055471,0.0719
targeted,filteredstr,mixed,32,1,scattered,1000000,20,8,3,0,0.077888,0.072551
targeted,cachedfixed,mixed,32,1,scattered,1000000,20,8,3,0,0.07833,0.07273
targeted,control,mixed,32,1,scattered,1000000,20,8,3,0,0.085608,0.081395
targeted,control,mixed,32,1,scattered,1000000,20,8,4,0,0.104225,0.079571
targeted,cachedfixed,mixed,32,1,scattered,1000000,20,8,4,0,0.077438,0.072678
targeted,filteredstr,mixed,32,1,scattered,1000000,20,8,4,0,0.076141,0.073459
targeted,numericunroll,mixed,32,1,scattered,1000000,20,8,4,0,0.071577,0.074669
targeted,numericunroll,mixed,32,1,scattered,1000000,20,8,5,0,0.07606,0.074374
targeted,filteredstr,mixed,32,1,scattered,1000000,20,8,5,0,0.077548,0.07308
targeted,cachedfixed,mixed,32,1,scattered,1000000,20,8,5,0,0.055707,0.08321
targeted,control,mixed,32,1,scattered,1000000,20,8,5,0,0.096074,0.083065
targeted,control,mixed,32,1,scattered,1000000,20,8,6,0,0.086525,0.074537
targeted,cachedfixed,mixed,32,1,scattered,1000000,20,8,6,0,0.068052,0.074324
targeted,filteredstr,mixed,32,1,scattered,1000000,20,8,6,0,0.091904,0.075839
targeted,numericunroll,mixed,32,1,scattered,1000000,20,8,6,0,0.083322,0.079461
targeted,numericunroll,mixed,32,1,scattered,1000000,20,8,7,0,0.056397,0.082798
targeted,filteredstr,mixed,32,1,scattered,1000000,20,8,7,0,0.074187,0.075577
targeted,cachedfixed,mixed,32,1,scattered,1000000,20,8,7,0,0.092567,0.073776
targeted,control,mixed,32,1,scattered,1000000,20,8,7,0,0.075858,0.078306
targeted,control,mixed,32,1,scattered,1000000,20,8,8,1,0.075755,0.076772
targeted,cachedfixed,mixed,32,1,scattered,1000000,20,8,8,1,0.073037,0.080442
targeted,filteredstr,mixed,32,1,scattered,1000000,20,8,8,1,0.077457,0.07221
targeted,numericunroll,mixed,32,1,scattered,1000000,20,8,8,1,0.075637,0.081669
targeted,control,mixed,32,1,filtered,666667,20,8,0,0,0.075936,0.172702
targeted,cachedfixed,mixed,32,1,filtered,666667,20,8,0,0,0.087919,0.175771
targeted,filteredstr,mixed,32,1,filtered,666667,20,8,0,0,0.093443,0.046327
targeted,numericunroll,mixed,32,1,filtered,666667,20,8,0,0,0.092632,0.175627
targeted,numericunroll,mixed,32,1,filtered,666667,20,8,1,0,0.093252,0.175487
targeted,filteredstr,mixed,32,1,filtered,666667,20,8,1,0,0.07523,0.045917
targeted,cachedfixed,mixed,32,1,filtered,666667,20,8,1,0,0.086379,0.174616
targeted,control,mixed,32,1,filtered,666667,20,8,1,0,0.089762,0.172474
targeted,control,mixed,32,1,filtered,666667,20,8,2,0,0.095903,0.180089
targeted,cachedfixed,mixed,32,1,filtered,666667,20,8,2,0,0.096223,0.179513
targeted,filteredstr,mixed,32,1,filtered,666667,20,8,2,0,0.099448,0.046211
targeted,numericunroll,mixed,32,1,filtered,666667,20,8,2,0,0.101764,0.18082
targeted,numericunroll,mixed,32,1,filtered,666667,20,8,3,0,0.103593,0.179366
targeted,filteredstr,mixed,32,1,filtered,666667,20,8,3,0,0.101649,0.050537
targeted,cachedfixed,mixed,32,1,filtered,666667,20,8,3,0,0.127472,0.179927
targeted,control,mixed,32,1,filtered,666667,20,8,3,0,0.203164,0.175756
targeted,control,mixed,32,1,filtered,666667,20,8,4,0,0.093035,0.182894
targeted,cachedfixed,mixed,32,1,filtered,666667,20,8,4,0,0.092195,0.184536
targeted,filteredstr,mixed,32,1,filtered,666667,20,8,4,0,0.09454,0.048007
targeted,numericunroll,mixed,32,1,filtered,666667,20,8,4,0,0.082417,0.177163
targeted,numericunroll,mixed,32,1,filtered,666667,20,8,5,0,0.091103,0.175264
targeted,filteredstr,mixed,32,1,filtered,666667,20,8,5,0,0.090004,0.109587
targeted,cachedfixed,mixed,32,1,filtered,666667,20,8,5,0,0.105098,0.17122
targeted,control,mixed,32,1,filtered,666667,20,8,5,0,0.090205,0.17273
targeted,control,mixed,32,1,filtered,666667,20,8,6,0,0.090872,0.176043
targeted,cachedfixed,mixed,32,1,filtered,666667,20,8,6,0,0.090737,0.176549
targeted,filteredstr,mixed,32,1,filtered,666667,20,8,6,0,0.081376,0.042651
targeted,numericunroll,mixed,32,1,filtered,666667,20,8,6,0,0.08889,0.173163
targeted,numericunroll,mixed,32,1,filtered,666667,20,8,7,0,0.083407,0.177733
targeted,filteredstr,mixed,32,1,filtered,666667,20,8,7,0,0.088654,0.050523
targeted,cachedfixed,mixed,32,1,filtered,666667,20,8,7,0,0.088392,0.17662
targeted,control,mixed,32,1,filtered,666667,20,8,7,0,0.085406,0.178446
targeted,control,mixed,32,1,filtered,666667,20,8,8,1,0.077724,0.174503
targeted,cachedfixed,mixed,32,1,filtered,666667,20,8,8,1,0.077698,0.173351
targeted,filteredstr,mixed,32,1,filtered,666667,20,8,8,1,0.084079,0.051506
targeted,numericunroll,mixed,32,1,filtered,666667,20,8,8,1,0.077193,0.177904
targeted,control,mixed,32,0,identity,1000000,20,8,0,0,0.096776,0.05103
targeted,cachedfixed,mixed,32,0,identity,1000000,20,8,0,0,0.070999,0.055633
targeted,filteredstr,mixed,32,0,identity,1000000,20,8,0,0,0.086608,0.051466
targeted,numericunroll,mixed,32,0,identity,1000000,20,8,0,0,0.054696,0.051533
targeted,numericunroll,mixed,32,0,identity,1000000,20,8,1,0,0.075838,0.050476
targeted,filteredstr,mixed,32,0,identity,1000000,20,8,1,0,0.087763,0.051255
targeted,cachedfixed,mixed,32,0,identity,1000000,20,8,1,0,0.072801,0.051233
targeted,control,mixed,32,0,identity,1000000,20,8,1,0,0.097045,0.054013
targeted,control,mixed,32,0,identity,1000000,20,8,2,0,0.0974,0.051476
targeted,cachedfixed,mixed,32,0,identity,1000000,20,8,2,0,0.075266,0.052207
targeted,filteredstr,mixed,32,0,identity,1000000,20,8,2,0,0.076464,0.051059
targeted,numericunroll,mixed,32,0,identity,1000000,20,8,2,0,0.091535,0.051483
targeted,numericunroll,mixed,32,0,identity,1000000,20,8,3,0,0.09258,0.051107
targeted,filteredstr,mixed,32,0,identity,1000000,20,8,3,0,0.071798,0.04816
targeted,cachedfixed,mixed,32,0,identity,1000000,20,8,3,0,0.085215,0.050929
targeted,control,mixed,32,0,identity,1000000,20,8,3,0,0.089367,0.051224
targeted,control,mixed,32,0,identity,1000000,20,8,4,0,0.105306,0.052071
targeted,cachedfixed,mixed,32,0,identity,1000000,20,8,4,0,0.090066,0.05517
targeted,filteredstr,mixed,32,0,identity,1000000,20,8,4,0,0.10734,0.051116
targeted,numericunroll,mixed,32,0,identity,1000000,20,8,4,0,0.055907,0.051264
targeted,numericunroll,mixed,32,0,identity,1000000,20,8,5,0,0.084083,0.050789
targeted,filteredstr,mixed,32,0,identity,1000000,20,8,5,0,0.075445,0.051369
targeted,cachedfixed,mixed,32,0,identity,1000000,20,8,5,0,0.081294,0.051478
targeted,control,mixed,32,0,identity,1000000,20,8,5,0,0.086771,0.048543
targeted,control,mixed,32,0,identity,1000000,20,8,6,0,0.10639,0.056286
targeted,cachedfixed,mixed,32,0,identity,1000000,20,8,6,0,0.094246,0.058513
targeted,filteredstr,mixed,32,0,identity,1000000,20,8,6,0,0.09735,0.053568
targeted,numericunroll,mixed,32,0,identity,1000000,20,8,6,0,0.07692,0.050097
targeted,numericunroll,mixed,32,0,identity,1000000,20,8,7,0,0.066904,0.05714
targeted,filteredstr,mixed,32,0,identity,1000000,20,8,7,0,0.074294,0.051156
targeted,cachedfixed,mixed,32,0,identity,1000000,20,8,7,0,0.074691,0.049734
targeted,control,mixed,32,0,identity,1000000,20,8,7,0,0.094904,0.051003
targeted,control,mixed,32,0,identity,1000000,20,8,8,1,0.100389,0.051124
targeted,cachedfixed,mixed,32,0,identity,1000000,20,8,8,1,0.07722,0.054045
targeted,filteredstr,mixed,32,0,identity,1000000,20,8,8,1,0.053801,0.058865
targeted,numericunroll,mixed,32,0,identity,1000000,20,8,8,1,0.101121,0.056885
targeted,control,mixed,32,0,scattered,1000000,20,8,0,0,0.078479,0.070178
targeted,cachedfixed,mixed,32,0,scattered,1000000,20,8,0,0,0.077349,0.069917
targeted,filteredstr,mixed,32,0,scattered,1000000,20,8,0,0,0.074722,0.074697
targeted,numericunroll,mixed,32,0,scattered,1000000,20,8,0,0,0.089222,0.07401
targeted,numericunroll,mixed,32,0,scattered,1000000,20,8,1,0,0.078428,0.069049
targeted,filteredstr,mixed,32,0,scattered,1000000,20,8,1,0,0.083824,0.06955
targeted,cachedfixed,mixed,32,0,scattered,1000000,20,8,1,0,0.098936,0.070679
targeted,control,mixed,32,0,scattered,1000000,20,8,1,0,0.090543,0.073039
targeted,control,mixed,32,0,scattered,1000000,20,8,2,0,0.087896,0.069614
targeted,cachedfixed,mixed,32,0,scattered,1000000,20,8,2,0,0.076539,0.074713
targeted,filteredstr,mixed,32,0,scattered,1000000,20,8,2,0,0.095446,0.073016
targeted,numericunroll,mixed,32,0,scattered,1000000,20,8,2,0,0.097043,0.079373
targeted,numericunroll,mixed,32,0,scattered,1000000,20,8,3,0,0.074004,0.073164
targeted,filteredstr,mixed,32,0,scattered,1000000,20,8,3,0,0.077284,0.073382
targeted,cachedfixed,mixed,32,0,scattered,1000000,20,8,3,0,0.075254,0.068122
targeted,control,mixed,32,0,scattered,1000000,20,8,3,0,0.094387,0.076965
targeted,control,mixed,32,0,scattered,1000000,20,8,4,0,0.077311,0.070413
targeted,cachedfixed,mixed,32,0,scattered,1000000,20,8,4,0,0.054899,0.072116
targeted,filteredstr,mixed,32,0,scattered,1000000,20,8,4,0,0.073344,0.073002
targeted,numericunroll,mixed,32,0,scattered,1000000,20,8,4,0,0.054926,0.075193
targeted,numericunroll,mixed,32,0,scattered,1000000,20,8,5,0,0.081281,0.07023
targeted,filteredstr,mixed,32,0,scattered,1000000,20,8,5,0,0.097828,0.080939
targeted,cachedfixed,mixed,32,0,scattered,1000000,20,8,5,0,0.089801,0.076256
targeted,control,mixed,32,0,scattered,1000000,20,8,5,0,0.094377,0.073326
targeted,control,mixed,32,0,scattered,1000000,20,8,6,0,0.085569,0.068677
targeted,cachedfixed,mixed,32,0,scattered,1000000,20,8,6,0,0.087541,0.073014
targeted,filteredstr,mixed,32,0,scattered,1000000,20,8,6,0,0.076606,0.069274
targeted,numericunroll,mixed,32,0,scattered,1000000,20,8,6,0,0.089283,0.069627
targeted,numericunroll,mixed,32,0,scattered,1000000,20,8,7,0,0.075356,0.073523
targeted,filteredstr,mixed,32,0,scattered,1000000,20,8,7,0,0.086656,0.069863
targeted,cachedfixed,mixed,32,0,scattered,1000000,20,8,7,0,0.076889,0.070369
targeted,control,mixed,32,0,scattered,1000000,20,8,7,0,0.096362,0.076035
targeted,control,mixed,32,0,scattered,1000000,20,8,8,1,0.08391,0.070774
targeted,cachedfixed,mixed,32,0,scattered,1000000,20,8,8,1,0.096106,0.072423
targeted,filteredstr,mixed,32,0,scattered,1000000,20,8,8,1,0.077141,0.069401
targeted,numericunroll,mixed,32,0,scattered,1000000,20,8,8,1,0.076567,0.070323
targeted,control,mixed,32,0,filtered,666667,20,8,0,0,0.072708,0.170645
targeted,cachedfixed,mixed,32,0,filtered,666667,20,8,0,0,0.071494,0.173402
targeted,filteredstr,mixed,32,0,filtered,666667,20,8,0,0,0.072158,0.039145
targeted,numericunroll,mixed,32,0,filtered,666667,20,8,0,0,0.092125,0.171558
targeted,numericunroll,mixed,32,0,filtered,666667,20,8,1,0,0.09541,0.173243
targeted,filteredstr,mixed,32,0,filtered,666667,20,8,1,0,0.088332,0.041329
targeted,cachedfixed,mixed,32,0,filtered,666667,20,8,1,0,0.080246,0.17162
targeted,control,mixed,32,0,filtered,666667,20,8,1,0,0.073395,0.170955
targeted,control,mixed,32,0,filtered,666667,20,8,2,0,0.093044,0.186238
targeted,cachedfixed,mixed,32,0,filtered,666667,20,8,2,0,0.092,0.173438
targeted,filteredstr,mixed,32,0,filtered,666667,20,8,2,0,0.074153,0.045371
targeted,numericunroll,mixed,32,0,filtered,666667,20,8,2,0,0.085442,0.170897
targeted,numericunroll,mixed,32,0,filtered,666667,20,8,3,0,0.088539,0.170251
targeted,filteredstr,mixed,32,0,filtered,666667,20,8,3,0,0.089321,0.039034
targeted,cachedfixed,mixed,32,0,filtered,666667,20,8,3,0,0.083945,0.171667
targeted,control,mixed,32,0,filtered,666667,20,8,3,0,0.089787,0.172976
targeted,control,mixed,32,0,filtered,666667,20,8,4,0,0.094301,0.172659
targeted,cachedfixed,mixed,32,0,filtered,666667,20,8,4,0,0.072414,0.172225
targeted,filteredstr,mixed,32,0,filtered,666667,20,8,4,0,0.088145,0.038286
targeted,numericunroll,mixed,32,0,filtered,666667,20,8,4,0,0.088103,0.174855
targeted,numericunroll,mixed,32,0,filtered,666667,20,8,5,0,0.092125,0.171834
targeted,filteredstr,mixed,32,0,filtered,666667,20,8,5,0,0.078417,0.039702
targeted,cachedfixed,mixed,32,0,filtered,666667,20,8,5,0,0.072185,0.176825
targeted,control,mixed,32,0,filtered,666667,20,8,5,0,0.093242,0.175415
targeted,control,mixed,32,0,filtered,666667,20,8,6,0,0.091908,0.171546
targeted,cachedfixed,mixed,32,0,filtered,666667,20,8,6,0,0.076181,0.16945
targeted,filteredstr,mixed,32,0,filtered,666667,20,8,6,0,0.090027,0.041414
targeted,numericunroll,mixed,32,0,filtered,666667,20,8,6,0,0.08711,0.173325
targeted,numericunroll,mixed,32,0,filtered,666667,20,8,7,0,0.091435,0.17425
targeted,filteredstr,mixed,32,0,filtered,666667,20,8,7,0,0.088931,0.039864
targeted,cachedfixed,mixed,32,0,filtered,666667,20,8,7,0,0.088224,0.169766
targeted,control,mixed,32,0,filtered,666667,20,8,7,0,0.094745,0.171176
targeted,control,mixed,32,0,filtered,666667,20,8,8,1,0.074449,0.184913
targeted,cachedfixed,mixed,32,0,filtered,666667,20,8,8,1,0.080755,0.170714
targeted,filteredstr,mixed,32,0,filtered,666667,20,8,8,1,0.08868,0.043638
targeted,numericunroll,mixed,32,0,filtered,666667,20,8,8,1,0.091072,0.171056
tiled-big,control,mixed,32,1,identity,10000000,20,8,0,0,1.900859,0.707379
tiled-big,tiled,mixed,32,1,identity,10000000,20,8,0,0,0.292096,0.300893
tiled-big,tiled,mixed,32,1,identity,10000000,20,8,1,0,0.298975,0.262126
tiled-big,control,mixed,32,1,identity,10000000,20,8,1,0,1.226376,0.71316
tiled-big,control,mixed,32,1,identity,10000000,20,8,2,0,1.388047,0.637913
tiled-big,tiled,mixed,32,1,identity,10000000,20,8,2,0,0.494378,0.273013
tiled-big,tiled,mixed,32,1,identity,10000000,20,8,3,0,0.486053,0.419561
tiled-big,control,mixed,32,1,identity,10000000,20,8,3,0,1.429055,0.69723
tiled-big,control,mixed,32,1,identity,10000000,20,8,4,0,1.206927,0.789629
tiled-big,tiled,mixed,32,1,identity,10000000,20,8,4,0,0.337145,0.27743
tiled-big,tiled,mixed,32,1,identity,10000000,20,8,5,0,0.311208,0.328091
tiled-big,control,mixed,32,1,identity,10000000,20,8,5,0,1.293718,0.756334
tiled-big,control,mixed,32,1,identity,10000000,20,8,6,1,1.265382,0.628958
tiled-big,tiled,mixed,32,1,identity,10000000,20,8,6,1,0.301199,0.380041
tiled-big,control,mixed,32,1,sorted,10000000,20,8,0,0,1.062215,1.158767
tiled-big,tiled,mixed,32,1,sorted,10000000,20,8,0,0,0.367385,0.792668
tiled-big,tiled,mixed,32,1,sorted,10000000,20,8,1,0,0.362291,0.747588
tiled-big,control,mixed,32,1,sorted,10000000,20,8,1,0,1.814772,1.149774
tiled-big,control,mixed,32,1,sorted,10000000,20,8,2,0,0.998618,1.457973
tiled-big,tiled,mixed,32,1,sorted,10000000,20,8,2,0,0.507291,0.972081
tiled-big,tiled,mixed,32,1,sorted,10000000,20,8,3,0,0.415349,1.15963
tiled-big,control,mixed,32,1,sorted,10000000,20,8,3,0,1.256745,1.252529
tiled-big,control,mixed,32,1,sorted,10000000,20,8,4,0,1.423388,1.306378
tiled-big,tiled,mixed,32,1,sorted,10000000,20,8,4,0,0.323305,0.669174
tiled-big,tiled,mixed,32,1,sorted,10000000,20,8,5,0,0.305058,0.68021
tiled-big,control,mixed,32,1,sorted,10000000,20,8,5,0,1.05966,1.170932
tiled-big,control,mixed,32,1,sorted,10000000,20,8,6,1,1.108472,1.58169
tiled-big,tiled,mixed,32,1,sorted,10000000,20,8,6,1,0.320042,0.711594
tiled-big,control,mixed,32,1,scattered,10000000,20,8,0,0,1.088028,0.844128
tiled-big,tiled,mixed,32,1,scattered,10000000,20,8,0,0,0.294981,0.537693
tiled-big,tiled,mixed,32,1,scattered,10000000,20,8,1,0,0.30015,0.537472
tiled-big,control,mixed,32,1,scattered,10000000,20,8,1,0,1.041058,0.870893
tiled-big,control,mixed,32,1,scattered,10000000,20,8,2,0,1.063845,0.84711
tiled-big,tiled,mixed,32,1,scattered,10000000,20,8,2,0,0.301672,0.541169
tiled-big,tiled,mixed,32,1,scattered,10000000,20,8,3,0,0.310062,0.534541
tiled-big,control,mixed,32,1,scattered,10000000,20,8,3,0,1.084202,0.874427
tiled-big,control,mixed,32,1,scattered,10000000,20,8,4,0,1.032698,0.876868
tiled-big,tiled,mixed,32,1,scattered,10000000,20,8,4,0,0.319145,0.525323
tiled-big,tiled,mixed,32,1,scattered,10000000,20,8,5,0,0.337304,0.578658
tiled-big,control,mixed,32,1,scattered,10000000,20,8,5,0,1.046297,0.96356
tiled-big,control,mixed,32,1,scattered,10000000,20,8,6,1,1.131394,0.934181
tiled-big,tiled,mixed,32,1,scattered,10000000,20,8,6,1,0.294919,0.528962
tiled-big,control,mixed,32,1,filtered,6666667,20,8,0,0,1.020998,1.785145
tiled-big,tiled,mixed,32,1,filtered,6666667,20,8,0,0,0.383914,1.840839
tiled-big,tiled,mixed,32,1,filtered,6666667,20,8,1,0,0.389085,1.825716
tiled-big,control,mixed,32,1,filtered,6666667,20,8,1,0,1.058348,1.786852
tiled-big,control,mixed,32,1,filtered,6666667,20,8,2,0,1.049635,1.815549
tiled-big,tiled,mixed,32,1,filtered,6666667,20,8,2,0,0.439434,1.955167
tiled-big,tiled,mixed,32,1,filtered,6666667,20,8,3,0,0.469205,2.098942
tiled-big,control,mixed,32,1,filtered,6666667,20,8,3,0,1.045807,1.843065
tiled-big,control,mixed,32,1,filtered,6666667,20,8,4,0,1.049191,1.946422
tiled-big,tiled,mixed,32,1,filtered,6666667,20,8,4,0,0.475935,1.873266
tiled-big,tiled,mixed,32,1,filtered,6666667,20,8,5,0,0.639463,2.155406
tiled-big,control,mixed,32,1,filtered,6666667,20,8,5,0,1.117706,1.785514
tiled-big,control,mixed,32,1,filtered,6666667,20,8,6,1,1.006325,1.811035
tiled-big,tiled,mixed,32,1,filtered,6666667,20,8,6,1,0.394145,1.795282
tiled-forty,control,mixed,32,1,identity,2000000,40,8,0,0,0.504783,0.215515
tiled-forty,tiled,mixed,32,1,identity,2000000,40,8,0,0,0.128783,0.12786
tiled-forty,tiled,mixed,32,1,identity,2000000,40,8,1,0,0.133115,0.127884
tiled-forty,control,mixed,32,1,identity,2000000,40,8,1,0,0.488535,0.202234
tiled-forty,control,mixed,32,1,identity,2000000,40,8,2,0,0.440916,0.203256
tiled-forty,tiled,mixed,32,1,identity,2000000,40,8,2,0,0.124769,0.124381
tiled-forty,tiled,mixed,32,1,identity,2000000,40,8,3,0,0.125097,0.124455
tiled-forty,control,mixed,32,1,identity,2000000,40,8,3,0,0.479705,0.198907
tiled-forty,control,mixed,32,1,identity,2000000,40,8,4,0,0.442543,0.19951
tiled-forty,tiled,mixed,32,1,identity,2000000,40,8,4,0,0.12429,0.123637
tiled-forty,tiled,mixed,32,1,identity,2000000,40,8,5,0,0.127306,0.122747
tiled-forty,control,mixed,32,1,identity,2000000,40,8,5,0,0.45007,0.202759
tiled-forty,control,mixed,32,1,identity,2000000,40,8,6,1,0.453576,0.211797
tiled-forty,tiled,mixed,32,1,identity,2000000,40,8,6,1,0.125368,0.116042
tiled-forty,control,mixed,32,1,sorted,2000000,40,8,0,0,0.529533,0.454705
tiled-forty,tiled,mixed,32,1,sorted,2000000,40,8,0,0,0.138507,0.288373
tiled-forty,tiled,mixed,32,1,sorted,2000000,40,8,1,0,0.187366,0.480727
tiled-forty,control,mixed,32,1,sorted,2000000,40,8,1,0,0.559397,0.532706
tiled-forty,control,mixed,32,1,sorted,2000000,40,8,2,0,0.490521,0.389007
tiled-forty,tiled,mixed,32,1,sorted,2000000,40,8,2,0,0.132283,0.263996
tiled-forty,tiled,mixed,32,1,sorted,2000000,40,8,3,0,0.149712,0.280659
tiled-forty,control,mixed,32,1,sorted,2000000,40,8,3,0,0.443994,0.463585
tiled-forty,control,mixed,32,1,sorted,2000000,40,8,4,0,0.4583,0.401622
tiled-forty,tiled,mixed,32,1,sorted,2000000,40,8,4,0,0.135439,0.28723
tiled-forty,tiled,mixed,32,1,sorted,2000000,40,8,5,0,0.12489,0.271266
tiled-forty,control,mixed,32,1,sorted,2000000,40,8,5,0,0.468419,0.407062
tiled-forty,control,mixed,32,1,sorted,2000000,40,8,6,1,0.453184,0.419133
tiled-forty,tiled,mixed,32,1,sorted,2000000,40,8,6,1,0.122095,0.265666
tiled-forty,control,mixed,32,1,scattered,2000000,40,8,0,0,0.458612,0.292039
tiled-forty,tiled,mixed,32,1,scattered,2000000,40,8,0,0,0.135904,0.327509
tiled-forty,tiled,mixed,32,1,scattered,2000000,40,8,1,0,0.131375,0.258627
tiled-forty,control,mixed,32,1,scattered,2000000,40,8,1,0,0.478491,0.286762
tiled-forty,control,mixed,32,1,scattered,2000000,40,8,2,0,0.467985,0.298815
tiled-forty,tiled,mixed,32,1,scattered,2000000,40,8,2,0,0.138338,0.235435
tiled-forty,tiled,mixed,32,1,scattered,2000000,40,8,3,0,0.122132,0.226175
tiled-forty,control,mixed,32,1,scattered,2000000,40,8,3,0,0.484368,0.295583
tiled-forty,control,mixed,32,1,scattered,2000000,40,8,4,0,0.47377,0.283406
tiled-forty,tiled,mixed,32,1,scattered,2000000,40,8,4,0,0.127114,0.228184
tiled-forty,tiled,mixed,32,1,scattered,2000000,40,8,5,0,0.128565,0.24617
tiled-forty,control,mixed,32,1,scattered,2000000,40,8,5,0,0.493891,0.363362
tiled-forty,control,mixed,32,1,scattered,2000000,40,8,6,1,0.538003,0.298737
tiled-forty,tiled,mixed,32,1,scattered,2000000,40,8,6,1,0.134585,0.228429
tiled-forty,control,mixed,32,1,filtered,1333334,40,8,0,0,0.333981,0.715205
tiled-forty,tiled,mixed,32,1,filtered,1333334,40,8,0,0,0.120304,0.739311
tiled-forty,tiled,mixed,32,1,filtered,1333334,40,8,1,0,0.116446,0.721923
tiled-forty,control,mixed,32,1,filtered,1333334,40,8,1,0,0.330776,0.709132
tiled-forty,control,mixed,32,1,filtered,1333334,40,8,2,0,0.334353,0.708217
tiled-forty,tiled,mixed,32,1,filtered,1333334,40,8,2,0,0.124645,0.713463
tiled-forty,tiled,mixed,32,1,filtered,1333334,40,8,3,0,0.153419,0.717834
tiled-forty,control,mixed,32,1,filtered,1333334,40,8,3,0,0.362891,0.721739
tiled-forty,control,mixed,32,1,filtered,1333334,40,8,4,0,0.3397,0.768801
tiled-forty,tiled,mixed,32,1,filtered,1333334,40,8,4,0,0.11801,0.751593
tiled-forty,tiled,mixed,32,1,filtered,1333334,40,8,5,0,0.120229,0.72005
tiled-forty,control,mixed,32,1,filtered,1333334,40,8,5,0,0.333637,0.712568
tiled-forty,control,mixed,32,1,filtered,1333334,40,8,6,1,0.318409,0.704163
tiled-forty,tiled,mixed,32,1,filtered,1333334,40,8,6,1,0.12162,0.718535
tiled-four,control,strings,64,1,identity,1000000,4,8,0,0,0.036315,0.038984
tiled-four,tiled,strings,64,1,identity,1000000,4,8,0,0,0.022696,0.020902
tiled-four,tiled,strings,64,1,identity,1000000,4,8,1,0,0.019477,0.021168
tiled-four,control,strings,64,1,identity,1000000,4,8,1,0,0.03132,0.031069
tiled-four,control,strings,64,1,identity,1000000,4,8,2,0,0.030646,0.031733
tiled-four,tiled,strings,64,1,identity,1000000,4,8,2,0,0.016871,0.019094
tiled-four,tiled,strings,64,1,identity,1000000,4,8,3,0,0.017074,0.019238
tiled-four,control,strings,64,1,identity,1000000,4,8,3,0,0.030491,0.036849
tiled-four,control,strings,64,1,identity,1000000,4,8,4,0,0.039223,0.032011
tiled-four,tiled,strings,64,1,identity,1000000,4,8,4,0,0.015932,0.019928
tiled-four,tiled,strings,64,1,identity,1000000,4,8,5,0,0.017162,0.021392
tiled-four,control,strings,64,1,identity,1000000,4,8,5,0,0.030903,0.033088
tiled-four,control,strings,64,1,identity,1000000,4,8,6,1,0.034123,0.032152
tiled-four,tiled,strings,64,1,identity,1000000,4,8,6,1,0.016286,0.019307
tiled-four,control,strings,64,1,sorted,1000000,4,8,0,0,0.030286,0.049036
tiled-four,tiled,strings,64,1,sorted,1000000,4,8,0,0,0.01533,0.030097
tiled-four,tiled,strings,64,1,sorted,1000000,4,8,1,0,0.016067,0.029625
tiled-four,control,strings,64,1,sorted,1000000,4,8,1,0,0.029828,0.045323
tiled-four,control,strings,64,1,sorted,1000000,4,8,2,0,0.030502,0.048155
tiled-four,tiled,strings,64,1,sorted,1000000,4,8,2,0,0.018569,0.051843
tiled-four,tiled,strings,64,1,sorted,1000000,4,8,3,0,0.028023,0.052424
tiled-four,control,strings,64,1,sorted,1000000,4,8,3,0,0.044543,0.067622
tiled-four,control,strings,64,1,sorted,1000000,4,8,4,0,0.031502,0.05075
tiled-four,tiled,strings,64,1,sorted,1000000,4,8,4,0,0.016922,0.032305
tiled-four,tiled,strings,64,1,sorted,1000000,4,8,5,0,0.020706,0.036228
tiled-four,control,strings,64,1,sorted,1000000,4,8,5,0,0.031308,0.050773
tiled-four,control,strings,64,1,sorted,1000000,4,8,6,1,0.030499,0.05044
tiled-four,tiled,strings,64,1,sorted,1000000,4,8,6,1,0.01356,0.030012
tiled-four,control,strings,64,1,scattered,1000000,4,8,0,0,0.029818,0.057672
tiled-four,tiled,strings,64,1,scattered,1000000,4,8,0,0,0.014152,0.041997
tiled-four,tiled,strings,64,1,scattered,1000000,4,8,1,0,0.016377,0.0361
tiled-four,control,strings,64,1,scattered,1000000,4,8,1,0,0.033937,0.065459
tiled-four,control,strings,64,1,scattered,1000000,4,8,2,0,0.04137,0.076742
tiled-four,tiled,strings,64,1,scattered,1000000,4,8,2,0,0.016521,0.034758
tiled-four,tiled,strings,64,1,scattered,1000000,4,8,3,0,0.014689,0.036274
tiled-four,control,strings,64,1,scattered,1000000,4,8,3,0,0.033406,0.061531
tiled-four,control,strings,64,1,scattered,1000000,4,8,4,0,0.033197,0.058177
tiled-four,tiled,strings,64,1,scattered,1000000,4,8,4,0,0.015055,0.034968
tiled-four,tiled,strings,64,1,scattered,1000000,4,8,5,0,0.016302,0.032963
tiled-four,control,strings,64,1,scattered,1000000,4,8,5,0,0.030815,0.049259
tiled-four,control,strings,64,1,scattered,1000000,4,8,6,1,0.029704,0.053287
tiled-four,tiled,strings,64,1,scattered,1000000,4,8,6,1,0.016387,0.033589
tiled-four,control,strings,64,1,filtered,666667,4,8,0,0,0.045146,0.087639
tiled-four,tiled,strings,64,1,filtered,666667,4,8,0,0,0.031314,0.086924
tiled-four,tiled,strings,64,1,filtered,666667,4,8,1,0,0.030277,0.087205
tiled-four,control,strings,64,1,filtered,666667,4,8,1,0,0.044557,0.087609
tiled-four,control,strings,64,1,filtered,666667,4,8,2,0,0.044818,0.08783
tiled-four,tiled,strings,64,1,filtered,666667,4,8,2,0,0.030785,0.08837
tiled-four,tiled,strings,64,1,filtered,666667,4,8,3,0,0.03278,0.088383
tiled-four,control,strings,64,1,filtered,666667,4,8,3,0,0.044901,0.087744
tiled-four,control,strings,64,1,filtered,666667,4,8,4,0,0.045079,0.088231
tiled-four,tiled,strings,64,1,filtered,666667,4,8,4,0,0.032494,0.088368
tiled-four,tiled,strings,64,1,filtered,666667,4,8,5,0,0.032709,0.087868
tiled-four,control,strings,64,1,filtered,666667,4,8,5,0,0.045459,0.089958
tiled-four,control,strings,64,1,filtered,666667,4,8,6,1,0.045369,0.091127
tiled-four,tiled,strings,64,1,filtered,666667,4,8,6,1,0.033728,0.088999
tiled-four,control,strings,244,1,identity,1000000,4,8,0,0,0.114617,0.119655
tiled-four,tiled,strings,244,1,identity,1000000,4,8,0,0,0.04152,0.070922
tiled-four,tiled,strings,244,1,identity,1000000,4,8,1,0,0.04523,0.070189
tiled-four,control,strings,244,1,identity,1000000,4,8,1,0,0.093504,0.11308
tiled-four,control,strings,244,1,identity,1000000,4,8,2,0,0.114351,0.112338
tiled-four,tiled,strings,244,1,identity,1000000,4,8,2,0,0.046042,0.067217
tiled-four,tiled,strings,244,1,identity,1000000,4,8,3,0,0.042078,0.06654
tiled-four,control,strings,244,1,identity,1000000,4,8,3,0,0.094586,0.112263
tiled-four,control,strings,244,1,identity,1000000,4,8,4,0,0.122227,0.113921
tiled-four,tiled,strings,244,1,identity,1000000,4,8,4,0,0.046492,0.07301
tiled-four,tiled,strings,244,1,identity,1000000,4,8,5,0,0.042625,0.07011
tiled-four,control,strings,244,1,identity,1000000,4,8,5,0,0.099226,0.112599
tiled-four,control,strings,244,1,identity,1000000,4,8,6,1,0.095695,0.111787
tiled-four,tiled,strings,244,1,identity,1000000,4,8,6,1,0.04637,0.071801
tiled-four,control,strings,244,1,sorted,1000000,4,8,0,0,0.100903,0.16591
tiled-four,tiled,strings,244,1,sorted,1000000,4,8,0,0,0.044002,0.109941
tiled-four,tiled,strings,244,1,sorted,1000000,4,8,1,0,0.041292,0.108559
tiled-four,control,strings,244,1,sorted,1000000,4,8,1,0,0.124828,0.16231
tiled-four,control,strings,244,1,sorted,1000000,4,8,2,0,0.150563,0.166405
tiled-four,tiled,strings,244,1,sorted,1000000,4,8,2,0,0.040036,0.116317
tiled-four,tiled,strings,244,1,sorted,1000000,4,8,3,0,0.061536,0.154128
tiled-four,control,strings,244,1,sorted,1000000,4,8,3,0,0.152597,0.251479
tiled-four,control,strings,244,1,sorted,1000000,4,8,4,0,0.131525,0.212524
tiled-four,tiled,strings,244,1,sorted,1000000,4,8,4,0,0.042612,0.11603
tiled-four,tiled,strings,244,1,sorted,1000000,4,8,5,0,0.041898,0.123022
tiled-four,control,strings,244,1,sorted,1000000,4,8,5,0,0.131335,0.165347
tiled-four,control,strings,244,1,sorted,1000000,4,8,6,1,0.109217,0.174554
tiled-four,tiled,strings,244,1,sorted,1000000,4,8,6,1,0.043336,0.122147
tiled-four,control,strings,244,1,scattered,1000000,4,8,0,0,0.131251,0.202942
tiled-four,tiled,strings,244,1,scattered,1000000,4,8,0,0,0.041497,0.117269
tiled-four,tiled,strings,244,1,scattered,1000000,4,8,1,0,0.040894,0.11815
tiled-four,control,strings,244,1,scattered,1000000,4,8,1,0,0.112449,0.200818
tiled-four,control,strings,244,1,scattered,1000000,4,8,2,0,0.108916,0.202648
tiled-four,tiled,strings,244,1,scattered,1000000,4,8,2,0,0.063883,0.15358
tiled-four,tiled,strings,244,1,scattered,1000000,4,8,3,0,0.043881,0.129761
tiled-four,control,strings,244,1,scattered,1000000,4,8,3,0,0.125857,0.20474
tiled-four,control,strings,244,1,scattered,1000000,4,8,4,0,0.094323,0.194356
tiled-four,tiled,strings,244,1,scattered,1000000,4,8,4,0,0.043224,0.116661
tiled-four,tiled,strings,244,1,scattered,1000000,4,8,5,0,0.042411,0.120495
tiled-four,control,strings,244,1,scattered,1000000,4,8,5,0,0.117073,0.19151
tiled-four,control,strings,244,1,scattered,1000000,4,8,6,1,0.126854,0.19392
tiled-four,tiled,strings,244,1,scattered,1000000,4,8,6,1,0.041563,0.120097
tiled-four,control,strings,244,1,filtered,666667,4,8,0,0,0.117046,0.384694
tiled-four,tiled,strings,244,1,filtered,666667,4,8,0,0,0.052088,0.410363
tiled-four,tiled,strings,244,1,filtered,666667,4,8,1,0,0.047683,0.358758
tiled-four,control,strings,244,1,filtered,666667,4,8,1,0,0.107454,0.385227
tiled-four,control,strings,244,1,filtered,666667,4,8,2,0,0.109451,0.397862
tiled-four,tiled,strings,244,1,filtered,666667,4,8,2,0,0.052773,0.365543
tiled-four,tiled,strings,244,1,filtered,666667,4,8,3,0,0.05221,0.362164
tiled-four,control,strings,244,1,filtered,666667,4,8,3,0,0.095072,0.399657
tiled-four,control,strings,244,1,filtered,666667,4,8,4,0,0.097644,0.382117
tiled-four,tiled,strings,244,1,filtered,666667,4,8,4,0,0.04947,0.369365
tiled-four,tiled,strings,244,1,filtered,666667,4,8,5,0,0.053639,0.36556
tiled-four,control,strings,244,1,filtered,666667,4,8,5,0,0.095506,0.41316
tiled-four,control,strings,244,1,filtered,666667,4,8,6,1,0.097846,0.360952
tiled-four,tiled,strings,244,1,filtered,666667,4,8,6,1,0.049524,0.357634
tiled-mixedwide,control,mixed,32,1,identity,1000000,20,8,0,0,0.078142,0.053549
tiled-mixedwide,tiled,mixed,32,1,identity,1000000,20,8,0,0,0.027647,0.028041
tiled-mixedwide,tiled,mixed,32,1,identity,1000000,20,8,1,0,0.030366,0.028444
tiled-mixedwide,control,mixed,32,1,identity,1000000,20,8,1,0,0.075432,0.052916
tiled-mixedwide,control,mixed,32,1,identity,1000000,20,8,2,0,0.08361,0.051271
tiled-mixedwide,tiled,mixed,32,1,identity,1000000,20,8,2,0,0.030127,0.029256
tiled-mixedwide,tiled,mixed,32,1,identity,1000000,20,8,3,0,0.030402,0.027447
tiled-mixedwide,control,mixed,32,1,identity,1000000,20,8,3,0,0.070605,0.05155
tiled-mixedwide,control,mixed,32,1,identity,1000000,20,8,4,0,0.085627,0.050525
tiled-mixedwide,tiled,mixed,32,1,identity,1000000,20,8,4,0,0.029792,0.02812
tiled-mixedwide,tiled,mixed,32,1,identity,1000000,20,8,5,0,0.028574,0.028453
tiled-mixedwide,control,mixed,32,1,identity,1000000,20,8,5,0,0.071501,0.055413
tiled-mixedwide,control,mixed,32,1,identity,1000000,20,8,6,1,0.085774,0.05097
tiled-mixedwide,tiled,mixed,32,1,identity,1000000,20,8,6,1,0.026814,0.025439
tiled-mixedwide,control,mixed,32,1,sorted,1000000,20,8,0,0,0.105196,0.105995
tiled-mixedwide,tiled,mixed,32,1,sorted,1000000,20,8,0,0,0.035072,0.073208
tiled-mixedwide,tiled,mixed,32,1,sorted,1000000,20,8,1,0,0.034368,0.075569
tiled-mixedwide,control,mixed,32,1,sorted,1000000,20,8,1,0,0.115873,0.120094
tiled-mixedwide,control,mixed,32,1,sorted,1000000,20,8,2,0,0.110256,0.112477
tiled-mixedwide,tiled,mixed,32,1,sorted,1000000,20,8,2,0,0.036774,0.085778
tiled-mixedwide,tiled,mixed,32,1,sorted,1000000,20,8,3,0,0.038104,0.061082
tiled-mixedwide,control,mixed,32,1,sorted,1000000,20,8,3,0,0.060785,0.095223
tiled-mixedwide,control,mixed,32,1,sorted,1000000,20,8,4,0,0.103767,0.105012
tiled-mixedwide,tiled,mixed,32,1,sorted,1000000,20,8,4,0,0.042975,0.071437
tiled-mixedwide,tiled,mixed,32,1,sorted,1000000,20,8,5,0,0.031752,0.064368
tiled-mixedwide,control,mixed,32,1,sorted,1000000,20,8,5,0,0.079102,0.094709
tiled-mixedwide,control,mixed,32,1,sorted,1000000,20,8,6,1,0.060651,0.100901
tiled-mixedwide,tiled,mixed,32,1,sorted,1000000,20,8,6,1,0.02684,0.061483
tiled-mixedwide,control,mixed,32,1,scattered,1000000,20,8,0,0,0.063335,0.077392
tiled-mixedwide,tiled,mixed,32,1,scattered,1000000,20,8,0,0,0.030939,0.054677
tiled-mixedwide,tiled,mixed,32,1,scattered,1000000,20,8,1,0,0.035016,0.051759
tiled-mixedwide,control,mixed,32,1,scattered,1000000,20,8,1,0,0.077779,0.078456
tiled-mixedwide,control,mixed,32,1,scattered,1000000,20,8,2,0,0.057012,0.072987
tiled-mixedwide,tiled,mixed,32,1,scattered,1000000,20,8,2,0,0.030601,0.052653
tiled-mixedwide,tiled,mixed,32,1,scattered,1000000,20,8,3,0,0.033836,0.057648
tiled-mixedwide,control,mixed,32,1,scattered,1000000,20,8,3,0,0.112954,0.075605
tiled-mixedwide,control,mixed,32,1,scattered,1000000,20,8,4,0,0.072747,0.08098
tiled-mixedwide,tiled,mixed,32,1,scattered,1000000,20,8,4,0,0.037554,0.050994
tiled-mixedwide,tiled,mixed,32,1,scattered,1000000,20,8,5,0,0.029584,0.053721
tiled-mixedwide,control,mixed,32,1,scattered,1000000,20,8,5,0,0.079823,0.076969
tiled-mixedwide,control,mixed,32,1,scattered,1000000,20,8,6,1,0.116422,0.076726
tiled-mixedwide,tiled,mixed,32,1,scattered,1000000,20,8,6,1,0.028117,0.053065
tiled-mixedwide,control,mixed,32,1,filtered,666667,20,8,0,0,0.091495,0.171666
tiled-mixedwide,tiled,mixed,32,1,filtered,666667,20,8,0,0,0.039676,0.174412
tiled-mixedwide,tiled,mixed,32,1,filtered,666667,20,8,1,0,0.044211,0.173439
tiled-mixedwide,control,mixed,32,1,filtered,666667,20,8,1,0,0.091714,0.1744
tiled-mixedwide,control,mixed,32,1,filtered,666667,20,8,2,0,0.090168,0.173302
tiled-mixedwide,tiled,mixed,32,1,filtered,666667,20,8,2,0,0.043873,0.175417
tiled-mixedwide,tiled,mixed,32,1,filtered,666667,20,8,3,0,0.043891,0.173181
tiled-mixedwide,control,mixed,32,1,filtered,666667,20,8,3,0,0.077099,0.17394
tiled-mixedwide,control,mixed,32,1,filtered,666667,20,8,4,0,0.082551,0.170406
tiled-mixedwide,tiled,mixed,32,1,filtered,666667,20,8,4,0,0.041369,0.174055
tiled-mixedwide,tiled,mixed,32,1,filtered,666667,20,8,5,0,0.037591,0.173935
tiled-mixedwide,control,mixed,32,1,filtered,666667,20,8,5,0,0.086768,0.172231
tiled-mixedwide,control,mixed,32,1,filtered,666667,20,8,6,1,0.089341,0.178908
tiled-mixedwide,tiled,mixed,32,1,filtered,666667,20,8,6,1,0.037338,0.175341
tiled-mixedwide,control,mixed,64,1,identity,1000000,20,8,0,0,0.143424,0.093147
tiled-mixedwide,tiled,mixed,64,1,identity,1000000,20,8,0,0,0.03831,0.038159
tiled-mixedwide,tiled,mixed,64,1,identity,1000000,20,8,1,0,0.04312,0.036761
tiled-mixedwide,control,mixed,64,1,identity,1000000,20,8,1,0,0.139238,0.093299
tiled-mixedwide,control,mixed,64,1,identity,1000000,20,8,2,0,0.14482,0.092612
tiled-mixedwide,tiled,mixed,64,1,identity,1000000,20,8,2,0,0.039622,0.039283
tiled-mixedwide,tiled,mixed,64,1,identity,1000000,20,8,3,0,0.042886,0.039517
tiled-mixedwide,control,mixed,64,1,identity,1000000,20,8,3,0,0.139967,0.09273
tiled-mixedwide,control,mixed,64,1,identity,1000000,20,8,4,0,0.139502,0.092773
tiled-mixedwide,tiled,mixed,64,1,identity,1000000,20,8,4,0,0.044474,0.03856
tiled-mixedwide,tiled,mixed,64,1,identity,1000000,20,8,5,0,0.043368,0.04292
tiled-mixedwide,control,mixed,64,1,identity,1000000,20,8,5,0,0.145393,0.094466
tiled-mixedwide,control,mixed,64,1,identity,1000000,20,8,6,1,0.141181,0.093457
tiled-mixedwide,tiled,mixed,64,1,identity,1000000,20,8,6,1,0.055019,0.038963
tiled-mixedwide,control,mixed,64,1,sorted,1000000,20,8,0,0,0.138443,0.137983
tiled-mixedwide,tiled,mixed,64,1,sorted,1000000,20,8,0,0,0.042018,0.073008
tiled-mixedwide,tiled,mixed,64,1,sorted,1000000,20,8,1,0,0.043469,0.078809
tiled-mixedwide,control,mixed,64,1,sorted,1000000,20,8,1,0,0.139458,0.141724
tiled-mixedwide,control,mixed,64,1,sorted,1000000,20,8,2,0,0.124937,0.139104
tiled-mixedwide,tiled,mixed,64,1,sorted,1000000,20,8,2,0,0.043603,0.087023
tiled-mixedwide,tiled,mixed,64,1,sorted,1000000,20,8,3,0,0.052988,0.087297
tiled-mixedwide,control,mixed,64,1,sorted,1000000,20,8,3,0,0.138347,0.139516
tiled-mixedwide,control,mixed,64,1,sorted,1000000,20,8,4,0,0.121288,0.139412
tiled-mixedwide,tiled,mixed,64,1,sorted,1000000,20,8,4,0,0.038898,0.080072
tiled-mixedwide,tiled,mixed,64,1,sorted,1000000,20,8,5,0,0.038378,0.073601
tiled-mixedwide,control,mixed,64,1,sorted,1000000,20,8,5,0,0.13856,0.143965
tiled-mixedwide,control,mixed,64,1,sorted,1000000,20,8,6,1,0.140168,0.139907
tiled-mixedwide,tiled,mixed,64,1,sorted,1000000,20,8,6,1,0.043036,0.07965
tiled-mixedwide,control,mixed,64,1,scattered,1000000,20,8,0,0,0.137723,0.127139
tiled-mixedwide,tiled,mixed,64,1,scattered,1000000,20,8,0,0,0.041215,0.092712
tiled-mixedwide,tiled,mixed,64,1,scattered,1000000,20,8,1,0,0.043468,0.091647
tiled-mixedwide,control,mixed,64,1,scattered,1000000,20,8,1,0,0.128838,0.129755
tiled-mixedwide,control,mixed,64,1,scattered,1000000,20,8,2,0,0.138797,0.132536
tiled-mixedwide,tiled,mixed,64,1,scattered,1000000,20,8,2,0,0.039737,0.095133
tiled-mixedwide,tiled,mixed,64,1,scattered,1000000,20,8,3,0,0.04227,0.090876
tiled-mixedwide,control,mixed,64,1,scattered,1000000,20,8,3,0,0.133953,0.1266
tiled-mixedwide,control,mixed,64,1,scattered,1000000,20,8,4,0,0.141302,0.127548
tiled-mixedwide,tiled,mixed,64,1,scattered,1000000,20,8,4,0,0.040213,0.093621
tiled-mixedwide,tiled,mixed,64,1,scattered,1000000,20,8,5,0,0.046996,0.092208
tiled-mixedwide,control,mixed,64,1,scattered,1000000,20,8,5,0,0.140643,0.127822
tiled-mixedwide,control,mixed,64,1,scattered,1000000,20,8,6,1,0.117008,0.125646
tiled-mixedwide,tiled,mixed,64,1,scattered,1000000,20,8,6,1,0.042094,0.090689
tiled-mixedwide,control,mixed,64,1,filtered,666667,20,8,0,0,0.120519,0.306409
tiled-mixedwide,tiled,mixed,64,1,filtered,666667,20,8,0,0,0.052176,0.30752
tiled-mixedwide,tiled,mixed,64,1,filtered,666667,20,8,1,0,0.045763,0.308468
tiled-mixedwide,control,mixed,64,1,filtered,666667,20,8,1,0,0.117776,0.306645
tiled-mixedwide,control,mixed,64,1,filtered,666667,20,8,2,0,0.121914,0.309616
tiled-mixedwide,tiled,mixed,64,1,filtered,666667,20,8,2,0,0.05272,0.308757
tiled-mixedwide,tiled,mixed,64,1,filtered,666667,20,8,3,0,0.049798,0.312337
tiled-mixedwide,control,mixed,64,1,filtered,666667,20,8,3,0,0.127945,0.309793
tiled-mixedwide,control,mixed,64,1,filtered,666667,20,8,4,0,0.119578,0.308811
tiled-mixedwide,tiled,mixed,64,1,filtered,666667,20,8,4,0,0.046075,0.307773
tiled-mixedwide,tiled,mixed,64,1,filtered,666667,20,8,5,0,0.05039,0.309307
tiled-mixedwide,control,mixed,64,1,filtered,666667,20,8,5,0,0.118088,0.306631
tiled-mixedwide,control,mixed,64,1,filtered,666667,20,8,6,1,0.114684,0.311231
tiled-mixedwide,tiled,mixed,64,1,filtered,666667,20,8,6,1,0.048976,0.311953
tiled-mixedwide,control,mixed,244,1,identity,1000000,20,8,0,0,0.345287,0.337518
tiled-mixedwide,tiled,mixed,244,1,identity,1000000,20,8,0,0,0.106672,0.177082
tiled-mixedwide,tiled,mixed,244,1,identity,1000000,20,8,1,0,0.103285,0.179275
tiled-mixedwide,control,mixed,244,1,identity,1000000,20,8,1,0,0.319999,0.336277
tiled-mixedwide,control,mixed,244,1,identity,1000000,20,8,2,0,0.330995,0.334908
tiled-mixedwide,tiled,mixed,244,1,identity,1000000,20,8,2,0,0.114884,0.178538
tiled-mixedwide,tiled,mixed,244,1,identity,1000000,20,8,3,0,0.105192,0.177268
tiled-mixedwide,control,mixed,244,1,identity,1000000,20,8,3,0,0.326198,0.332887
tiled-mixedwide,control,mixed,244,1,identity,1000000,20,8,4,0,0.322754,0.331414
tiled-mixedwide,tiled,mixed,244,1,identity,1000000,20,8,4,0,0.105832,0.175536
tiled-mixedwide,tiled,mixed,244,1,identity,1000000,20,8,5,0,0.107589,0.182797
tiled-mixedwide,control,mixed,244,1,identity,1000000,20,8,5,0,0.346846,0.340242
tiled-mixedwide,control,mixed,244,1,identity,1000000,20,8,6,1,0.319908,0.332034
tiled-mixedwide,tiled,mixed,244,1,identity,1000000,20,8,6,1,0.107627,0.177061
tiled-mixedwide,control,mixed,244,1,sorted,1000000,20,8,0,0,0.345237,0.476761
tiled-mixedwide,tiled,mixed,244,1,sorted,1000000,20,8,0,0,0.10827,0.274153
tiled-mixedwide,tiled,mixed,244,1,sorted,1000000,20,8,1,0,0.105652,0.27561
tiled-mixedwide,control,mixed,244,1,sorted,1000000,20,8,1,0,0.346314,0.466786
tiled-mixedwide,control,mixed,244,1,sorted,1000000,20,8,2,0,0.345459,0.495608
tiled-mixedwide,tiled,mixed,244,1,sorted,1000000,20,8,2,0,0.112302,0.300232
tiled-mixedwide,tiled,mixed,244,1,sorted,1000000,20,8,3,0,0.107666,0.32389
tiled-mixedwide,control,mixed,244,1,sorted,1000000,20,8,3,0,0.385964,0.526651
tiled-mixedwide,control,mixed,244,1,sorted,1000000,20,8,4,0,0.346089,0.467215
tiled-mixedwide,tiled,mixed,244,1,sorted,1000000,20,8,4,0,0.181345,0.284175
tiled-mixedwide,tiled,mixed,244,1,sorted,1000000,20,8,5,0,0.103271,0.273605
tiled-mixedwide,control,mixed,244,1,sorted,1000000,20,8,5,0,0.33036,0.467368
tiled-mixedwide,control,mixed,244,1,sorted,1000000,20,8,6,1,0.319391,0.466179
tiled-mixedwide,tiled,mixed,244,1,sorted,1000000,20,8,6,1,0.102964,0.272
tiled-mixedwide,control,mixed,244,1,scattered,1000000,20,8,0,0,0.35019,0.411924
tiled-mixedwide,tiled,mixed,244,1,scattered,1000000,20,8,0,0,0.102102,0.26712
tiled-mixedwide,tiled,mixed,244,1,scattered,1000000,20,8,1,0,0.106481,0.268687
tiled-mixedwide,control,mixed,244,1,scattered,1000000,20,8,1,0,0.321007,0.427417
tiled-mixedwide,control,mixed,244,1,scattered,1000000,20,8,2,0,0.319287,0.410934
tiled-mixedwide,tiled,mixed,244,1,scattered,1000000,20,8,2,0,0.103948,0.268909
tiled-mixedwide,tiled,mixed,244,1,scattered,1000000,20,8,3,0,0.104099,0.268452
tiled-mixedwide,control,mixed,244,1,scattered,1000000,20,8,3,0,0.318171,0.433301
tiled-mixedwide,control,mixed,244,1,scattered,1000000,20,8,4,0,0.321005,0.412425
tiled-mixedwide,tiled,mixed,244,1,scattered,1000000,20,8,4,0,0.102812,0.270852
tiled-mixedwide,tiled,mixed,244,1,scattered,1000000,20,8,5,0,0.104612,0.272441
tiled-mixedwide,control,mixed,244,1,scattered,1000000,20,8,5,0,0.318789,0.426235
tiled-mixedwide,control,mixed,244,1,scattered,1000000,20,8,6,1,0.319772,0.438069
tiled-mixedwide,tiled,mixed,244,1,scattered,1000000,20,8,6,1,0.104435,0.292401
tiled-mixedwide,control,mixed,244,1,filtered,666667,20,8,0,0,0.239639,1.132401
tiled-mixedwide,tiled,mixed,244,1,filtered,666667,20,8,0,0,0.093308,1.135065
tiled-mixedwide,tiled,mixed,244,1,filtered,666667,20,8,1,0,0.09553,1.134426
tiled-mixedwide,control,mixed,244,1,filtered,666667,20,8,1,0,0.230566,1.132735
tiled-mixedwide,control,mixed,244,1,filtered,666667,20,8,2,0,0.229074,1.132796
tiled-mixedwide,tiled,mixed,244,1,filtered,666667,20,8,2,0,0.093343,1.139398
tiled-mixedwide,tiled,mixed,244,1,filtered,666667,20,8,3,0,0.093038,1.134402
tiled-mixedwide,control,mixed,244,1,filtered,666667,20,8,3,0,0.229457,1.134296
tiled-mixedwide,control,mixed,244,1,filtered,666667,20,8,4,0,0.248089,1.132599
tiled-mixedwide,tiled,mixed,244,1,filtered,666667,20,8,4,0,0.091959,1.134483
tiled-mixedwide,tiled,mixed,244,1,filtered,666667,20,8,5,0,0.094702,1.132137
tiled-mixedwide,control,mixed,244,1,filtered,666667,20,8,5,0,0.231954,1.134183
tiled-mixedwide,control,mixed,244,1,filtered,666667,20,8,6,1,0.230087,1.131858
tiled-mixedwide,tiled,mixed,244,1,filtered,666667,20,8,6,1,0.092394,1.134412
tiled-serial,control,mixed,32,1,identity,1000000,20,1,0,0,0.724309,0.319833
tiled-serial,tiled,mixed,32,1,identity,1000000,20,1,0,0,0.234508,0.198028
tiled-serial,tiled,mixed,32,1,identity,1000000,20,1,1,0,0.204097,0.241732
tiled-serial,control,mixed,32,1,identity,1000000,20,1,1,0,0.649984,0.284998
tiled-serial,control,mixed,32,1,identity,1000000,20,1,2,0,0.643975,0.277742
tiled-serial,tiled,mixed,32,1,identity,1000000,20,1,2,0,0.184784,0.197669
tiled-serial,tiled,mixed,32,1,identity,1000000,20,1,3,0,0.183323,0.195078
tiled-serial,control,mixed,32,1,identity,1000000,20,1,3,0,0.590013,0.283885
tiled-serial,control,mixed,32,1,identity,1000000,20,1,4,0,0.582839,0.280356
tiled-serial,tiled,mixed,32,1,identity,1000000,20,1,4,0,0.185105,0.193623
tiled-serial,tiled,mixed,32,1,identity,1000000,20,1,5,0,0.18344,0.208725
tiled-serial,control,mixed,32,1,identity,1000000,20,1,5,0,0.593191,0.291256
tiled-serial,control,mixed,32,1,identity,1000000,20,1,6,1,0.607079,0.284317
tiled-serial,tiled,mixed,32,1,identity,1000000,20,1,6,1,0.183749,0.19957
tiled-serial,control,mixed,32,1,sorted,1000000,20,1,0,0,0.588874,0.478603
tiled-serial,tiled,mixed,32,1,sorted,1000000,20,1,0,0,0.185467,0.418661
tiled-serial,tiled,mixed,32,1,sorted,1000000,20,1,1,0,0.186624,0.424051
tiled-serial,control,mixed,32,1,sorted,1000000,20,1,1,0,0.589111,0.55466
tiled-serial,control,mixed,32,1,sorted,1000000,20,1,2,0,0.63897,0.539584
tiled-serial,tiled,mixed,32,1,sorted,1000000,20,1,2,0,0.236638,0.456309
tiled-serial,tiled,mixed,32,1,sorted,1000000,20,1,3,0,0.190383,0.649769
tiled-serial,control,mixed,32,1,sorted,1000000,20,1,3,0,0.707316,0.553109
tiled-serial,control,mixed,32,1,sorted,1000000,20,1,4,0,0.60149,0.537327
tiled-serial,tiled,mixed,32,1,sorted,1000000,20,1,4,0,0.239392,0.41895
tiled-serial,tiled,mixed,32,1,sorted,1000000,20,1,5,0,0.186096,0.429119
tiled-serial,control,mixed,32,1,sorted,1000000,20,1,5,0,0.575702,0.492277
tiled-serial,control,mixed,32,1,sorted,1000000,20,1,6,1,0.573491,0.46456
tiled-serial,tiled,mixed,32,1,sorted,1000000,20,1,6,1,0.185301,0.429726
tiled-serial,control,mixed,32,1,scattered,1000000,20,1,0,0,0.565623,0.332698
tiled-serial,tiled,mixed,32,1,scattered,1000000,20,1,0,0,0.183497,0.250651
tiled-serial,tiled,mixed,32,1,scattered,1000000,20,1,1,0,0.183032,0.273935
tiled-serial,control,mixed,32,1,scattered,1000000,20,1,1,0,0.572284,0.403136
tiled-serial,control,mixed,32,1,scattered,1000000,20,1,2,0,0.567139,0.378013
tiled-serial,tiled,mixed,32,1,scattered,1000000,20,1,2,0,0.187017,0.250348
tiled-serial,tiled,mixed,32,1,scattered,1000000,20,1,3,0,0.1889,0.369626
tiled-serial,control,mixed,32,1,scattered,1000000,20,1,3,0,0.592978,0.410707
tiled-serial,control,mixed,32,1,scattered,1000000,20,1,4,0,0.565616,0.348818
tiled-serial,tiled,mixed,32,1,scattered,1000000,20,1,4,0,0.186096,0.252303
tiled-serial,tiled,mixed,32,1,scattered,1000000,20,1,5,0,0.185728,0.25153
tiled-serial,control,mixed,32,1,scattered,1000000,20,1,5,0,0.572394,0.457053
tiled-serial,control,mixed,32,1,scattered,1000000,20,1,6,1,0.578208,0.36685
tiled-serial,tiled,mixed,32,1,scattered,1000000,20,1,6,1,0.18566,0.385019
tiled-serial,control,mixed,32,1,filtered,666667,20,1,0,0,0.469886,0.198744
tiled-serial,tiled,mixed,32,1,filtered,666667,20,1,0,0,0.149574,0.201078
tiled-serial,tiled,mixed,32,1,filtered,666667,20,1,1,0,0.150598,0.200374
tiled-serial,control,mixed,32,1,filtered,666667,20,1,1,0,0.473604,0.201176
tiled-serial,control,mixed,32,1,filtered,666667,20,1,2,0,0.469983,0.231545
tiled-serial,tiled,mixed,32,1,filtered,666667,20,1,2,0,0.166709,0.203526
tiled-serial,tiled,mixed,32,1,filtered,666667,20,1,3,0,0.154086,0.200826
tiled-serial,control,mixed,32,1,filtered,666667,20,1,3,0,0.466616,0.200554
tiled-serial,control,mixed,32,1,filtered,666667,20,1,4,0,0.467976,0.20083
tiled-serial,tiled,mixed,32,1,filtered,666667,20,1,4,0,0.15029,0.199394
tiled-serial,tiled,mixed,32,1,filtered,666667,20,1,5,0,0.148952,0.197565
tiled-serial,control,mixed,32,1,filtered,666667,20,1,5,0,0.46605,0.198736
tiled-serial,control,mixed,32,1,filtered,666667,20,1,6,1,0.473602,0.242923
tiled-serial,tiled,mixed,32,1,filtered,666667,20,1,6,1,0.148756,0.201443
tiled-strings,control,strings,32,1,identity,1000000,20,8,0,0,0.150327,0.075534
tiled-strings,tiled,strings,32,1,identity,1000000,20,8,0,0,0.047724,0.045061
tiled-strings,tiled,strings,32,1,identity,1000000,20,8,1,0,0.048955,0.043828
tiled-strings,control,strings,32,1,identity,1000000,20,8,1,0,0.143425,0.074965
tiled-strings,control,strings,32,1,identity,1000000,20,8,2,0,0.143482,0.075269
tiled-strings,tiled,strings,32,1,identity,1000000,20,8,2,0,0.04839,0.044156
tiled-strings,tiled,strings,32,1,identity,1000000,20,8,3,0,0.048428,0.04356
tiled-strings,control,strings,32,1,identity,1000000,20,8,3,0,0.143608,0.075136
tiled-strings,control,strings,32,1,identity,1000000,20,8,4,0,0.143327,0.075213
tiled-strings,tiled,strings,32,1,identity,1000000,20,8,4,0,0.048025,0.04638
tiled-strings,tiled,strings,32,1,identity,1000000,20,8,5,0,0.046666,0.045035
tiled-strings,control,strings,32,1,identity,1000000,20,8,5,0,0.144452,0.075019
tiled-strings,control,strings,32,1,identity,1000000,20,8,6,1,0.143451,0.075036
tiled-strings,tiled,strings,32,1,identity,1000000,20,8,6,1,0.062374,0.046913
tiled-strings,control,strings,32,1,sorted,1000000,20,8,0,0,0.14416,0.137237
tiled-strings,tiled,strings,32,1,sorted,1000000,20,8,0,0,0.054183,0.117985
tiled-strings,tiled,strings,32,1,sorted,1000000,20,8,1,0,0.051383,0.111567
tiled-strings,control,strings,32,1,sorted,1000000,20,8,1,0,0.144099,0.142275
tiled-strings,control,strings,32,1,sorted,1000000,20,8,2,0,0.148412,0.152925
tiled-strings,tiled,strings,32,1,sorted,1000000,20,8,2,0,0.058271,0.110591
tiled-strings,tiled,strings,32,1,sorted,1000000,20,8,3,0,0.048546,0.115091
tiled-strings,control,strings,32,1,sorted,1000000,20,8,3,0,0.144874,0.135683
tiled-strings,control,strings,32,1,sorted,1000000,20,8,4,0,0.143958,0.13537
tiled-strings,tiled,strings,32,1,sorted,1000000,20,8,4,0,0.047019,0.099298
tiled-strings,tiled,strings,32,1,sorted,1000000,20,8,5,0,0.047993,0.107813
tiled-strings,control,strings,32,1,sorted,1000000,20,8,5,0,0.144012,0.135673
tiled-strings,control,strings,32,1,sorted,1000000,20,8,6,1,0.143658,0.136299
tiled-strings,tiled,strings,32,1,sorted,1000000,20,8,6,1,0.048051,0.106388
tiled-strings,control,strings,32,1,scattered,1000000,20,8,0,0,0.143177,0.114658
tiled-strings,tiled,strings,32,1,scattered,1000000,20,8,0,0,0.049725,0.094215
tiled-strings,tiled,strings,32,1,scattered,1000000,20,8,1,0,0.049385,0.104326
tiled-strings,control,strings,32,1,scattered,1000000,20,8,1,0,0.145796,0.120753
tiled-strings,control,strings,32,1,scattered,1000000,20,8,2,0,0.143845,0.111012
tiled-strings,tiled,strings,32,1,scattered,1000000,20,8,2,0,0.051247,0.094702
tiled-strings,tiled,strings,32,1,scattered,1000000,20,8,3,0,0.051779,0.102054
tiled-strings,control,strings,32,1,scattered,1000000,20,8,3,0,0.143585,0.110481
tiled-strings,control,strings,32,1,scattered,1000000,20,8,4,0,0.146206,0.112117
tiled-strings,tiled,strings,32,1,scattered,1000000,20,8,4,0,0.049666,0.094732
tiled-strings,tiled,strings,32,1,scattered,1000000,20,8,5,0,0.050001,0.101762
tiled-strings,control,strings,32,1,scattered,1000000,20,8,5,0,0.144713,0.111043
tiled-strings,control,strings,32,1,scattered,1000000,20,8,6,1,0.149143,0.119722
tiled-strings,tiled,strings,32,1,scattered,1000000,20,8,6,1,0.052992,0.094734
tiled-strings,control,strings,32,1,filtered,666667,20,8,0,0,0.122967,0.332977
tiled-strings,tiled,strings,32,1,filtered,666667,20,8,0,0,0.056292,0.332451
tiled-strings,tiled,strings,32,1,filtered,666667,20,8,1,0,0.052871,0.329956
tiled-strings,control,strings,32,1,filtered,666667,20,8,1,0,0.122596,0.331594
tiled-strings,control,strings,32,1,filtered,666667,20,8,2,0,0.122409,0.332049
tiled-strings,tiled,strings,32,1,filtered,666667,20,8,2,0,0.052245,0.330358
tiled-strings,tiled,strings,32,1,filtered,666667,20,8,3,0,0.056423,0.332007
tiled-strings,control,strings,32,1,filtered,666667,20,8,3,0,0.122657,0.3292
tiled-strings,control,strings,32,1,filtered,666667,20,8,4,0,0.122115,0.330165
tiled-strings,tiled,strings,32,1,filtered,666667,20,8,4,0,0.052594,0.33195
tiled-strings,tiled,strings,32,1,filtered,666667,20,8,5,0,0.055114,0.332421
tiled-strings,control,strings,32,1,filtered,666667,20,8,5,0,0.122066,0.329876
tiled-strings,control,strings,32,1,filtered,666667,20,8,6,1,0.123157,0.333475
tiled-strings,tiled,strings,32,1,filtered,666667,20,8,6,1,0.053127,0.334736
tiled-strings,control,strings,244,1,identity,1000000,20,8,0,0,0.509287,0.515683
tiled-strings,tiled,strings,244,1,identity,1000000,20,8,0,0,0.275811,0.338131
tiled-strings,tiled,strings,244,1,identity,1000000,20,8,1,0,0.208922,0.338995
tiled-strings,control,strings,244,1,identity,1000000,20,8,1,0,0.483439,0.49591
tiled-strings,control,strings,244,1,identity,1000000,20,8,2,0,0.479706,0.49562
tiled-strings,tiled,strings,244,1,identity,1000000,20,8,2,0,0.20382,0.333764
tiled-strings,tiled,strings,244,1,identity,1000000,20,8,3,0,0.202231,0.344391
tiled-strings,control,strings,244,1,identity,1000000,20,8,3,0,0.499249,0.495796
tiled-strings,control,strings,244,1,identity,1000000,20,8,4,0,0.50893,0.496079
tiled-strings,tiled,strings,244,1,identity,1000000,20,8,4,0,0.214674,0.336401
tiled-strings,tiled,strings,244,1,identity,1000000,20,8,5,0,0.203199,0.33271
tiled-strings,control,strings,244,1,identity,1000000,20,8,5,0,0.480021,0.49558
tiled-strings,control,strings,244,1,identity,1000000,20,8,6,1,0.480856,0.49601
tiled-strings,tiled,strings,244,1,identity,1000000,20,8,6,1,0.215065,0.352009
tiled-strings,control,strings,244,1,sorted,1000000,20,8,0,0,0.477968,0.701662
tiled-strings,tiled,strings,244,1,sorted,1000000,20,8,0,0,0.233968,0.661112
tiled-strings,tiled,strings,244,1,sorted,1000000,20,8,1,0,0.226047,0.643848
tiled-strings,control,strings,244,1,sorted,1000000,20,8,1,0,0.501849,0.72087
tiled-strings,control,strings,244,1,sorted,1000000,20,8,2,0,0.513636,0.719068
tiled-strings,tiled,strings,244,1,sorted,1000000,20,8,2,0,0.208502,0.580595
tiled-strings,tiled,strings,244,1,sorted,1000000,20,8,3,0,0.211383,0.583484
tiled-strings,control,strings,244,1,sorted,1000000,20,8,3,0,0.517066,0.720153
tiled-strings,control,strings,244,1,sorted,1000000,20,8,4,0,0.508197,0.739067
tiled-strings,tiled,strings,244,1,sorted,1000000,20,8,4,0,0.206859,0.583914
tiled-strings,tiled,strings,244,1,sorted,1000000,20,8,5,0,0.205465,0.574628
tiled-strings,control,strings,244,1,sorted,1000000,20,8,5,0,0.535682,0.756206
tiled-strings,control,strings,244,1,sorted,1000000,20,8,6,1,0.477429,0.698448
tiled-strings,tiled,strings,244,1,sorted,1000000,20,8,6,1,0.220826,0.594383
tiled-strings,control,strings,244,1,scattered,1000000,20,8,0,0,0.520086,0.687828
tiled-strings,tiled,strings,244,1,scattered,1000000,20,8,0,0,0.203191,0.553016
tiled-strings,tiled,strings,244,1,scattered,1000000,20,8,1,0,0.203381,0.546769
tiled-strings,control,strings,244,1,scattered,1000000,20,8,1,0,0.47816,0.639691
tiled-strings,control,strings,244,1,scattered,1000000,20,8,2,0,0.481937,0.701108
tiled-strings,tiled,strings,244,1,scattered,1000000,20,8,2,0,0.219244,0.577503
tiled-strings,tiled,strings,244,1,scattered,1000000,20,8,3,0,0.220793,0.599171
tiled-strings,control,strings,244,1,scattered,1000000,20,8,3,0,0.47871,0.660199
tiled-strings,control,strings,244,1,scattered,1000000,20,8,4,0,0.508963,0.647056
tiled-strings,tiled,strings,244,1,scattered,1000000,20,8,4,0,0.264398,0.544669
tiled-strings,tiled,strings,244,1,scattered,1000000,20,8,5,0,0.203032,0.53887
tiled-strings,control,strings,244,1,scattered,1000000,20,8,5,0,0.478229,0.660828
tiled-strings,control,strings,244,1,scattered,1000000,20,8,6,1,0.498625,0.808919
tiled-strings,tiled,strings,244,1,scattered,1000000,20,8,6,1,0.205422,0.785159
tiled-strings,control,strings,244,1,filtered,666667,20,8,0,0,0.374176,2.290215
tiled-strings,tiled,strings,244,1,filtered,666667,20,8,0,0,0.177441,2.28271
tiled-strings,tiled,strings,244,1,filtered,666667,20,8,1,0,0.169308,2.295168
tiled-strings,control,strings,244,1,filtered,666667,20,8,1,0,0.356404,2.282551
tiled-strings,control,strings,244,1,filtered,666667,20,8,2,0,0.364626,2.281454
tiled-strings,tiled,strings,244,1,filtered,666667,20,8,2,0,0.191193,2.29038
tiled-strings,tiled,strings,244,1,filtered,666667,20,8,3,0,0.168145,2.277624
tiled-strings,control,strings,244,1,filtered,666667,20,8,3,0,0.429173,2.306405
tiled-strings,control,strings,244,1,filtered,666667,20,8,4,0,0.352898,2.318722
tiled-strings,tiled,strings,244,1,filtered,666667,20,8,4,0,0.175752,2.39555
tiled-strings,tiled,strings,244,1,filtered,666667,20,8,5,0,0.261093,2.307295
tiled-strings,control,strings,244,1,filtered,666667,20,8,5,0,0.380757,2.314854
tiled-strings,control,strings,244,1,filtered,666667,20,8,6,1,0.367197,2.30088
tiled-strings,tiled,strings,244,1,filtered,666667,20,8,6,1,0.161513,2.290478
tiled-twelve,control,mixed,32,1,identity,1000000,20,12,0,0,0.098382,0.05526
tiled-twelve,tiled,mixed,32,1,identity,1000000,20,12,0,0,0.032372,0.02814
tiled-twelve,tiled,mixed,32,1,identity,1000000,20,12,1,0,0.031985,0.028318
tiled-twelve,control,mixed,32,1,identity,1000000,20,12,1,0,0.078849,0.044086
tiled-twelve,control,mixed,32,1,identity,1000000,20,12,2,0,0.08844,0.045882
tiled-twelve,tiled,mixed,32,1,identity,1000000,20,12,2,0,0.0305,0.028797
tiled-twelve,tiled,mixed,32,1,identity,1000000,20,12,3,0,0.029679,0.030193
tiled-twelve,control,mixed,32,1,identity,1000000,20,12,3,0,0.078011,0.045095
tiled-twelve,control,mixed,32,1,identity,1000000,20,12,4,0,0.080244,0.041064
tiled-twelve,tiled,mixed,32,1,identity,1000000,20,12,4,0,0.028926,0.029521
tiled-twelve,tiled,mixed,32,1,identity,1000000,20,12,5,0,0.028827,0.031168
tiled-twelve,control,mixed,32,1,identity,1000000,20,12,5,0,0.080697,0.044253
tiled-twelve,control,mixed,32,1,identity,1000000,20,12,6,1,0.080065,0.046406
tiled-twelve,tiled,mixed,32,1,identity,1000000,20,12,6,1,0.030382,0.031974
tiled-twelve,control,mixed,32,1,sorted,1000000,20,12,0,0,0.081499,0.087505
tiled-twelve,tiled,mixed,32,1,sorted,1000000,20,12,0,0,0.026361,0.061652
tiled-twelve,tiled,mixed,32,1,sorted,1000000,20,12,1,0,0.032204,0.064013
tiled-twelve,control,mixed,32,1,sorted,1000000,20,12,1,0,0.081353,0.086855
tiled-twelve,control,mixed,32,1,sorted,1000000,20,12,2,0,0.081203,0.082033
tiled-twelve,tiled,mixed,32,1,sorted,1000000,20,12,2,0,0.029585,0.060239
tiled-twelve,tiled,mixed,32,1,sorted,1000000,20,12,3,0,0.0313,0.059488
tiled-twelve,control,mixed,32,1,sorted,1000000,20,12,3,0,0.086434,0.081116
tiled-twelve,control,mixed,32,1,sorted,1000000,20,12,4,0,0.077027,0.077069
tiled-twelve,tiled,mixed,32,1,sorted,1000000,20,12,4,0,0.029342,0.057656
tiled-twelve,tiled,mixed,32,1,sorted,1000000,20,12,5,0,0.029621,0.065741
tiled-twelve,control,mixed,32,1,sorted,1000000,20,12,5,0,0.077539,0.07912
tiled-twelve,control,mixed,32,1,sorted,1000000,20,12,6,1,0.083763,0.087932
tiled-twelve,tiled,mixed,32,1,sorted,1000000,20,12,6,1,0.03327,0.058954
tiled-twelve,control,mixed,32,1,scattered,1000000,20,12,0,0,0.089488,0.063923
tiled-twelve,tiled,mixed,32,1,scattered,1000000,20,12,0,0,0.029992,0.048113
tiled-twelve,tiled,mixed,32,1,scattered,1000000,20,12,1,0,0.030284,0.048666
tiled-twelve,control,mixed,32,1,scattered,1000000,20,12,1,0,0.081934,0.062883
tiled-twelve,control,mixed,32,1,scattered,1000000,20,12,2,0,0.088503,0.060911
tiled-twelve,tiled,mixed,32,1,scattered,1000000,20,12,2,0,0.032026,0.05524
tiled-twelve,tiled,mixed,32,1,scattered,1000000,20,12,3,0,0.029222,0.050393
tiled-twelve,control,mixed,32,1,scattered,1000000,20,12,3,0,0.080166,0.105303
tiled-twelve,control,mixed,32,1,scattered,1000000,20,12,4,0,0.085186,0.065494
tiled-twelve,tiled,mixed,32,1,scattered,1000000,20,12,4,0,0.03141,0.053676
tiled-twelve,tiled,mixed,32,1,scattered,1000000,20,12,5,0,0.031473,0.052217
tiled-twelve,control,mixed,32,1,scattered,1000000,20,12,5,0,0.07933,0.077208
tiled-twelve,control,mixed,32,1,scattered,1000000,20,12,6,1,0.09594,0.059499
tiled-twelve,tiled,mixed,32,1,scattered,1000000,20,12,6,1,0.027941,0.049019
tiled-twelve,control,mixed,32,1,filtered,666667,20,12,0,0,0.081903,0.177235
tiled-twelve,tiled,mixed,32,1,filtered,666667,20,12,0,0,0.042195,0.178028
tiled-twelve,tiled,mixed,32,1,filtered,666667,20,12,1,0,0.041614,0.176174
tiled-twelve,control,mixed,32,1,filtered,666667,20,12,1,0,0.087959,0.178599
tiled-twelve,control,mixed,32,1,filtered,666667,20,12,2,0,0.087144,0.178183
tiled-twelve,tiled,mixed,32,1,filtered,666667,20,12,2,0,0.040646,0.177317
tiled-twelve,tiled,mixed,32,1,filtered,666667,20,12,3,0,0.041252,0.176108
tiled-twelve,control,mixed,32,1,filtered,666667,20,12,3,0,0.084992,0.177857
tiled-twelve,control,mixed,32,1,filtered,666667,20,12,4,0,0.079361,0.175635
tiled-twelve,tiled,mixed,32,1,filtered,666667,20,12,4,0,0.04049,0.175478
tiled-twelve,tiled,mixed,32,1,filtered,666667,20,12,5,0,0.038867,0.177202
tiled-twelve,control,mixed,32,1,filtered,666667,20,12,5,0,0.080025,0.17678
tiled-twelve,control,mixed,32,1,filtered,666667,20,12,6,1,0.07961,0.179579
tiled-twelve,tiled,mixed,32,1,filtered,666667,20,12,6,1,0.040415,0.177781
fewrows-2,control,numeric,8,1,identity,1000000,2,8,0,0,0.004439,0.003528
fewrows-2,fewrows,numeric,8,1,identity,1000000,2,8,0,0,0.001857,0.001289
fewrows-2,fewrows,numeric,8,1,identity,1000000,2,8,1,0,0.001666,0.001293
fewrows-2,control,numeric,8,1,identity,1000000,2,8,1,0,0.00344,0.00336
fewrows-2,control,numeric,8,1,identity,1000000,2,8,2,0,0.0035,0.003476
fewrows-2,fewrows,numeric,8,1,identity,1000000,2,8,2,0,0.001704,0.001383
fewrows-2,fewrows,numeric,8,1,identity,1000000,2,8,3,0,0.001852,0.001394
fewrows-2,control,numeric,8,1,identity,1000000,2,8,3,0,0.00349,0.003498
fewrows-2,control,numeric,8,1,identity,1000000,2,8,4,0,0.003511,0.003525
fewrows-2,fewrows,numeric,8,1,identity,1000000,2,8,4,0,0.001686,0.001312
fewrows-2,fewrows,numeric,8,1,identity,1000000,2,8,5,0,0.001708,0.001332
fewrows-2,control,numeric,8,1,identity,1000000,2,8,5,0,0.003456,0.003495
fewrows-2,control,numeric,8,1,identity,1000000,2,8,6,1,0.00347,0.003491
fewrows-2,fewrows,numeric,8,1,identity,1000000,2,8,6,1,0.001701,0.001655
fewrows-2,control,numeric,8,1,sorted,1000000,2,8,0,0,0.036443,0.006937
fewrows-2,fewrows,numeric,8,1,sorted,1000000,2,8,0,0,0.013598,0.005611
fewrows-2,fewrows,numeric,8,1,sorted,1000000,2,8,1,0,0.005041,0.006715
fewrows-2,control,numeric,8,1,sorted,1000000,2,8,1,0,0.004119,0.007035
fewrows-2,control,numeric,8,1,sorted,1000000,2,8,2,0,0.003617,0.006776
fewrows-2,fewrows,numeric,8,1,sorted,1000000,2,8,2,0,0.001926,0.002947
fewrows-2,fewrows,numeric,8,1,sorted,1000000,2,8,3,0,0.001702,0.002688
fewrows-2,control,numeric,8,1,sorted,1000000,2,8,3,0,0.003685,0.005986
fewrows-2,control,numeric,8,1,sorted,1000000,2,8,4,0,0.003725,0.0063
fewrows-2,fewrows,numeric,8,1,sorted,1000000,2,8,4,0,0.001817,0.002586
fewrows-2,fewrows,numeric,8,1,sorted,1000000,2,8,5,0,0.002192,0.003341
fewrows-2,control,numeric,8,1,sorted,1000000,2,8,5,0,0.003664,0.006366
fewrows-2,control,numeric,8,1,sorted,1000000,2,8,6,1,0.003581,0.006472
fewrows-2,fewrows,numeric,8,1,sorted,1000000,2,8,6,1,0.001882,0.00276
fewrows-2,control,numeric,8,1,filtered,666667,2,8,0,0,0.020738,0.001623
fewrows-2,fewrows,numeric,8,1,filtered,666667,2,8,0,0,0.019252,0.001589
fewrows-2,fewrows,numeric,8,1,filtered,666667,2,8,1,0,0.018838,0.001351
fewrows-2,control,numeric,8,1,filtered,666667,2,8,1,0,0.020449,0.001461
fewrows-2,control,numeric,8,1,filtered,666667,2,8,2,0,0.020272,0.001464
fewrows-2,fewrows,numeric,8,1,filtered,666667,2,8,2,0,0.019085,0.00181
fewrows-2,fewrows,numeric,8,1,filtered,666667,2,8,3,0,0.019481,0.00149
fewrows-2,control,numeric,8,1,filtered,666667,2,8,3,0,0.02018,0.001364
fewrows-2,control,numeric,8,1,filtered,666667,2,8,4,0,0.02086,0.0014
fewrows-2,fewrows,numeric,8,1,filtered,666667,2,8,4,0,0.019,0.001458
fewrows-2,fewrows,numeric,8,1,filtered,666667,2,8,5,0,0.019031,0.001473
fewrows-2,control,numeric,8,1,filtered,666667,2,8,5,0,0.02055,0.001416
fewrows-2,control,numeric,8,1,filtered,666667,2,8,6,1,0.020177,0.00139
fewrows-2,fewrows,numeric,8,1,filtered,666667,2,8,6,1,0.019014,0.001383
fewrows-2,control,numeric,8,0,identity,1000000,2,8,0,0,0.003516,0.003507
fewrows-2,fewrows,numeric,8,0,identity,1000000,2,8,0,0,0.001673,0.001332
fewrows-2,fewrows,numeric,8,0,identity,1000000,2,8,1,0,0.001678,0.001351
fewrows-2,control,numeric,8,0,identity,1000000,2,8,1,0,0.003447,0.003488
fewrows-2,control,numeric,8,0,identity,1000000,2,8,2,0,0.00353,0.003558
fewrows-2,fewrows,numeric,8,0,identity,1000000,2,8,2,0,0.001713,0.001487
fewrows-2,fewrows,numeric,8,0,identity,1000000,2,8,3,0,0.001709,0.001233
fewrows-2,control,numeric,8,0,identity,1000000,2,8,3,0,0.003445,0.003492
fewrows-2,control,numeric,8,0,identity,1000000,2,8,4,0,0.003516,0.003535
fewrows-2,fewrows,numeric,8,0,identity,1000000,2,8,4,0,0.001764,0.001541
fewrows-2,fewrows,numeric,8,0,identity,1000000,2,8,5,0,0.0018,0.001314
fewrows-2,control,numeric,8,0,identity,1000000,2,8,5,0,0.003531,0.003578
fewrows-2,control,numeric,8,0,identity,1000000,2,8,6,1,0.003489,0.003545
fewrows-2,fewrows,numeric,8,0,identity,1000000,2,8,6,1,0.001759,0.00163
fewrows-2,control,numeric,8,0,sorted,1000000,2,8,0,0,0.00353,0.006211
fewrows-2,fewrows,numeric,8,0,sorted,1000000,2,8,0,0,0.001633,0.002497
fewrows-2,fewrows,numeric,8,0,sorted,1000000,2,8,1,0,0.001696,0.00248
fewrows-2,control,numeric,8,0,sorted,1000000,2,8,1,0,0.003498,0.005796
fewrows-2,control,numeric,8,0,sorted,1000000,2,8,2,0,0.003448,0.005925
fewrows-2,fewrows,numeric,8,0,sorted,1000000,2,8,2,0,0.001598,0.002369
fewrows-2,fewrows,numeric,8,0,sorted,1000000,2,8,3,0,0.001678,0.002418
fewrows-2,control,numeric,8,0,sorted,1000000,2,8,3,0,0.003485,0.006067
fewrows-2,control,numeric,8,0,sorted,1000000,2,8,4,0,0.003511,0.006344
fewrows-2,fewrows,numeric,8,0,sorted,1000000,2,8,4,0,0.001661,0.002518
fewrows-2,fewrows,numeric,8,0,sorted,1000000,2,8,5,0,0.001695,0.00264
fewrows-2,control,numeric,8,0,sorted,1000000,2,8,5,0,0.003488,0.005734
fewrows-2,control,numeric,8,0,sorted,1000000,2,8,6,1,0.003547,0.006341
fewrows-2,fewrows,numeric,8,0,sorted,1000000,2,8,6,1,0.001915,0.002672
fewrows-2,control,numeric,8,0,filtered,666667,2,8,0,0,0.019942,0.001479
fewrows-2,fewrows,numeric,8,0,filtered,666667,2,8,0,0,0.01887,0.001346
fewrows-2,fewrows,numeric,8,0,filtered,666667,2,8,1,0,0.018691,0.001347
fewrows-2,control,numeric,8,0,filtered,666667,2,8,1,0,0.019958,0.001394
fewrows-2,control,numeric,8,0,filtered,666667,2,8,2,0,0.07273,0.008502
fewrows-2,fewrows,numeric,8,0,filtered,666667,2,8,2,0,0.038772,0.005136
fewrows-2,fewrows,numeric,8,0,filtered,666667,2,8,3,0,0.019233,0.001349
fewrows-2,control,numeric,8,0,filtered,666667,2,8,3,0,0.020322,0.001479
fewrows-2,control,numeric,8,0,filtered,666667,2,8,4,0,0.020083,0.001464
fewrows-2,fewrows,numeric,8,0,filtered,666667,2,8,4,0,0.018913,0.001334
fewrows-2,fewrows,numeric,8,0,filtered,666667,2,8,5,0,0.018824,0.001482
fewrows-2,control,numeric,8,0,filtered,666667,2,8,5,0,0.020278,0.001435
fewrows-2,control,numeric,8,0,filtered,666667,2,8,6,1,0.020135,0.001383
fewrows-2,fewrows,numeric,8,0,filtered,666667,2,8,6,1,0.018988,0.001384
fewrows-2,control,mixed,8,1,identity,1000000,2,8,0,0,0.009442,0.010558
fewrows-2,fewrows,mixed,8,1,identity,1000000,2,8,0,0,0.002996,0.002094
fewrows-2,fewrows,mixed,8,1,identity,1000000,2,8,1,0,0.002917,0.002229
fewrows-2,control,mixed,8,1,identity,1000000,2,8,1,0,0.009585,0.011229
fewrows-2,control,mixed,8,1,identity,1000000,2,8,2,0,0.009344,0.010536
fewrows-2,fewrows,mixed,8,1,identity,1000000,2,8,2,0,0.002839,0.002186
fewrows-2,fewrows,mixed,8,1,identity,1000000,2,8,3,0,0.002613,0.002077
fewrows-2,control,mixed,8,1,identity,1000000,2,8,3,0,0.009227,0.010861
fewrows-2,control,mixed,8,1,identity,1000000,2,8,4,0,0.009907,0.01071
fewrows-2,fewrows,mixed,8,1,identity,1000000,2,8,4,0,0.002836,0.002154
fewrows-2,fewrows,mixed,8,1,identity,1000000,2,8,5,0,0.002852,0.002102
fewrows-2,control,mixed,8,1,identity,1000000,2,8,5,0,0.009625,0.010004
fewrows-2,control,mixed,8,1,identity,1000000,2,8,6,1,0.009077,0.010643
fewrows-2,fewrows,mixed,8,1,identity,1000000,2,8,6,1,0.002847,0.002138
fewrows-2,control,mixed,8,1,sorted,1000000,2,8,0,0,0.00921,0.020292
fewrows-2,fewrows,mixed,8,1,sorted,1000000,2,8,0,0,0.00276,0.004619
fewrows-2,fewrows,mixed,8,1,sorted,1000000,2,8,1,0,0.002827,0.004371
fewrows-2,control,mixed,8,1,sorted,1000000,2,8,1,0,0.009555,0.020009
fewrows-2,control,mixed,8,1,sorted,1000000,2,8,2,0,0.009434,0.020095
fewrows-2,fewrows,mixed,8,1,sorted,1000000,2,8,2,0,0.002958,0.00498
fewrows-2,fewrows,mixed,8,1,sorted,1000000,2,8,3,0,0.002794,0.004613
fewrows-2,control,mixed,8,1,sorted,1000000,2,8,3,0,0.01005,0.020508
fewrows-2,control,mixed,8,1,sorted,1000000,2,8,4,0,0.010383,0.020982
fewrows-2,fewrows,mixed,8,1,sorted,1000000,2,8,4,0,0.002829,0.004882
fewrows-2,fewrows,mixed,8,1,sorted,1000000,2,8,5,0,0.002994,0.004458
fewrows-2,control,mixed,8,1,sorted,1000000,2,8,5,0,0.011123,0.019748
fewrows-2,control,mixed,8,1,sorted,1000000,2,8,6,1,0.010028,0.019352
fewrows-2,fewrows,mixed,8,1,sorted,1000000,2,8,6,1,0.002866,0.004779
fewrows-2,control,mixed,8,1,filtered,666667,2,8,0,0,0.024411,0.002004
fewrows-2,fewrows,mixed,8,1,filtered,666667,2,8,0,0,0.019536,0.001956
fewrows-2,fewrows,mixed,8,1,filtered,666667,2,8,1,0,0.019599,0.001924
fewrows-2,control,mixed,8,1,filtered,666667,2,8,1,0,0.024622,0.001901
fewrows-2,control,mixed,8,1,filtered,666667,2,8,2,0,0.02442,0.001859
fewrows-2,fewrows,mixed,8,1,filtered,666667,2,8,2,0,0.019502,0.001981
fewrows-2,fewrows,mixed,8,1,filtered,666667,2,8,3,0,0.019664,0.001924
fewrows-2,control,mixed,8,1,filtered,666667,2,8,3,0,0.023466,0.001977
fewrows-2,control,mixed,8,1,filtered,666667,2,8,4,0,0.024012,0.001956
fewrows-2,fewrows,mixed,8,1,filtered,666667,2,8,4,0,0.019461,0.001983
fewrows-2,fewrows,mixed,8,1,filtered,666667,2,8,5,0,0.019773,0.001977
fewrows-2,control,mixed,8,1,filtered,666667,2,8,5,0,0.023939,0.001802
fewrows-2,control,mixed,8,1,filtered,666667,2,8,6,1,0.024052,0.001953
fewrows-2,fewrows,mixed,8,1,filtered,666667,2,8,6,1,0.020078,0.001999
fewrows-2,control,mixed,8,0,identity,1000000,2,8,0,0,0.01002,0.007724
fewrows-2,fewrows,mixed,8,0,identity,1000000,2,8,0,0,0.002962,0.002276
fewrows-2,fewrows,mixed,8,0,identity,1000000,2,8,1,0,0.002767,0.00208
fewrows-2,control,mixed,8,0,identity,1000000,2,8,1,0,0.009257,0.007279
fewrows-2,control,mixed,8,0,identity,1000000,2,8,2,0,0.009251,0.006949
fewrows-2,fewrows,mixed,8,0,identity,1000000,2,8,2,0,0.002846,0.002142
fewrows-2,fewrows,mixed,8,0,identity,1000000,2,8,3,0,0.002888,0.002192
fewrows-2,control,mixed,8,0,identity,1000000,2,8,3,0,0.00912,0.007057
fewrows-2,control,mixed,8,0,identity,1000000,2,8,4,0,0.010229,0.007251
fewrows-2,fewrows,mixed,8,0,identity,1000000,2,8,4,0,0.002801,0.002081
fewrows-2,fewrows,mixed,8,0,identity,1000000,2,8,5,0,0.002777,0.002103
fewrows-2,control,mixed,8,0,identity,1000000,2,8,5,0,0.009495,0.007083
fewrows-2,control,mixed,8,0,identity,1000000,2,8,6,1,0.009575,0.006978
fewrows-2,fewrows,mixed,8,0,identity,1000000,2,8,6,1,0.00281,0.00214
fewrows-2,control,mixed,8,0,sorted,1000000,2,8,0,0,0.010366,0.016639
fewrows-2,fewrows,mixed,8,0,sorted,1000000,2,8,0,0,0.002844,0.004996
fewrows-2,fewrows,mixed,8,0,sorted,1000000,2,8,1,0,0.002862,0.004835
fewrows-2,control,mixed,8,0,sorted,1000000,2,8,1,0,0.010132,0.016691
fewrows-2,control,mixed,8,0,sorted,1000000,2,8,2,0,0.009288,0.01552
fewrows-2,fewrows,mixed,8,0,sorted,1000000,2,8,2,0,0.002845,0.003967
fewrows-2,fewrows,mixed,8,0,sorted,1000000,2,8,3,0,0.002804,0.004832
fewrows-2,control,mixed,8,0,sorted,1000000,2,8,3,0,0.009531,0.015514
fewrows-2,control,mixed,8,0,sorted,1000000,2,8,4,0,0.009226,0.016609
fewrows-2,fewrows,mixed,8,0,sorted,1000000,2,8,4,0,0.002852,0.004553
fewrows-2,fewrows,mixed,8,0,sorted,1000000,2,8,5,0,0.002958,0.004461
fewrows-2,control,mixed,8,0,sorted,1000000,2,8,5,0,0.009148,0.013308
fewrows-2,control,mixed,8,0,sorted,1000000,2,8,6,1,0.010332,0.017016
fewrows-2,fewrows,mixed,8,0,sorted,1000000,2,8,6,1,0.002893,0.004669
fewrows-2,control,mixed,8,0,filtered,666667,2,8,0,0,0.025051,0.00194
fewrows-2,fewrows,mixed,8,0,filtered,666667,2,8,0,0,0.019936,0.002063
fewrows-2,fewrows,mixed,8,0,filtered,666667,2,8,1,0,0.020078,0.001955
fewrows-2,control,mixed,8,0,filtered,666667,2,8,1,0,0.025175,0.001936
fewrows-2,control,mixed,8,0,filtered,666667,2,8,2,0,0.024099,0.001942
fewrows-2,fewrows,mixed,8,0,filtered,666667,2,8,2,0,0.019498,0.001934
fewrows-2,fewrows,mixed,8,0,filtered,666667,2,8,3,0,0.020021,0.001938
fewrows-2,control,mixed,8,0,filtered,666667,2,8,3,0,0.025097,0.001977
fewrows-2,control,mixed,8,0,filtered,666667,2,8,4,0,0.024854,0.001997
fewrows-2,fewrows,mixed,8,0,filtered,666667,2,8,4,0,0.020131,0.001935
fewrows-2,fewrows,mixed,8,0,filtered,666667,2,8,5,0,0.020071,0.001929
fewrows-2,control,mixed,8,0,filtered,666667,2,8,5,0,0.025,0.001966
fewrows-2,control,mixed,8,0,filtered,666667,2,8,6,1,0.024414,0.002046
fewrows-2,fewrows,mixed,8,0,filtered,666667,2,8,6,1,0.020132,0.001944
fewrows-2,control,mixed,244,1,identity,1000000,2,8,0,0,0.04513,0.098716
fewrows-2,fewrows,mixed,244,1,identity,1000000,2,8,0,0,0.011324,0.015774
fewrows-2,fewrows,mixed,244,1,identity,1000000,2,8,1,0,0.011253,0.016871
fewrows-2,control,mixed,244,1,identity,1000000,2,8,1,0,0.034844,0.093823
fewrows-2,control,mixed,244,1,identity,1000000,2,8,2,0,0.035306,0.093436
fewrows-2,fewrows,mixed,244,1,identity,1000000,2,8,2,0,0.010771,0.016148
fewrows-2,fewrows,mixed,244,1,identity,1000000,2,8,3,0,0.010803,0.017146
fewrows-2,control,mixed,244,1,identity,1000000,2,8,3,0,0.03539,0.094706
fewrows-2,control,mixed,244,1,identity,1000000,2,8,4,0,0.035485,0.093757
fewrows-2,fewrows,mixed,244,1,identity,1000000,2,8,4,0,0.011302,0.016666
fewrows-2,fewrows,mixed,244,1,identity,1000000,2,8,5,0,0.011281,0.017261
fewrows-2,control,mixed,244,1,identity,1000000,2,8,5,0,0.035581,0.093304
fewrows-2,control,mixed,244,1,identity,1000000,2,8,6,1,0.035664,0.093513
fewrows-2,fewrows,mixed,244,1,identity,1000000,2,8,6,1,0.011288,0.046163
fewrows-2,control,mixed,244,1,sorted,1000000,2,8,0,0,0.036293,0.150844
fewrows-2,fewrows,mixed,244,1,sorted,1000000,2,8,0,0,0.011178,0.038003
fewrows-2,fewrows,mixed,244,1,sorted,1000000,2,8,1,0,0.010928,0.035141
fewrows-2,control,mixed,244,1,sorted,1000000,2,8,1,0,0.035801,0.151157
fewrows-2,control,mixed,244,1,sorted,1000000,2,8,2,0,0.035171,0.151019
fewrows-2,fewrows,mixed,244,1,sorted,1000000,2,8,2,0,0.011074,0.036647
fewrows-2,fewrows,mixed,244,1,sorted,1000000,2,8,3,0,0.010767,0.034867
fewrows-2,control,mixed,244,1,sorted,1000000,2,8,3,0,0.035885,0.150279
fewrows-2,control,mixed,244,1,sorted,1000000,2,8,4,0,0.035909,0.150953
fewrows-2,fewrows,mixed,244,1,sorted,1000000,2,8,4,0,0.011335,0.033943
fewrows-2,fewrows,mixed,244,1,sorted,1000000,2,8,5,0,0.011238,0.03537
fewrows-2,control,mixed,244,1,sorted,1000000,2,8,5,0,0.035407,0.150484
fewrows-2,control,mixed,244,1,sorted,1000000,2,8,6,1,0.03639,0.150562
fewrows-2,fewrows,mixed,244,1,sorted,1000000,2,8,6,1,0.01135,0.035082
fewrows-2,control,mixed,244,1,filtered,666667,2,8,0,0,0.044965,0.012771
fewrows-2,fewrows,mixed,244,1,filtered,666667,2,8,0,0,0.026635,0.013127
fewrows-2,fewrows,mixed,244,1,filtered,666667,2,8,1,0,0.026822,0.012345
fewrows-2,control,mixed,244,1,filtered,666667,2,8,1,0,0.045228,0.012016
fewrows-2,control,mixed,244,1,filtered,666667,2,8,2,0,0.044526,0.012966
fewrows-2,fewrows,mixed,244,1,filtered,666667,2,8,2,0,0.026804,0.012604
fewrows-2,fewrows,mixed,244,1,filtered,666667,2,8,3,0,0.026909,0.012487
fewrows-2,control,mixed,244,1,filtered,666667,2,8,3,0,0.044803,0.010908
fewrows-2,control,mixed,244,1,filtered,666667,2,8,4,0,0.044797,0.012425
fewrows-2,fewrows,mixed,244,1,filtered,666667,2,8,4,0,0.02649,0.012967
fewrows-2,fewrows,mixed,244,1,filtered,666667,2,8,5,0,0.026604,0.0115
fewrows-2,control,mixed,244,1,filtered,666667,2,8,5,0,0.045128,0.012978
fewrows-2,control,mixed,244,1,filtered,666667,2,8,6,1,0.043474,0.013103
fewrows-2,fewrows,mixed,244,1,filtered,666667,2,8,6,1,0.026321,0.010424
fewrows-2,control,mixed,244,0,identity,1000000,2,8,0,0,0.054105,0.09003
fewrows-2,fewrows,mixed,244,0,identity,1000000,2,8,0,0,0.018711,0.017569
fewrows-2,fewrows,mixed,244,0,identity,1000000,2,8,1,0,0.015714,0.017252
fewrows-2,control,mixed,244,0,identity,1000000,2,8,1,0,0.046962,0.089848
fewrows-2,control,mixed,244,0,identity,1000000,2,8,2,0,0.045398,0.090045
fewrows-2,fewrows,mixed,244,0,identity,1000000,2,8,2,0,0.01477,0.01626
fewrows-2,fewrows,mixed,244,0,identity,1000000,2,8,3,0,0.014045,0.017775
fewrows-2,control,mixed,244,0,identity,1000000,2,8,3,0,0.050008,0.089699
fewrows-2,control,mixed,244,0,identity,1000000,2,8,4,0,0.053533,0.090066
fewrows-2,fewrows,mixed,244,0,identity,1000000,2,8,4,0,0.018248,0.01623
fewrows-2,fewrows,mixed,244,0,identity,1000000,2,8,5,0,0.01428,0.017097
fewrows-2,control,mixed,244,0,identity,1000000,2,8,5,0,0.050834,0.090311
fewrows-2,control,mixed,244,0,identity,1000000,2,8,6,1,0.049007,0.089665
fewrows-2,fewrows,mixed,244,0,identity,1000000,2,8,6,1,0.01475,0.017634
fewrows-2,control,mixed,244,0,sorted,1000000,2,8,0,0,0.046154,0.201453
fewrows-2,fewrows,mixed,244,0,sorted,1000000,2,8,0,0,0.013978,0.038369
fewrows-2,fewrows,mixed,244,0,sorted,1000000,2,8,1,0,0.017772,0.034725
fewrows-2,control,mixed,244,0,sorted,1000000,2,8,1,0,0.045225,0.198719
fewrows-2,control,mixed,244,0,sorted,1000000,2,8,2,0,0.04551,0.200517
fewrows-2,fewrows,mixed,244,0,sorted,1000000,2,8,2,0,0.012007,0.032591
fewrows-2,fewrows,mixed,244,0,sorted,1000000,2,8,3,0,0.013854,0.032533
fewrows-2,control,mixed,244,0,sorted,1000000,2,8,3,0,0.045599,0.203387
fewrows-2,control,mixed,244,0,sorted,1000000,2,8,4,0,0.045684,0.20425
fewrows-2,fewrows,mixed,244,0,sorted,1000000,2,8,4,0,0.013922,0.036782
fewrows-2,fewrows,mixed,244,0,sorted,1000000,2,8,5,0,0.014247,0.032582
fewrows-2,control,mixed,244,0,sorted,1000000,2,8,5,0,0.046066,0.198486
fewrows-2,control,mixed,244,0,sorted,1000000,2,8,6,1,0.046517,0.199801
fewrows-2,fewrows,mixed,244,0,sorted,1000000,2,8,6,1,0.061611,0.039793
fewrows-2,control,mixed,244,0,filtered,666667,2,8,0,0,0.052992,0.012072
fewrows-2,fewrows,mixed,244,0,filtered,666667,2,8,0,0,0.028606,0.013576
fewrows-2,fewrows,mixed,244,0,filtered,666667,2,8,1,0,0.028152,0.0117
fewrows-2,control,mixed,244,0,filtered,666667,2,8,1,0,0.051832,0.012573
fewrows-2,control,mixed,244,0,filtered,666667,2,8,2,0,0.051873,0.012734
fewrows-2,fewrows,mixed,244,0,filtered,666667,2,8,2,0,0.028948,0.011824
fewrows-2,fewrows,mixed,244,0,filtered,666667,2,8,3,0,0.029046,0.012263
fewrows-2,control,mixed,244,0,filtered,666667,2,8,3,0,0.051867,0.011821
fewrows-2,control,mixed,244,0,filtered,666667,2,8,4,0,0.051706,0.013307
fewrows-2,fewrows,mixed,244,0,filtered,666667,2,8,4,0,0.02792,0.012589
fewrows-2,fewrows,mixed,244,0,filtered,666667,2,8,5,0,0.027742,0.011704
fewrows-2,control,mixed,244,0,filtered,666667,2,8,5,0,0.05101,0.013642
fewrows-2,control,mixed,244,0,filtered,666667,2,8,6,1,0.051085,0.013277
fewrows-2,fewrows,mixed,244,0,filtered,666667,2,8,6,1,0.027056,0.011897
fewrows-2,control,strings,8,1,identity,1000000,2,8,0,0,0.028506,0.012739
fewrows-2,fewrows,strings,8,1,identity,1000000,2,8,0,0,0.012385,0.003694
fewrows-2,fewrows,strings,8,1,identity,1000000,2,8,1,0,0.011982,0.00369
fewrows-2,control,strings,8,1,identity,1000000,2,8,1,0,0.028304,0.012624
fewrows-2,control,strings,8,1,identity,1000000,2,8,2,0,0.028786,0.012633
fewrows-2,fewrows,strings,8,1,identity,1000000,2,8,2,0,0.012739,0.003365
fewrows-2,fewrows,strings,8,1,identity,1000000,2,8,3,0,0.012762,0.003701
fewrows-2,control,strings,8,1,identity,1000000,2,8,3,0,0.028606,0.01266
fewrows-2,control,strings,8,1,identity,1000000,2,8,4,0,0.028503,0.012689
fewrows-2,fewrows,strings,8,1,identity,1000000,2,8,4,0,0.012577,0.003777
fewrows-2,fewrows,strings,8,1,identity,1000000,2,8,5,0,0.01188,0.00378
fewrows-2,control,strings,8,1,identity,1000000,2,8,5,0,0.028406,0.012664
fewrows-2,control,strings,8,1,identity,1000000,2,8,6,1,0.028658,0.012691
fewrows-2,fewrows,strings,8,1,identity,1000000,2,8,6,1,0.012537,0.003431
fewrows-2,control,strings,8,1,sorted,1000000,2,8,0,0,0.028154,0.026174
fewrows-2,fewrows,strings,8,1,sorted,1000000,2,8,0,0,0.012135,0.00908
fewrows-2,fewrows,strings,8,1,sorted,1000000,2,8,1,0,0.012171,0.010334
fewrows-2,control,strings,8,1,sorted,1000000,2,8,1,0,0.028531,0.025684
fewrows-2,control,strings,8,1,sorted,1000000,2,8,2,0,0.028624,0.025138
fewrows-2,fewrows,strings,8,1,sorted,1000000,2,8,2,0,0.012621,0.009109
fewrows-2,fewrows,strings,8,1,sorted,1000000,2,8,3,0,0.012909,0.00952
fewrows-2,control,strings,8,1,sorted,1000000,2,8,3,0,0.02859,0.026332
fewrows-2,control,strings,8,1,sorted,1000000,2,8,4,0,0.028569,0.025391
fewrows-2,fewrows,strings,8,1,sorted,1000000,2,8,4,0,0.012982,0.00977
fewrows-2,fewrows,strings,8,1,sorted,1000000,2,8,5,0,0.013193,0.00933
fewrows-2,control,strings,8,1,sorted,1000000,2,8,5,0,0.028542,0.02618
fewrows-2,control,strings,8,1,sorted,1000000,2,8,6,1,0.028548,0.025639
fewrows-2,fewrows,strings,8,1,sorted,1000000,2,8,6,1,0.01281,0.009121
fewrows-2,control,strings,8,1,filtered,666667,2,8,0,0,0.042831,0.003748
fewrows-2,fewrows,strings,8,1,filtered,666667,2,8,0,0,0.029764,0.003728
fewrows-2,fewrows,strings,8,1,filtered,666667,2,8,1,0,0.029972,0.003699
fewrows-2,control,strings,8,1,filtered,666667,2,8,1,0,0.042802,0.003743
fewrows-2,control,strings,8,1,filtered,666667,2,8,2,0,0.042156,0.003896
fewrows-2,fewrows,strings,8,1,filtered,666667,2,8,2,0,0.03093,0.003859
fewrows-2,fewrows,strings,8,1,filtered,666667,2,8,3,0,0.030398,0.003986
fewrows-2,control,strings,8,1,filtered,666667,2,8,3,0,0.042787,0.004094
fewrows-2,control,strings,8,1,filtered,666667,2,8,4,0,0.042388,0.004033
fewrows-2,fewrows,strings,8,1,filtered,666667,2,8,4,0,0.030486,0.003844
fewrows-2,fewrows,strings,8,1,filtered,666667,2,8,5,0,0.028947,0.003962
fewrows-2,control,strings,8,1,filtered,666667,2,8,5,0,0.0424,0.00377
fewrows-2,control,strings,8,1,filtered,666667,2,8,6,1,0.042919,0.003754
fewrows-2,fewrows,strings,8,1,filtered,666667,2,8,6,1,0.030355,0.003784
fewrows-2,control,strings,8,0,identity,1000000,2,8,0,0,0.029713,0.011801
fewrows-2,fewrows,strings,8,0,identity,1000000,2,8,0,0,0.012845,0.003703
fewrows-2,fewrows,strings,8,0,identity,1000000,2,8,1,0,0.012079,0.003676
fewrows-2,control,strings,8,0,identity,1000000,2,8,1,0,0.029556,0.01186
fewrows-2,control,strings,8,0,identity,1000000,2,8,2,0,0.029784,0.011758
fewrows-2,fewrows,strings,8,0,identity,1000000,2,8,2,0,0.012831,0.003648
fewrows-2,fewrows,strings,8,0,identity,1000000,2,8,3,0,0.012502,0.003645
fewrows-2,control,strings,8,0,identity,1000000,2,8,3,0,0.028704,0.011667
fewrows-2,control,strings,8,0,identity,1000000,2,8,4,0,0.028956,0.011658
fewrows-2,fewrows,strings,8,0,identity,1000000,2,8,4,0,0.01279,0.00365
fewrows-2,fewrows,strings,8,0,identity,1000000,2,8,5,0,0.012746,0.003692
fewrows-2,control,strings,8,0,identity,1000000,2,8,5,0,0.028483,0.011643
fewrows-2,control,strings,8,0,identity,1000000,2,8,6,1,0.028937,0.01169
fewrows-2,fewrows,strings,8,0,identity,1000000,2,8,6,1,0.012306,0.003771
fewrows-2,control,strings,8,0,sorted,1000000,2,8,0,0,0.028437,0.024242
fewrows-2,fewrows,strings,8,0,sorted,1000000,2,8,0,0,0.012557,0.008002
fewrows-2,fewrows,strings,8,0,sorted,1000000,2,8,1,0,0.012114,0.009882
fewrows-2,control,strings,8,0,sorted,1000000,2,8,1,0,0.030034,0.022466
fewrows-2,control,strings,8,0,sorted,1000000,2,8,2,0,0.028497,0.023563
fewrows-2,fewrows,strings,8,0,sorted,1000000,2,8,2,0,0.012659,0.009301
fewrows-2,fewrows,strings,8,0,sorted,1000000,2,8,3,0,0.012369,0.01
fewrows-2,control,strings,8,0,sorted,1000000,2,8,3,0,0.029989,0.021757
fewrows-2,control,strings,8,0,sorted,1000000,2,8,4,0,0.028404,0.02261
fewrows-2,fewrows,strings,8,0,sorted,1000000,2,8,4,0,0.012604,0.009364
fewrows-2,fewrows,strings,8,0,sorted,1000000,2,8,5,0,0.012199,0.009891
fewrows-2,control,strings,8,0,sorted,1000000,2,8,5,0,0.028933,0.021431
fewrows-2,control,strings,8,0,sorted,1000000,2,8,6,1,0.028606,0.023664
fewrows-2,fewrows,strings,8,0,sorted,1000000,2,8,6,1,0.012651,0.010499
fewrows-2,control,strings,8,0,filtered,666667,2,8,0,0,0.043992,0.003632
fewrows-2,fewrows,strings,8,0,filtered,666667,2,8,0,0,0.029915,0.00358
fewrows-2,fewrows,strings,8,0,filtered,666667,2,8,1,0,0.029934,0.003446
fewrows-2,control,strings,8,0,filtered,666667,2,8,1,0,0.042599,0.003758
fewrows-2,control,strings,8,0,filtered,666667,2,8,2,0,0.044058,0.003916
fewrows-2,fewrows,strings,8,0,filtered,666667,2,8,2,0,0.028932,0.00386
fewrows-2,fewrows,strings,8,0,filtered,666667,2,8,3,0,0.0288,0.003771
fewrows-2,control,strings,8,0,filtered,666667,2,8,3,0,0.042356,0.003786
fewrows-2,control,strings,8,0,filtered,666667,2,8,4,0,0.044169,0.003669
fewrows-2,fewrows,strings,8,0,filtered,666667,2,8,4,0,0.028323,0.003559
fewrows-2,fewrows,strings,8,0,filtered,666667,2,8,5,0,0.029044,0.003564
fewrows-2,control,strings,8,0,filtered,666667,2,8,5,0,0.041838,0.003642
fewrows-2,control,strings,8,0,filtered,666667,2,8,6,1,0.041681,0.003744
fewrows-2,fewrows,strings,8,0,filtered,666667,2,8,6,1,0.027777,0.003626
fewrows-2,control,strings,244,1,identity,1000000,2,8,0,0,0.048656,0.097831
fewrows-2,fewrows,strings,244,1,identity,1000000,2,8,0,0,0.018351,0.027778
fewrows-2,fewrows,strings,244,1,identity,1000000,2,8,1,0,0.018451,0.027431
fewrows-2,control,strings,244,1,identity,1000000,2,8,1,0,0.037887,0.093524
fewrows-2,control,strings,244,1,identity,1000000,2,8,2,0,0.037202,0.093368
fewrows-2,fewrows,strings,244,1,identity,1000000,2,8,2,0,0.019631,0.027132
fewrows-2,fewrows,strings,244,1,identity,1000000,2,8,3,0,0.017634,0.031936
fewrows-2,control,strings,244,1,identity,1000000,2,8,3,0,0.037547,0.094977
fewrows-2,control,strings,244,1,identity,1000000,2,8,4,0,0.038043,0.094954
fewrows-2,fewrows,strings,244,1,identity,1000000,2,8,4,0,0.018643,0.027928
fewrows-2,fewrows,strings,244,1,identity,1000000,2,8,5,0,0.017494,0.027318
fewrows-2,control,strings,244,1,identity,1000000,2,8,5,0,0.037721,0.092961
fewrows-2,control,strings,244,1,identity,1000000,2,8,6,1,0.037731,0.093478
fewrows-2,fewrows,strings,244,1,identity,1000000,2,8,6,1,0.018107,0.031732
fewrows-2,control,strings,244,1,sorted,1000000,2,8,0,0,0.037759,0.14871
fewrows-2,fewrows,strings,244,1,sorted,1000000,2,8,0,0,0.017944,0.064368
fewrows-2,fewrows,strings,244,1,sorted,1000000,2,8,1,0,0.018429,0.065532
fewrows-2,control,strings,244,1,sorted,1000000,2,8,1,0,0.037759,0.149985
fewrows-2,control,strings,244,1,sorted,1000000,2,8,2,0,0.036997,0.149386
fewrows-2,fewrows,strings,244,1,sorted,1000000,2,8,2,0,0.016752,0.069459
fewrows-2,fewrows,strings,244,1,sorted,1000000,2,8,3,0,0.016838,0.065892
fewrows-2,control,strings,244,1,sorted,1000000,2,8,3,0,0.038368,0.151152
fewrows-2,control,strings,244,1,sorted,1000000,2,8,4,0,0.038465,0.150848
fewrows-2,fewrows,strings,244,1,sorted,1000000,2,8,4,0,0.018486,0.07069
fewrows-2,fewrows,strings,244,1,sorted,1000000,2,8,5,0,0.018821,0.073621
fewrows-2,control,strings,244,1,sorted,1000000,2,8,5,0,0.037175,0.150728
fewrows-2,control,strings,244,1,sorted,1000000,2,8,6,1,0.038051,0.150633
fewrows-2,fewrows,strings,244,1,sorted,1000000,2,8,6,1,0.018346,0.06154
fewrows-2,control,strings,244,1,filtered,666667,2,8,0,0,0.048184,0.022343
fewrows-2,fewrows,strings,244,1,filtered,666667,2,8,0,0,0.034487,0.02336
fewrows-2,fewrows,strings,244,1,filtered,666667,2,8,1,0,0.033867,0.024316
fewrows-2,control,strings,244,1,filtered,666667,2,8,1,0,0.047871,0.022957
fewrows-2,control,strings,244,1,filtered,666667,2,8,2,0,0.048304,0.023643
fewrows-2,fewrows,strings,244,1,filtered,666667,2,8,2,0,0.033053,0.022494
fewrows-2,fewrows,strings,244,1,filtered,666667,2,8,3,0,0.033515,0.022045
fewrows-2,control,strings,244,1,filtered,666667,2,8,3,0,0.048419,0.022061
fewrows-2,control,strings,244,1,filtered,666667,2,8,4,0,0.048073,0.024155
fewrows-2,fewrows,strings,244,1,filtered,666667,2,8,4,0,0.033028,0.02274
fewrows-2,fewrows,strings,244,1,filtered,666667,2,8,5,0,0.033327,0.022735
fewrows-2,control,strings,244,1,filtered,666667,2,8,5,0,0.048444,0.022623
fewrows-2,control,strings,244,1,filtered,666667,2,8,6,1,0.048365,0.022896
fewrows-2,fewrows,strings,244,1,filtered,666667,2,8,6,1,0.033943,0.022237
fewrows-2,control,strings,244,0,identity,1000000,2,8,0,0,0.056051,0.089957
fewrows-2,fewrows,strings,244,0,identity,1000000,2,8,0,0,0.022795,0.028166
fewrows-2,fewrows,strings,244,0,identity,1000000,2,8,1,0,0.022665,0.032917
fewrows-2,control,strings,244,0,identity,1000000,2,8,1,0,0.049691,0.088852
fewrows-2,control,strings,244,0,identity,1000000,2,8,2,0,0.049637,0.088782
fewrows-2,fewrows,strings,244,0,identity,1000000,2,8,2,0,0.023541,0.030436
fewrows-2,fewrows,strings,244,0,identity,1000000,2,8,3,0,0.023008,0.028237
fewrows-2,control,strings,244,0,identity,1000000,2,8,3,0,0.050509,0.090191
fewrows-2,control,strings,244,0,identity,1000000,2,8,4,0,0.050434,0.091065
fewrows-2,fewrows,strings,244,0,identity,1000000,2,8,4,0,0.023002,0.03708
fewrows-2,fewrows,strings,244,0,identity,1000000,2,8,5,0,0.087346,0.039986
fewrows-2,control,strings,244,0,identity,1000000,2,8,5,0,0.0537,0.090561
fewrows-2,control,strings,244,0,identity,1000000,2,8,6,1,0.052508,0.094585
fewrows-2,fewrows,strings,244,0,identity,1000000,2,8,6,1,0.026921,0.028266
fewrows-2,control,strings,244,0,sorted,1000000,2,8,0,0,0.050308,0.203832
fewrows-2,fewrows,strings,244,0,sorted,1000000,2,8,0,0,0.023979,0.067005
fewrows-2,fewrows,strings,244,0,sorted,1000000,2,8,1,0,0.02409,0.08207
fewrows-2,control,strings,244,0,sorted,1000000,2,8,1,0,0.056418,0.209916
fewrows-2,control,strings,244,0,sorted,1000000,2,8,2,0,0.064676,0.20516
fewrows-2,fewrows,strings,244,0,sorted,1000000,2,8,2,0,0.025506,0.070406
fewrows-2,fewrows,strings,244,0,sorted,1000000,2,8,3,0,0.024311,0.072291
fewrows-2,control,strings,244,0,sorted,1000000,2,8,3,0,0.056668,0.201049
fewrows-2,control,strings,244,0,sorted,1000000,2,8,4,0,0.051627,0.201378
fewrows-2,fewrows,strings,244,0,sorted,1000000,2,8,4,0,0.022192,0.05812
fewrows-2,fewrows,strings,244,0,sorted,1000000,2,8,5,0,0.022782,0.059958
fewrows-2,control,strings,244,0,sorted,1000000,2,8,5,0,0.049403,0.202076
fewrows-2,control,strings,244,0,sorted,1000000,2,8,6,1,0.049711,0.20429
fewrows-2,fewrows,strings,244,0,sorted,1000000,2,8,6,1,0.020984,0.063201
fewrows-2,control,strings,244,0,filtered,666667,2,8,0,0,0.056507,0.022921
fewrows-2,fewrows,strings,244,0,filtered,666667,2,8,0,0,0.035369,0.025078
fewrows-2,fewrows,strings,244,0,filtered,666667,2,8,1,0,0.035412,0.024651
fewrows-2,control,strings,244,0,filtered,666667,2,8,1,0,0.055571,0.025065
fewrows-2,control,strings,244,0,filtered,666667,2,8,2,0,0.058167,0.023286
fewrows-2,fewrows,strings,244,0,filtered,666667,2,8,2,0,0.03482,0.0229
fewrows-2,fewrows,strings,244,0,filtered,666667,2,8,3,0,0.034576,0.023682
fewrows-2,control,strings,244,0,filtered,666667,2,8,3,0,0.055172,0.024778
fewrows-2,control,strings,244,0,filtered,666667,2,8,4,0,0.056576,0.025045
fewrows-2,fewrows,strings,244,0,filtered,666667,2,8,4,0,0.034291,0.024855
fewrows-2,fewrows,strings,244,0,filtered,666667,2,8,5,0,0.034397,0.020771
fewrows-2,control,strings,244,0,filtered,666667,2,8,5,0,0.055089,0.024126
fewrows-2,control,strings,244,0,filtered,666667,2,8,6,1,0.058575,0.024381
fewrows-2,fewrows,strings,244,0,filtered,666667,2,8,6,1,0.036946,0.024526
fewrows-3,control,numeric,8,1,identity,1000000,3,8,0,0,0.004647,0.003557
fewrows-3,fewrows,numeric,8,1,identity,1000000,3,8,0,0,0.00254,0.001917
fewrows-3,fewrows,numeric,8,1,identity,1000000,3,8,1,0,0.002547,0.001928
fewrows-3,control,numeric,8,1,identity,1000000,3,8,1,0,0.003494,0.003373
fewrows-3,control,numeric,8,1,identity,1000000,3,8,2,0,0.003497,0.003311
fewrows-3,fewrows,numeric,8,1,identity,1000000,3,8,2,0,0.002471,0.002289
fewrows-3,fewrows,numeric,8,1,identity,1000000,3,8,3,0,0.002513,0.001968
fewrows-3,control,numeric,8,1,identity,1000000,3,8,3,0,0.003536,0.003303
fewrows-3,control,numeric,8,1,identity,1000000,3,8,4,0,0.003455,0.003324
fewrows-3,fewrows,numeric,8,1,identity,1000000,3,8,4,0,0.002472,0.002136
fewrows-3,fewrows,numeric,8,1,identity,1000000,3,8,5,0,0.002588,0.001909
fewrows-3,control,numeric,8,1,identity,1000000,3,8,5,0,0.003476,0.003315
fewrows-3,control,numeric,8,1,identity,1000000,3,8,6,1,0.003537,0.003303
fewrows-3,fewrows,numeric,8,1,identity,1000000,3,8,6,1,0.002557,0.001979
fewrows-3,control,numeric,8,1,sorted,1000000,3,8,0,0,0.003509,0.006251
fewrows-3,fewrows,numeric,8,1,sorted,1000000,3,8,0,0,0.002733,0.003844
fewrows-3,fewrows,numeric,8,1,sorted,1000000,3,8,1,0,0.00248,0.00373
fewrows-3,control,numeric,8,1,sorted,1000000,3,8,1,0,0.003518,0.006123
fewrows-3,control,numeric,8,1,sorted,1000000,3,8,2,0,0.003527,0.006135
fewrows-3,fewrows,numeric,8,1,sorted,1000000,3,8,2,0,0.00247,0.004096
fewrows-3,fewrows,numeric,8,1,sorted,1000000,3,8,3,0,0.002648,0.003866
fewrows-3,control,numeric,8,1,sorted,1000000,3,8,3,0,0.003766,0.006733
fewrows-3,control,numeric,8,1,sorted,1000000,3,8,4,0,0.003789,0.006372
fewrows-3,fewrows,numeric,8,1,sorted,1000000,3,8,4,0,0.002586,0.004302
fewrows-3,fewrows,numeric,8,1,sorted,1000000,3,8,5,0,0.002821,0.003857
fewrows-3,control,numeric,8,1,sorted,1000000,3,8,5,0,0.004089,0.006115
fewrows-3,control,numeric,8,1,sorted,1000000,3,8,6,1,0.003774,0.007283
fewrows-3,fewrows,numeric,8,1,sorted,1000000,3,8,6,1,0.008107,0.006547
fewrows-3,control,numeric,8,1,filtered,666667,3,8,0,0,0.020389,0.002048
fewrows-3,fewrows,numeric,8,1,filtered,666667,3,8,0,0,0.020626,0.002935
fewrows-3,fewrows,numeric,8,1,filtered,666667,3,8,1,0,0.02088,0.002039
fewrows-3,control,numeric,8,1,filtered,666667,3,8,1,0,0.021066,0.002048
fewrows-3,control,numeric,8,1,filtered,666667,3,8,2,0,0.020869,0.00234
fewrows-3,fewrows,numeric,8,1,filtered,666667,3,8,2,0,0.019746,0.00222
fewrows-3,fewrows,numeric,8,1,filtered,666667,3,8,3,0,0.019938,0.002028
fewrows-3,control,numeric,8,1,filtered,666667,3,8,3,0,0.020425,0.002037
fewrows-3,control,numeric,8,1,filtered,666667,3,8,4,0,0.020305,0.002029
fewrows-3,fewrows,numeric,8,1,filtered,666667,3,8,4,0,0.019624,0.002161
fewrows-3,fewrows,numeric,8,1,filtered,666667,3,8,5,0,0.019617,0.002028
fewrows-3,control,numeric,8,1,filtered,666667,3,8,5,0,0.020602,0.002131
fewrows-3,control,numeric,8,1,filtered,666667,3,8,6,1,0.020554,0.002138
fewrows-3,fewrows,numeric,8,1,filtered,666667,3,8,6,1,0.020018,0.002203
fewrows-3,control,numeric,8,0,identity,1000000,3,8,0,0,0.003755,0.003362
fewrows-3,fewrows,numeric,8,0,identity,1000000,3,8,0,0,0.002483,0.00194
fewrows-3,fewrows,numeric,8,0,identity,1000000,3,8,1,0,0.002499,0.00203
fewrows-3,control,numeric,8,0,identity,1000000,3,8,1,0,0.003765,0.003352
fewrows-3,control,numeric,8,0,identity,1000000,3,8,2,0,0.003538,0.003312
fewrows-3,fewrows,numeric,8,0,identity,1000000,3,8,2,0,0.002475,0.001942
fewrows-3,fewrows,numeric,8,0,identity,1000000,3,8,3,0,0.002476,0.001908
fewrows-3,control,numeric,8,0,identity,1000000,3,8,3,0,0.003707,0.003311
fewrows-3,control,numeric,8,0,identity,1000000,3,8,4,0,0.003552,0.003308
fewrows-3,fewrows,numeric,8,0,identity,1000000,3,8,4,0,0.002523,0.001921
fewrows-3,fewrows,numeric,8,0,identity,1000000,3,8,5,0,0.002453,0.001936
fewrows-3,control,numeric,8,0,identity,1000000,3,8,5,0,0.00354,0.003305
fewrows-3,control,numeric,8,0,identity,1000000,3,8,6,1,0.003622,0.003348
fewrows-3,fewrows,numeric,8,0,identity,1000000,3,8,6,1,0.002679,0.001964
fewrows-3,control,numeric,8,0,sorted,1000000,3,8,0,0,0.00351,0.005992
fewrows-3,fewrows,numeric,8,0,sorted,1000000,3,8,0,0,0.002521,0.004026
fewrows-3,fewrows,numeric,8,0,sorted,1000000,3,8,1,0,0.002386,0.003828
fewrows-3,control,numeric,8,0,sorted,1000000,3,8,1,0,0.003707,0.005988
fewrows-3,control,numeric,8,0,sorted,1000000,3,8,2,0,0.003727,0.006082
fewrows-3,fewrows,numeric,8,0,sorted,1000000,3,8,2,0,0.002483,0.003773
fewrows-3,fewrows,numeric,8,0,sorted,1000000,3,8,3,0,0.002497,0.003842
fewrows-3,control,numeric,8,0,sorted,1000000,3,8,3,0,0.003778,0.006175
fewrows-3,control,numeric,8,0,sorted,1000000,3,8,4,0,0.034791,0.009278
fewrows-3,fewrows,numeric,8,0,sorted,1000000,3,8,4,0,0.00674,0.00651
fewrows-3,fewrows,numeric,8,0,sorted,1000000,3,8,5,0,0.002705,0.004234
fewrows-3,control,numeric,8,0,sorted,1000000,3,8,5,0,0.003756,0.005978
fewrows-3,control,numeric,8,0,sorted,1000000,3,8,6,1,0.003785,0.00611
fewrows-3,fewrows,numeric,8,0,sorted,1000000,3,8,6,1,0.002439,0.003977
fewrows-3,control,numeric,8,0,filtered,666667,3,8,0,0,0.020281,0.002239
fewrows-3,fewrows,numeric,8,0,filtered,666667,3,8,0,0,0.019186,0.001989
fewrows-3,fewrows,numeric,8,0,filtered,666667,3,8,1,0,0.020183,0.001983
fewrows-3,control,numeric,8,0,filtered,666667,3,8,1,0,0.020021,0.002014
fewrows-3,control,numeric,8,0,filtered,666667,3,8,2,0,0.020216,0.002032
fewrows-3,fewrows,numeric,8,0,filtered,666667,3,8,2,0,0.019625,0.001967
fewrows-3,fewrows,numeric,8,0,filtered,666667,3,8,3,0,0.019693,0.001992
fewrows-3,control,numeric,8,0,filtered,666667,3,8,3,0,0.020557,0.002025
fewrows-3,control,numeric,8,0,filtered,666667,3,8,4,0,0.020306,0.002031
fewrows-3,fewrows,numeric,8,0,filtered,666667,3,8,4,0,0.019736,0.002009
fewrows-3,fewrows,numeric,8,0,filtered,666667,3,8,5,0,0.019231,0.002097
fewrows-3,control,numeric,8,0,filtered,666667,3,8,5,0,0.020368,0.002143
fewrows-3,control,numeric,8,0,filtered,666667,3,8,6,1,0.020615,0.002134
fewrows-3,fewrows,numeric,8,0,filtered,666667,3,8,6,1,0.019802,0.0021
fewrows-3,control,mixed,8,1,identity,1000000,3,8,0,0,0.009624,0.011068
fewrows-3,fewrows,mixed,8,1,identity,1000000,3,8,0,0,0.003691,0.002748
fewrows-3,fewrows,mixed,8,1,identity,1000000,3,8,1,0,0.003531,0.002677
fewrows-3,control,mixed,8,1,identity,1000000,3,8,1,0,0.009242,0.010431
fewrows-3,control,mixed,8,1,identity,1000000,3,8,2,0,0.009927,0.00996
fewrows-3,fewrows,mixed,8,1,identity,1000000,3,8,2,0,0.003493,0.002341
fewrows-3,fewrows,mixed,8,1,identity,1000000,3,8,3,0,0.003587,0.002668
fewrows-3,control,mixed,8,1,identity,1000000,3,8,3,0,0.009399,0.010454
fewrows-3,control,mixed,8,1,identity,1000000,3,8,4,0,0.009288,0.010523
fewrows-3,fewrows,mixed,8,1,identity,1000000,3,8,4,0,0.003647,0.002681
fewrows-3,fewrows,mixed,8,1,identity,1000000,3,8,5,0,0.003553,0.002677
fewrows-3,control,mixed,8,1,identity,1000000,3,8,5,0,0.009535,0.010331
fewrows-3,control,mixed,8,1,identity,1000000,3,8,6,1,0.009507,0.010479
fewrows-3,fewrows,mixed,8,1,identity,1000000,3,8,6,1,0.003593,0.002703
fewrows-3,control,mixed,8,1,sorted,1000000,3,8,0,0,0.009929,0.019659
fewrows-3,fewrows,mixed,8,1,sorted,1000000,3,8,0,0,0.003654,0.006239
fewrows-3,fewrows,mixed,8,1,sorted,1000000,3,8,1,0,0.003563,0.006145
fewrows-3,control,mixed,8,1,sorted,1000000,3,8,1,0,0.009261,0.019315
fewrows-3,control,mixed,8,1,sorted,1000000,3,8,2,0,0.009652,0.020547
fewrows-3,fewrows,mixed,8,1,sorted,1000000,3,8,2,0,0.003742,0.005805
fewrows-3,fewrows,mixed,8,1,sorted,1000000,3,8,3,0,0.003564,0.006268
fewrows-3,control,mixed,8,1,sorted,1000000,3,8,3,0,0.009825,0.020535
fewrows-3,control,mixed,8,1,sorted,1000000,3,8,4,0,0.010361,0.019699
fewrows-3,fewrows,mixed,8,1,sorted,1000000,3,8,4,0,0.003975,0.0065
fewrows-3,fewrows,mixed,8,1,sorted,1000000,3,8,5,0,0.003681,0.007401
fewrows-3,control,mixed,8,1,sorted,1000000,3,8,5,0,0.009291,0.019964
fewrows-3,control,mixed,8,1,sorted,1000000,3,8,6,1,0.009818,0.019946
fewrows-3,fewrows,mixed,8,1,sorted,1000000,3,8,6,1,0.004021,0.006796
fewrows-3,control,mixed,8,1,filtered,666667,3,8,0,0,0.024462,0.002643
fewrows-3,fewrows,mixed,8,1,filtered,666667,3,8,0,0,0.020459,0.002689
fewrows-3,fewrows,mixed,8,1,filtered,666667,3,8,1,0,0.0211,0.002666
fewrows-3,control,mixed,8,1,filtered,666667,3,8,1,0,0.024389,0.002597
fewrows-3,control,mixed,8,1,filtered,666667,3,8,2,0,0.024539,0.002593
fewrows-3,fewrows,mixed,8,1,filtered,666667,3,8,2,0,0.020984,0.002671
fewrows-3,fewrows,mixed,8,1,filtered,666667,3,8,3,0,0.020307,0.002637
fewrows-3,control,mixed,8,1,filtered,666667,3,8,3,0,0.024233,0.002707
fewrows-3,control,mixed,8,1,filtered,666667,3,8,4,0,0.025189,0.002594
fewrows-3,fewrows,mixed,8,1,filtered,666667,3,8,4,0,0.02011,0.002567
fewrows-3,fewrows,mixed,8,1,filtered,666667,3,8,5,0,0.0204,0.002596
fewrows-3,control,mixed,8,1,filtered,666667,3,8,5,0,0.02424,0.002628
fewrows-3,control,mixed,8,1,filtered,666667,3,8,6,1,0.023845,0.002857
fewrows-3,fewrows,mixed,8,1,filtered,666667,3,8,6,1,0.01997,0.002666
fewrows-3,control,mixed,8,0,identity,1000000,3,8,0,0,0.0098,0.007012
fewrows-3,fewrows,mixed,8,0,identity,1000000,3,8,0,0,0.003749,0.002632
fewrows-3,fewrows,mixed,8,0,identity,1000000,3,8,1,0,0.003488,0.00264
fewrows-3,control,mixed,8,0,identity,1000000,3,8,1,0,0.01014,0.007549
fewrows-3,control,mixed,8,0,identity,1000000,3,8,2,0,0.009113,0.007073
fewrows-3,fewrows,mixed,8,0,identity,1000000,3,8,2,0,0.003676,0.0031
fewrows-3,fewrows,mixed,8,0,identity,1000000,3,8,3,0,0.004248,0.00273
fewrows-3,control,mixed,8,0,identity,1000000,3,8,3,0,0.010333,0.007039
fewrows-3,control,mixed,8,0,identity,1000000,3,8,4,0,0.010094,0.007612
fewrows-3,fewrows,mixed,8,0,identity,1000000,3,8,4,0,0.003781,0.002688
fewrows-3,fewrows,mixed,8,0,identity,1000000,3,8,5,0,0.003678,0.002725
fewrows-3,control,mixed,8,0,identity,1000000,3,8,5,0,0.009233,0.008712
fewrows-3,control,mixed,8,0,identity,1000000,3,8,6,1,0.00915,0.007065
fewrows-3,fewrows,mixed,8,0,identity,1000000,3,8,6,1,0.006207,0.003568
fewrows-3,control,mixed,8,0,sorted,1000000,3,8,0,0,0.032975,0.041382
fewrows-3,fewrows,mixed,8,0,sorted,1000000,3,8,0,0,0.004873,0.008253
fewrows-3,fewrows,mixed,8,0,sorted,1000000,3,8,1,0,0.005062,0.009404
fewrows-3,control,mixed,8,0,sorted,1000000,3,8,1,0,0.010233,0.022887
fewrows-3,control,mixed,8,0,sorted,1000000,3,8,2,0,0.010288,0.021407
fewrows-3,fewrows,mixed,8,0,sorted,1000000,3,8,2,0,0.005047,0.007461
fewrows-3,fewrows,mixed,8,0,sorted,1000000,3,8,3,0,0.004741,0.008262
fewrows-3,control,mixed,8,0,sorted,1000000,3,8,3,0,0.009665,0.023401
fewrows-3,control,mixed,8,0,sorted,1000000,3,8,4,0,0.010386,0.019228
fewrows-3,fewrows,mixed,8,0,sorted,1000000,3,8,4,0,0.00372,0.006803
fewrows-3,fewrows,mixed,8,0,sorted,1000000,3,8,5,0,0.003842,0.005818
fewrows-3,control,mixed,8,0,sorted,1000000,3,8,5,0,0.00927,0.01871
fewrows-3,control,mixed,8,0,sorted,1000000,3,8,6,1,0.009161,0.016457
fewrows-3,fewrows,mixed,8,0,sorted,1000000,3,8,6,1,0.003603,0.00662
fewrows-3,control,mixed,8,0,filtered,666667,3,8,0,0,0.024592,0.002543
fewrows-3,fewrows,mixed,8,0,filtered,666667,3,8,0,0,0.020467,0.002575
fewrows-3,fewrows,mixed,8,0,filtered,666667,3,8,1,0,0.020524,0.002693
fewrows-3,control,mixed,8,0,filtered,666667,3,8,1,0,0.024701,0.002626
fewrows-3,control,mixed,8,0,filtered,666667,3,8,2,0,0.024211,0.002643
fewrows-3,fewrows,mixed,8,0,filtered,666667,3,8,2,0,0.020366,0.002574
fewrows-3,fewrows,mixed,8,0,filtered,666667,3,8,3,0,0.020107,0.002623
fewrows-3,control,mixed,8,0,filtered,666667,3,8,3,0,0.024167,0.002591
fewrows-3,control,mixed,8,0,filtered,666667,3,8,4,0,0.02443,0.002512
fewrows-3,fewrows,mixed,8,0,filtered,666667,3,8,4,0,0.020308,0.002614
fewrows-3,fewrows,mixed,8,0,filtered,666667,3,8,5,0,0.020219,0.002583
fewrows-3,control,mixed,8,0,filtered,666667,3,8,5,0,0.023835,0.002583
fewrows-3,control,mixed,8,0,filtered,666667,3,8,6,1,0.024327,0.00265
fewrows-3,fewrows,mixed,8,0,filtered,666667,3,8,6,1,0.020328,0.002671
fewrows-3,control,mixed,244,1,identity,1000000,3,8,0,0,0.048121,0.10176
fewrows-3,fewrows,mixed,244,1,identity,1000000,3,8,0,0,0.015667,0.016971
fewrows-3,fewrows,mixed,244,1,identity,1000000,3,8,1,0,0.015823,0.017341
fewrows-3,control,mixed,244,1,identity,1000000,3,8,1,0,0.036216,0.094461
fewrows-3,control,mixed,244,1,identity,1000000,3,8,2,0,0.036894,0.094953
fewrows-3,fewrows,mixed,244,1,identity,1000000,3,8,2,0,0.016346,0.019392
fewrows-3,fewrows,mixed,244,1,identity,1000000,3,8,3,0,0.016547,0.017648
fewrows-3,control,mixed,244,1,identity,1000000,3,8,3,0,0.035815,0.094903
fewrows-3,control,mixed,244,1,identity,1000000,3,8,4,0,0.035917,0.094186
fewrows-3,fewrows,mixed,244,1,identity,1000000,3,8,4,0,0.015504,0.017789
fewrows-3,fewrows,mixed,244,1,identity,1000000,3,8,5,0,0.015616,0.017694
fewrows-3,control,mixed,244,1,identity,1000000,3,8,5,0,0.036346,0.094856
fewrows-3,control,mixed,244,1,identity,1000000,3,8,6,1,0.036595,0.093216
fewrows-3,fewrows,mixed,244,1,identity,1000000,3,8,6,1,0.014785,0.017869
fewrows-3,control,mixed,244,1,sorted,1000000,3,8,0,0,0.036417,0.142852
fewrows-3,fewrows,mixed,244,1,sorted,1000000,3,8,0,0,0.015587,0.039146
fewrows-3,fewrows,mixed,244,1,sorted,1000000,3,8,1,0,0.015205,0.036391
fewrows-3,control,mixed,244,1,sorted,1000000,3,8,1,0,0.035783,0.144224
fewrows-3,control,mixed,244,1,sorted,1000000,3,8,2,0,0.035685,0.143239
fewrows-3,fewrows,mixed,244,1,sorted,1000000,3,8,2,0,0.015571,0.036964
fewrows-3,fewrows,mixed,244,1,sorted,1000000,3,8,3,0,0.014814,0.037188
fewrows-3,control,mixed,244,1,sorted,1000000,3,8,3,0,0.035831,0.152268
fewrows-3,control,mixed,244,1,sorted,1000000,3,8,4,0,0.035671,0.136803
fewrows-3,fewrows,mixed,244,1,sorted,1000000,3,8,4,0,0.015122,0.03234
fewrows-3,fewrows,mixed,244,1,sorted,1000000,3,8,5,0,0.015376,0.032414
fewrows-3,control,mixed,244,1,sorted,1000000,3,8,5,0,0.035743,0.136957
fewrows-3,control,mixed,244,1,sorted,1000000,3,8,6,1,0.035836,0.151831
fewrows-3,fewrows,mixed,244,1,sorted,1000000,3,8,6,1,0.015138,0.036887
fewrows-3,control,mixed,244,1,filtered,666667,3,8,0,0,0.044079,0.013235
fewrows-3,fewrows,mixed,244,1,filtered,666667,3,8,0,0,0.029348,0.014319
fewrows-3,fewrows,mixed,244,1,filtered,666667,3,8,1,0,0.029767,0.01429
fewrows-3,control,mixed,244,1,filtered,666667,3,8,1,0,0.044244,0.014179
fewrows-3,control,mixed,244,1,filtered,666667,3,8,2,0,0.044443,0.013225
fewrows-3,fewrows,mixed,244,1,filtered,666667,3,8,2,0,0.029514,0.015266
fewrows-3,fewrows,mixed,244,1,filtered,666667,3,8,3,0,0.030742,0.014629
fewrows-3,control,mixed,244,1,filtered,666667,3,8,3,0,0.044928,0.014446
fewrows-3,control,mixed,244,1,filtered,666667,3,8,4,0,0.044796,0.015843
fewrows-3,fewrows,mixed,244,1,filtered,666667,3,8,4,0,0.030817,0.014986
fewrows-3,fewrows,mixed,244,1,filtered,666667,3,8,5,0,0.031118,0.014665
fewrows-3,control,mixed,244,1,filtered,666667,3,8,5,0,0.044666,0.014217
fewrows-3,control,mixed,244,1,filtered,666667,3,8,6,1,0.044316,0.014361
fewrows-3,fewrows,mixed,244,1,filtered,666667,3,8,6,1,0.029841,0.014106
fewrows-3,control,mixed,244,0,identity,1000000,3,8,0,0,0.053919,0.093239
fewrows-3,fewrows,mixed,244,0,identity,1000000,3,8,0,0,0.021915,0.015465
fewrows-3,fewrows,mixed,244,0,identity,1000000,3,8,1,0,0.019761,0.015724
fewrows-3,control,mixed,244,0,identity,1000000,3,8,1,0,0.045666,0.090369
fewrows-3,control,mixed,244,0,identity,1000000,3,8,2,0,0.045662,0.091471
fewrows-3,fewrows,mixed,244,0,identity,1000000,3,8,2,0,0.019039,0.019574
fewrows-3,fewrows,mixed,244,0,identity,1000000,3,8,3,0,0.018809,0.016015
fewrows-3,control,mixed,244,0,identity,1000000,3,8,3,0,0.051873,0.090032
fewrows-3,control,mixed,244,0,identity,1000000,3,8,4,0,0.05214,0.094006
fewrows-3,fewrows,mixed,244,0,identity,1000000,3,8,4,0,0.021525,0.018949
fewrows-3,fewrows,mixed,244,0,identity,1000000,3,8,5,0,0.018103,0.017883
fewrows-3,control,mixed,244,0,identity,1000000,3,8,5,0,0.047459,0.090079
fewrows-3,control,mixed,244,0,identity,1000000,3,8,6,1,0.046398,0.090158
fewrows-3,fewrows,mixed,244,0,identity,1000000,3,8,6,1,0.017995,0.018138
fewrows-3,control,mixed,244,0,sorted,1000000,3,8,0,0,0.0471,0.204343
fewrows-3,fewrows,mixed,244,0,sorted,1000000,3,8,0,0,0.018197,0.033079
fewrows-3,fewrows,mixed,244,0,sorted,1000000,3,8,1,0,0.016579,0.03402
fewrows-3,control,mixed,244,0,sorted,1000000,3,8,1,0,0.045271,0.214954
fewrows-3,control,mixed,244,0,sorted,1000000,3,8,2,0,0.046756,0.195427
fewrows-3,fewrows,mixed,244,0,sorted,1000000,3,8,2,0,0.017591,0.035774
fewrows-3,fewrows,mixed,244,0,sorted,1000000,3,8,3,0,0.017665,0.038568
fewrows-3,control,mixed,244,0,sorted,1000000,3,8,3,0,0.045722,0.228375
fewrows-3,control,mixed,244,0,sorted,1000000,3,8,4,0,0.044522,0.192109
fewrows-3,fewrows,mixed,244,0,sorted,1000000,3,8,4,0,0.018206,0.033784
fewrows-3,fewrows,mixed,244,0,sorted,1000000,3,8,5,0,0.018219,0.039727
fewrows-3,control,mixed,244,0,sorted,1000000,3,8,5,0,0.047299,0.311551
fewrows-3,control,mixed,244,0,sorted,1000000,3,8,6,1,0.048418,0.187817
fewrows-3,fewrows,mixed,244,0,sorted,1000000,3,8,6,1,0.040734,0.036414
fewrows-3,control,mixed,244,0,filtered,666667,3,8,0,0,0.053784,0.014723
fewrows-3,fewrows,mixed,244,0,filtered,666667,3,8,0,0,0.030758,0.014805
fewrows-3,fewrows,mixed,244,0,filtered,666667,3,8,1,0,0.030891,0.014535
fewrows-3,control,mixed,244,0,filtered,666667,3,8,1,0,0.051663,0.015079
fewrows-3,control,mixed,244,0,filtered,666667,3,8,2,0,0.052225,0.015143
fewrows-3,fewrows,mixed,244,0,filtered,666667,3,8,2,0,0.031957,0.014639
fewrows-3,fewrows,mixed,244,0,filtered,666667,3,8,3,0,0.031943,0.01347
fewrows-3,control,mixed,244,0,filtered,666667,3,8,3,0,0.052192,0.014504
fewrows-3,control,mixed,244,0,filtered,666667,3,8,4,0,0.051948,0.014862
fewrows-3,fewrows,mixed,244,0,filtered,666667,3,8,4,0,0.031335,0.014697
fewrows-3,fewrows,mixed,244,0,filtered,666667,3,8,5,0,0.031701,0.013373
fewrows-3,control,mixed,244,0,filtered,666667,3,8,5,0,0.052422,0.014734
fewrows-3,control,mixed,244,0,filtered,666667,3,8,6,1,0.052101,0.014843
fewrows-3,fewrows,mixed,244,0,filtered,666667,3,8,6,1,0.031176,0.014698
fewrows-3,control,strings,8,1,identity,1000000,3,8,0,0,0.056426,0.022588
fewrows-3,fewrows,strings,8,1,identity,1000000,3,8,0,0,0.045883,0.006491
fewrows-3,fewrows,strings,8,1,identity,1000000,3,8,1,0,0.021619,0.005226
fewrows-3,control,strings,8,1,identity,1000000,3,8,1,0,0.030162,0.013083
fewrows-3,control,strings,8,1,identity,1000000,3,8,2,0,0.029999,0.012917
fewrows-3,fewrows,strings,8,1,identity,1000000,3,8,2,0,0.0193,0.004679
fewrows-3,fewrows,strings,8,1,identity,1000000,3,8,3,0,0.015402,0.005328
fewrows-3,control,strings,8,1,identity,1000000,3,8,3,0,0.029928,0.01291
fewrows-3,control,strings,8,1,identity,1000000,3,8,4,0,0.030352,0.01295
fewrows-3,fewrows,strings,8,1,identity,1000000,3,8,4,0,0.019655,0.005074
fewrows-3,fewrows,strings,8,1,identity,1000000,3,8,5,0,0.018051,0.00529
fewrows-3,control,strings,8,1,identity,1000000,3,8,5,0,0.029825,0.012954
fewrows-3,control,strings,8,1,identity,1000000,3,8,6,1,0.029713,0.012917
fewrows-3,fewrows,strings,8,1,identity,1000000,3,8,6,1,0.019011,0.005298
fewrows-3,control,strings,8,1,sorted,1000000,3,8,0,0,0.02986,0.027833
fewrows-3,fewrows,strings,8,1,sorted,1000000,3,8,0,0,0.019018,0.014542
fewrows-3,fewrows,strings,8,1,sorted,1000000,3,8,1,0,0.019211,0.014494
fewrows-3,control,strings,8,1,sorted,1000000,3,8,1,0,0.029571,0.02627
fewrows-3,control,strings,8,1,sorted,1000000,3,8,2,0,0.029788,0.026636
fewrows-3,fewrows,strings,8,1,sorted,1000000,3,8,2,0,0.019516,0.015345
fewrows-3,fewrows,strings,8,1,sorted,1000000,3,8,3,0,0.017087,0.016981
fewrows-3,control,strings,8,1,sorted,1000000,3,8,3,0,0.030343,0.028454
fewrows-3,control,strings,8,1,sorted,1000000,3,8,4,0,0.029627,0.027795
fewrows-3,fewrows,strings,8,1,sorted,1000000,3,8,4,0,0.017844,0.016685
fewrows-3,fewrows,strings,8,1,sorted,1000000,3,8,5,0,0.018369,0.016541
fewrows-3,control,strings,8,1,sorted,1000000,3,8,5,0,0.029748,0.027624
fewrows-3,control,strings,8,1,sorted,1000000,3,8,6,1,0.029836,0.026498
fewrows-3,fewrows,strings,8,1,sorted,1000000,3,8,6,1,0.018585,0.014753
fewrows-3,control,strings,8,1,filtered,666667,3,8,0,0,0.044018,0.005845
fewrows-3,fewrows,strings,8,1,filtered,666667,3,8,0,0,0.038154,0.005728
fewrows-3,fewrows,strings,8,1,filtered,666667,3,8,1,0,0.066264,0.016181
fewrows-3,control,strings,8,1,filtered,666667,3,8,1,0,0.07888,0.005442
fewrows-3,control,strings,8,1,filtered,666667,3,8,2,0,0.064488,0.014983
fewrows-3,fewrows,strings,8,1,filtered,666667,3,8,2,0,0.046689,0.01429
fewrows-3,fewrows,strings,8,1,filtered,666667,3,8,3,0,0.041623,0.005623
fewrows-3,control,strings,8,1,filtered,666667,3,8,3,0,0.042897,0.005648
fewrows-3,control,strings,8,1,filtered,666667,3,8,4,0,0.043137,0.006171
fewrows-3,fewrows,strings,8,1,filtered,666667,3,8,4,0,0.03675,0.00597
fewrows-3,fewrows,strings,8,1,filtered,666667,3,8,5,0,0.036656,0.00565
fewrows-3,control,strings,8,1,filtered,666667,3,8,5,0,0.043044,0.005617
fewrows-3,control,strings,8,1,filtered,666667,3,8,6,1,0.042511,0.00596
fewrows-3,fewrows,strings,8,1,filtered,666667,3,8,6,1,0.036531,0.005665
fewrows-3,control,strings,8,0,identity,1000000,3,8,0,0,0.030189,0.012091
fewrows-3,fewrows,strings,8,0,identity,1000000,3,8,0,0,0.018868,0.005081
fewrows-3,fewrows,strings,8,0,identity,1000000,3,8,1,0,0.020202,0.005134
fewrows-3,control,strings,8,0,identity,1000000,3,8,1,0,0.030274,0.011958
fewrows-3,control,strings,8,0,identity,1000000,3,8,2,0,0.029963,0.012048
fewrows-3,fewrows,strings,8,0,identity,1000000,3,8,2,0,0.019086,0.005114
fewrows-3,fewrows,strings,8,0,identity,1000000,3,8,3,0,0.019597,0.005126
fewrows-3,control,strings,8,0,identity,1000000,3,8,3,0,0.030133,0.011974
fewrows-3,control,strings,8,0,identity,1000000,3,8,4,0,0.030169,0.012005
fewrows-3,fewrows,strings,8,0,identity,1000000,3,8,4,0,0.018815,0.005073
fewrows-3,fewrows,strings,8,0,identity,1000000,3,8,5,0,0.019313,0.005221
fewrows-3,control,strings,8,0,identity,1000000,3,8,5,0,0.02955,0.011889
fewrows-3,control,strings,8,0,identity,1000000,3,8,6,1,0.030141,0.011958
fewrows-3,fewrows,strings,8,0,identity,1000000,3,8,6,1,0.018292,0.005429
fewrows-3,control,strings,8,0,sorted,1000000,3,8,0,0,0.029685,0.026576
fewrows-3,fewrows,strings,8,0,sorted,1000000,3,8,0,0,0.01878,0.015446
fewrows-3,fewrows,strings,8,0,sorted,1000000,3,8,1,0,0.018477,0.013117
fewrows-3,control,strings,8,0,sorted,1000000,3,8,1,0,0.029457,0.024871
fewrows-3,control,strings,8,0,sorted,1000000,3,8,2,0,0.029636,0.02647
fewrows-3,fewrows,strings,8,0,sorted,1000000,3,8,2,0,0.018698,0.014448
fewrows-3,fewrows,strings,8,0,sorted,1000000,3,8,3,0,0.01822,0.016329
fewrows-3,control,strings,8,0,sorted,1000000,3,8,3,0,0.029192,0.025821
fewrows-3,control,strings,8,0,sorted,1000000,3,8,4,0,0.029565,0.027484
fewrows-3,fewrows,strings,8,0,sorted,1000000,3,8,4,0,0.018714,0.014121
fewrows-3,fewrows,strings,8,0,sorted,1000000,3,8,5,0,0.01849,0.016504
fewrows-3,control,strings,8,0,sorted,1000000,3,8,5,0,0.029776,0.027078
fewrows-3,control,strings,8,0,sorted,1000000,3,8,6,1,0.029576,0.027913
fewrows-3,fewrows,strings,8,0,sorted,1000000,3,8,6,1,0.01827,0.015992
fewrows-3,control,strings,8,0,filtered,666667,3,8,0,0,0.042919,0.005473
fewrows-3,fewrows,strings,8,0,filtered,666667,3,8,0,0,0.033725,0.005989
fewrows-3,fewrows,strings,8,0,filtered,666667,3,8,1,0,0.035142,0.005579
fewrows-3,control,strings,8,0,filtered,666667,3,8,1,0,0.042948,0.005663
fewrows-3,control,strings,8,0,filtered,666667,3,8,2,0,0.042623,0.005643
fewrows-3,fewrows,strings,8,0,filtered,666667,3,8,2,0,0.03347,0.005399
fewrows-3,fewrows,strings,8,0,filtered,666667,3,8,3,0,0.034233,0.005702
fewrows-3,control,strings,8,0,filtered,666667,3,8,3,0,0.042672,0.005684
fewrows-3,control,strings,8,0,filtered,666667,3,8,4,0,0.042235,0.005489
fewrows-3,fewrows,strings,8,0,filtered,666667,3,8,4,0,0.034291,0.005505
fewrows-3,fewrows,strings,8,0,filtered,666667,3,8,5,0,0.034765,0.005347
fewrows-3,control,strings,8,0,filtered,666667,3,8,5,0,0.041951,0.005512
fewrows-3,control,strings,8,0,filtered,666667,3,8,6,1,0.042609,0.005444
fewrows-3,fewrows,strings,8,0,filtered,666667,3,8,6,1,0.032164,0.005482
fewrows-3,control,strings,244,1,identity,1000000,3,8,0,0,0.089135,0.105231
fewrows-3,fewrows,strings,244,1,identity,1000000,3,8,0,0,0.053191,0.044224
fewrows-3,fewrows,strings,244,1,identity,1000000,3,8,1,0,0.054531,0.044498
fewrows-3,control,strings,244,1,identity,1000000,3,8,1,0,0.081585,0.105621
fewrows-3,control,strings,244,1,identity,1000000,3,8,2,0,0.081954,0.105271
fewrows-3,fewrows,strings,244,1,identity,1000000,3,8,2,0,0.050706,0.047776
fewrows-3,fewrows,strings,244,1,identity,1000000,3,8,3,0,0.051251,0.045727
fewrows-3,control,strings,244,1,identity,1000000,3,8,3,0,0.082191,0.105081
fewrows-3,control,strings,244,1,identity,1000000,3,8,4,0,0.08189,0.105525
fewrows-3,fewrows,strings,244,1,identity,1000000,3,8,4,0,0.053289,0.047133
fewrows-3,fewrows,strings,244,1,identity,1000000,3,8,5,0,0.052865,0.048075
fewrows-3,control,strings,244,1,identity,1000000,3,8,5,0,0.082051,0.10457
fewrows-3,control,strings,244,1,identity,1000000,3,8,6,1,0.083532,0.104485
fewrows-3,fewrows,strings,244,1,identity,1000000,3,8,6,1,0.052095,0.047311
fewrows-3,control,strings,244,1,sorted,1000000,3,8,0,0,0.080707,0.158809
fewrows-3,fewrows,strings,244,1,sorted,1000000,3,8,0,0,0.050446,0.120851
fewrows-3,fewrows,strings,244,1,sorted,1000000,3,8,1,0,0.051556,0.12674
fewrows-3,control,strings,244,1,sorted,1000000,3,8,1,0,0.080929,0.162085
fewrows-3,control,strings,244,1,sorted,1000000,3,8,2,0,0.080382,0.158201
fewrows-3,fewrows,strings,244,1,sorted,1000000,3,8,2,0,0.054857,0.121877
fewrows-3,fewrows,strings,244,1,sorted,1000000,3,8,3,0,0.056777,0.156007
fewrows-3,control,strings,244,1,sorted,1000000,3,8,3,0,0.082422,0.164514
fewrows-3,control,strings,244,1,sorted,1000000,3,8,4,0,0.080564,0.155996
fewrows-3,fewrows,strings,244,1,sorted,1000000,3,8,4,0,0.050823,0.125109
fewrows-3,fewrows,strings,244,1,sorted,1000000,3,8,5,0,0.050598,0.123732
fewrows-3,control,strings,244,1,sorted,1000000,3,8,5,0,0.080813,0.16076
fewrows-3,control,strings,244,1,sorted,1000000,3,8,6,1,0.080701,0.159038
fewrows-3,fewrows,strings,244,1,sorted,1000000,3,8,6,1,0.052513,0.118475
fewrows-3,control,strings,244,1,filtered,666667,3,8,0,0,0.090104,0.048196
fewrows-3,fewrows,strings,244,1,filtered,666667,3,8,0,0,0.064317,0.051343
fewrows-3,fewrows,strings,244,1,filtered,666667,3,8,1,0,0.063948,0.050199
fewrows-3,control,strings,244,1,filtered,666667,3,8,1,0,0.092015,0.048163
fewrows-3,control,strings,244,1,filtered,666667,3,8,2,0,0.090774,0.053667
fewrows-3,fewrows,strings,244,1,filtered,666667,3,8,2,0,0.066165,0.05174
fewrows-3,fewrows,strings,244,1,filtered,666667,3,8,3,0,0.062206,0.049227
fewrows-3,control,strings,244,1,filtered,666667,3,8,3,0,0.091514,0.048483
fewrows-3,control,strings,244,1,filtered,666667,3,8,4,0,0.090731,0.05047
fewrows-3,fewrows,strings,244,1,filtered,666667,3,8,4,0,0.063059,0.045412
fewrows-3,fewrows,strings,244,1,filtered,666667,3,8,5,0,0.063005,0.050865
fewrows-3,control,strings,244,1,filtered,666667,3,8,5,0,0.089781,0.047407
fewrows-3,control,strings,244,1,filtered,666667,3,8,6,1,0.0897,0.051248
fewrows-3,fewrows,strings,244,1,filtered,666667,3,8,6,1,0.063594,0.049281
fewrows-3,control,strings,244,0,identity,1000000,3,8,0,0,0.10137,0.105274
fewrows-3,fewrows,strings,244,0,identity,1000000,3,8,0,0,0.06536,0.048765
fewrows-3,fewrows,strings,244,0,identity,1000000,3,8,1,0,0.058478,0.045971
fewrows-3,control,strings,244,0,identity,1000000,3,8,1,0,0.090184,0.106198
fewrows-3,control,strings,244,0,identity,1000000,3,8,2,0,0.092177,0.105286
fewrows-3,fewrows,strings,244,0,identity,1000000,3,8,2,0,0.057219,0.04636
fewrows-3,fewrows,strings,244,0,identity,1000000,3,8,3,0,0.055666,0.048676
fewrows-3,control,strings,244,0,identity,1000000,3,8,3,0,0.093109,0.104398
fewrows-3,control,strings,244,0,identity,1000000,3,8,4,0,0.101022,0.103518
fewrows-3,fewrows,strings,244,0,identity,1000000,3,8,4,0,0.056397,0.047535
fewrows-3,fewrows,strings,244,0,identity,1000000,3,8,5,0,0.05877,0.046311
fewrows-3,control,strings,244,0,identity,1000000,3,8,5,0,0.091205,0.103123
fewrows-3,control,strings,244,0,identity,1000000,3,8,6,1,0.092513,0.125021
fewrows-3,fewrows,strings,244,0,identity,1000000,3,8,6,1,0.057975,0.048887
fewrows-3,control,strings,244,0,sorted,1000000,3,8,0,0,0.09577,0.202968
fewrows-3,fewrows,strings,244,0,sorted,1000000,3,8,0,0,0.058415,0.110885
fewrows-3,fewrows,strings,244,0,sorted,1000000,3,8,1,0,0.055937,0.108542
fewrows-3,control,strings,244,0,sorted,1000000,3,8,1,0,0.095416,0.197132
fewrows-3,control,strings,244,0,sorted,1000000,3,8,2,0,0.090888,0.197671
fewrows-3,fewrows,strings,244,0,sorted,1000000,3,8,2,0,0.056707,0.106219
fewrows-3,fewrows,strings,244,0,sorted,1000000,3,8,3,0,0.058967,0.109464
fewrows-3,control,strings,244,0,sorted,1000000,3,8,3,0,0.093883,0.217802
fewrows-3,control,strings,244,0,sorted,1000000,3,8,4,0,0.104779,0.234204
fewrows-3,fewrows,strings,244,0,sorted,1000000,3,8,4,0,0.062496,0.112465
fewrows-3,fewrows,strings,244,0,sorted,1000000,3,8,5,0,0.058142,0.111423
fewrows-3,control,strings,244,0,sorted,1000000,3,8,5,0,0.09164,0.20272
fewrows-3,control,strings,244,0,sorted,1000000,3,8,6,1,0.094301,0.208778
fewrows-3,fewrows,strings,244,0,sorted,1000000,3,8,6,1,0.059795,0.105352
fewrows-3,control,strings,244,0,filtered,666667,3,8,0,0,0.095541,0.04852
fewrows-3,fewrows,strings,244,0,filtered,666667,3,8,0,0,0.064335,0.049175
fewrows-3,fewrows,strings,244,0,filtered,666667,3,8,1,0,0.12862,0.05218
fewrows-3,control,strings,244,0,filtered,666667,3,8,1,0,0.102672,0.04962
fewrows-3,control,strings,244,0,filtered,666667,3,8,2,0,0.100761,0.049913
fewrows-3,fewrows,strings,244,0,filtered,666667,3,8,2,0,0.063994,0.045185
fewrows-3,fewrows,strings,244,0,filtered,666667,3,8,3,0,0.062781,0.04716
fewrows-3,control,strings,244,0,filtered,666667,3,8,3,0,0.094719,0.048379
fewrows-3,control,strings,244,0,filtered,666667,3,8,4,0,0.098244,0.048907
fewrows-3,fewrows,strings,244,0,filtered,666667,3,8,4,0,0.064326,0.054699
fewrows-3,fewrows,strings,244,0,filtered,666667,3,8,5,0,0.106696,0.064663
fewrows-3,control,strings,244,0,filtered,666667,3,8,5,0,0.096983,0.049525
fewrows-3,control,strings,244,0,filtered,666667,3,8,6,1,0.093982,0.049833
fewrows-3,fewrows,strings,244,0,filtered,666667,3,8,6,1,0.064875,0.051072
fewrows-4,control,numeric,8,1,identity,1000000,4,8,0,0,0.004943,0.003837
fewrows-4,fewrows,numeric,8,1,identity,1000000,4,8,0,0,0.00403,0.00334
fewrows-4,fewrows,numeric,8,1,identity,1000000,4,8,1,0,0.003845,0.003204
fewrows-4,control,numeric,8,1,identity,1000000,4,8,1,0,0.003785,0.003722
fewrows-4,control,numeric,8,1,identity,1000000,4,8,2,0,0.004423,0.003521
fewrows-4,fewrows,numeric,8,1,identity,1000000,4,8,2,0,0.003861,0.002616
fewrows-4,fewrows,numeric,8,1,identity,1000000,4,8,3,0,0.004241,0.002662
fewrows-4,control,numeric,8,1,identity,1000000,4,8,3,0,0.003762,0.003489
fewrows-4,control,numeric,8,1,identity,1000000,4,8,4,0,0.003754,0.004822
fewrows-4,fewrows,numeric,8,1,identity,1000000,4,8,4,0,0.004244,0.003007
fewrows-4,fewrows,numeric,8,1,identity,1000000,4,8,5,0,0.003739,0.003646
fewrows-4,control,numeric,8,1,identity,1000000,4,8,5,0,0.024011,0.003622
fewrows-4,control,numeric,8,1,identity,1000000,4,8,6,1,0.003731,0.003549
fewrows-4,fewrows,numeric,8,1,identity,1000000,4,8,6,1,0.004119,0.003233
fewrows-4,control,numeric,8,1,sorted,1000000,4,8,0,0,0.004136,0.00732
fewrows-4,fewrows,numeric,8,1,sorted,1000000,4,8,0,0,0.003339,0.006129
fewrows-4,fewrows,numeric,8,1,sorted,1000000,4,8,1,0,0.004096,0.005579
fewrows-4,control,numeric,8,1,sorted,1000000,4,8,1,0,0.00373,0.007303
fewrows-4,control,numeric,8,1,sorted,1000000,4,8,2,0,0.004002,0.008138
fewrows-4,fewrows,numeric,8,1,sorted,1000000,4,8,2,0,0.006476,0.008198
fewrows-4,fewrows,numeric,8,1,sorted,1000000,4,8,3,0,0.005,0.007864
fewrows-4,control,numeric,8,1,sorted,1000000,4,8,3,0,0.004795,0.010284
fewrows-4,control,numeric,8,1,sorted,1000000,4,8,4,0,0.004331,0.007863
fewrows-4,fewrows,numeric,8,1,sorted,1000000,4,8,4,0,0.003804,0.005048
fewrows-4,fewrows,numeric,8,1,sorted,1000000,4,8,5,0,0.003245,0.005264
fewrows-4,control,numeric,8,1,sorted,1000000,4,8,5,0,0.003741,0.006625
fewrows-4,control,numeric,8,1,sorted,1000000,4,8,6,1,0.003758,0.009078
fewrows-4,fewrows,numeric,8,1,sorted,1000000,4,8,6,1,0.003355,0.006206
fewrows-4,control,numeric,8,1,filtered,666667,4,8,0,0,0.020808,0.002998
fewrows-4,fewrows,numeric,8,1,filtered,666667,4,8,0,0,0.020342,0.002803
fewrows-4,fewrows,numeric,8,1,filtered,666667,4,8,1,0,0.020431,0.002712
fewrows-4,control,numeric,8,1,filtered,666667,4,8,1,0,0.020394,0.002912
fewrows-4,control,numeric,8,1,filtered,666667,4,8,2,0,0.019927,0.002925
fewrows-4,fewrows,numeric,8,1,filtered,666667,4,8,2,0,0.020196,0.002862
fewrows-4,fewrows,numeric,8,1,filtered,666667,4,8,3,0,0.020407,0.002859
fewrows-4,control,numeric,8,1,filtered,666667,4,8,3,0,0.020567,0.002891
fewrows-4,control,numeric,8,1,filtered,666667,4,8,4,0,0.020963,0.002843
fewrows-4,fewrows,numeric,8,1,filtered,666667,4,8,4,0,0.020658,0.00308
fewrows-4,fewrows,numeric,8,1,filtered,666667,4,8,5,0,0.020686,0.002807
fewrows-4,control,numeric,8,1,filtered,666667,4,8,5,0,0.020829,0.002907
fewrows-4,control,numeric,8,1,filtered,666667,4,8,6,1,0.020401,0.002771
fewrows-4,fewrows,numeric,8,1,filtered,666667,4,8,6,1,0.020137,0.003022
fewrows-4,control,numeric,8,0,identity,1000000,4,8,0,0,0.003755,0.003521
fewrows-4,fewrows,numeric,8,0,identity,1000000,4,8,0,0,0.00373,0.00257
fewrows-4,fewrows,numeric,8,0,identity,1000000,4,8,1,0,0.003263,0.002861
fewrows-4,control,numeric,8,0,identity,1000000,4,8,1,0,0.003566,0.003518
fewrows-4,control,numeric,8,0,identity,1000000,4,8,2,0,0.003713,0.003383
fewrows-4,fewrows,numeric,8,0,identity,1000000,4,8,2,0,0.003423,0.002571
fewrows-4,fewrows,numeric,8,0,identity,1000000,4,8,3,0,0.003392,0.002535
fewrows-4,control,numeric,8,0,identity,1000000,4,8,3,0,0.003723,0.003496
fewrows-4,control,numeric,8,0,identity,1000000,4,8,4,0,0.003497,0.003293
fewrows-4,fewrows,numeric,8,0,identity,1000000,4,8,4,0,0.003431,0.002568
fewrows-4,fewrows,numeric,8,0,identity,1000000,4,8,5,0,0.003339,0.002518
fewrows-4,control,numeric,8,0,identity,1000000,4,8,5,0,0.003568,0.003303
fewrows-4,control,numeric,8,0,identity,1000000,4,8,6,1,0.00366,0.003309
fewrows-4,fewrows,numeric,8,0,identity,1000000,4,8,6,1,0.02551,0.015645
fewrows-4,control,numeric,8,0,sorted,1000000,4,8,0,0,0.004967,0.006354
fewrows-4,fewrows,numeric,8,0,sorted,1000000,4,8,0,0,0.003262,0.005115
fewrows-4,fewrows,numeric,8,0,sorted,1000000,4,8,1,0,0.00352,0.005175
fewrows-4,control,numeric,8,0,sorted,1000000,4,8,1,0,0.003765,0.00612
fewrows-4,control,numeric,8,0,sorted,1000000,4,8,2,0,0.003841,0.006115
fewrows-4,fewrows,numeric,8,0,sorted,1000000,4,8,2,0,0.003291,0.005038
fewrows-4,fewrows,numeric,8,0,sorted,1000000,4,8,3,0,0.003403,0.005255
fewrows-4,control,numeric,8,0,sorted,1000000,4,8,3,0,0.003743,0.006323
fewrows-4,control,numeric,8,0,sorted,1000000,4,8,4,0,0.003525,0.006276
fewrows-4,fewrows,numeric,8,0,sorted,1000000,4,8,4,0,0.003342,0.005122
fewrows-4,fewrows,numeric,8,0,sorted,1000000,4,8,5,0,0.003276,0.004946
fewrows-4,control,numeric,8,0,sorted,1000000,4,8,5,0,0.003508,0.006462
fewrows-4,control,numeric,8,0,sorted,1000000,4,8,6,1,0.003501,0.006493
fewrows-4,fewrows,numeric,8,0,sorted,1000000,4,8,6,1,0.003271,0.00536
fewrows-4,control,numeric,8,0,filtered,666667,4,8,0,0,0.020574,0.002699
fewrows-4,fewrows,numeric,8,0,filtered,666667,4,8,0,0,0.020431,0.002887
fewrows-4,fewrows,numeric,8,0,filtered,666667,4,8,1,0,0.020221,0.002787
fewrows-4,control,numeric,8,0,filtered,666667,4,8,1,0,0.020195,0.002705
fewrows-4,control,numeric,8,0,filtered,666667,4,8,2,0,0.020451,0.002957
fewrows-4,fewrows,numeric,8,0,filtered,666667,4,8,2,0,0.020295,0.002869
fewrows-4,fewrows,numeric,8,0,filtered,666667,4,8,3,0,0.020079,0.003077
fewrows-4,control,numeric,8,0,filtered,666667,4,8,3,0,0.022097,0.004359
fewrows-4,control,numeric,8,0,filtered,666667,4,8,4,0,0.021334,0.003022
fewrows-4,fewrows,numeric,8,0,filtered,666667,4,8,4,0,0.021239,0.004368
fewrows-4,fewrows,numeric,8,0,filtered,666667,4,8,5,0,0.020585,0.003037
fewrows-4,control,numeric,8,0,filtered,666667,4,8,5,0,0.02058,0.00355
fewrows-4,control,numeric,8,0,filtered,666667,4,8,6,1,0.02067,0.002778
fewrows-4,fewrows,numeric,8,0,filtered,666667,4,8,6,1,0.020227,0.003032
fewrows-4,control,mixed,8,1,identity,1000000,4,8,0,0,0.010996,0.010799
fewrows-4,fewrows,mixed,8,1,identity,1000000,4,8,0,0,0.005651,0.003648
fewrows-4,fewrows,mixed,8,1,identity,1000000,4,8,1,0,0.005576,0.004172
fewrows-4,control,mixed,8,1,identity,1000000,4,8,1,0,0.009244,0.010733
fewrows-4,control,mixed,8,1,identity,1000000,4,8,2,0,0.009369,0.010865
fewrows-4,fewrows,mixed,8,1,identity,1000000,4,8,2,0,0.005511,0.004175
fewrows-4,fewrows,mixed,8,1,identity,1000000,4,8,3,0,0.005647,0.004134
fewrows-4,control,mixed,8,1,identity,1000000,4,8,3,0,0.010338,0.010496
fewrows-4,control,mixed,8,1,identity,1000000,4,8,4,0,0.010324,0.010658
fewrows-4,fewrows,mixed,8,1,identity,1000000,4,8,4,0,0.005437,0.004299
fewrows-4,fewrows,mixed,8,1,identity,1000000,4,8,5,0,0.005577,0.004302
fewrows-4,control,mixed,8,1,identity,1000000,4,8,5,0,0.010118,0.010803
fewrows-4,control,mixed,8,1,identity,1000000,4,8,6,1,0.009346,0.010656
fewrows-4,fewrows,mixed,8,1,identity,1000000,4,8,6,1,0.005774,0.004457
fewrows-4,control,mixed,8,1,sorted,1000000,4,8,0,0,0.011453,0.022743
fewrows-4,fewrows,mixed,8,1,sorted,1000000,4,8,0,0,0.006152,0.012592
fewrows-4,fewrows,mixed,8,1,sorted,1000000,4,8,1,0,0.005651,0.011231
fewrows-4,control,mixed,8,1,sorted,1000000,4,8,1,0,0.009467,0.022058
fewrows-4,control,mixed,8,1,sorted,1000000,4,8,2,0,0.009881,0.023188
fewrows-4,fewrows,mixed,8,1,sorted,1000000,4,8,2,0,0.007104,0.014244
fewrows-4,fewrows,mixed,8,1,sorted,1000000,4,8,3,0,0.005924,0.013111
fewrows-4,control,mixed,8,1,sorted,1000000,4,8,3,0,0.010294,0.022499
fewrows-4,control,mixed,8,1,sorted,1000000,4,8,4,0,0.0104,0.022289
fewrows-4,fewrows,mixed,8,1,sorted,1000000,4,8,4,0,0.005759,0.013659
fewrows-4,fewrows,mixed,8,1,sorted,1000000,4,8,5,0,0.005536,0.01253
fewrows-4,control,mixed,8,1,sorted,1000000,4,8,5,0,0.009531,0.022883
fewrows-4,control,mixed,8,1,sorted,1000000,4,8,6,1,0.010395,0.022558
fewrows-4,fewrows,mixed,8,1,sorted,1000000,4,8,6,1,0.005568,0.013481
fewrows-4,control,mixed,8,1,filtered,666667,4,8,0,0,0.024678,0.00388
fewrows-4,fewrows,mixed,8,1,filtered,666667,4,8,0,0,0.02253,0.004145
fewrows-4,fewrows,mixed,8,1,filtered,666667,4,8,1,0,0.022491,0.003864
fewrows-4,control,mixed,8,1,filtered,666667,4,8,1,0,0.024769,0.003936
fewrows-4,control,mixed,8,1,filtered,666667,4,8,2,0,0.024639,0.003887
fewrows-4,fewrows,mixed,8,1,filtered,666667,4,8,2,0,0.02217,0.003871
fewrows-4,fewrows,mixed,8,1,filtered,666667,4,8,3,0,0.021722,0.003994
fewrows-4,control,mixed,8,1,filtered,666667,4,8,3,0,0.02411,0.003923
fewrows-4,control,mixed,8,1,filtered,666667,4,8,4,0,0.024745,0.003911
fewrows-4,fewrows,mixed,8,1,filtered,666667,4,8,4,0,0.021439,0.003911
fewrows-4,fewrows,mixed,8,1,filtered,666667,4,8,5,0,0.021925,0.003942
fewrows-4,control,mixed,8,1,filtered,666667,4,8,5,0,0.024072,0.003959
fewrows-4,control,mixed,8,1,filtered,666667,4,8,6,1,0.024314,0.004127
fewrows-4,fewrows,mixed,8,1,filtered,666667,4,8,6,1,0.02237,0.004122
fewrows-4,control,mixed,8,0,identity,1000000,4,8,0,0,0.012317,0.007859
fewrows-4,fewrows,mixed,8,0,identity,1000000,4,8,0,0,0.006273,0.004291
fewrows-4,fewrows,mixed,8,0,identity,1000000,4,8,1,0,0.005947,0.004433
fewrows-4,control,mixed,8,0,identity,1000000,4,8,1,0,0.013954,0.007245
fewrows-4,control,mixed,8,0,identity,1000000,4,8,2,0,0.013356,0.007972
fewrows-4,fewrows,mixed,8,0,identity,1000000,4,8,2,0,0.006066,0.004327
fewrows-4,fewrows,mixed,8,0,identity,1000000,4,8,3,0,0.005962,0.005061
fewrows-4,control,mixed,8,0,identity,1000000,4,8,3,0,0.015699,0.007489
fewrows-4,control,mixed,8,0,identity,1000000,4,8,4,0,0.014584,0.00711
fewrows-4,fewrows,mixed,8,0,identity,1000000,4,8,4,0,0.005541,0.004192
fewrows-4,fewrows,mixed,8,0,identity,1000000,4,8,5,0,0.005828,0.004105
fewrows-4,control,mixed,8,0,identity,1000000,4,8,5,0,0.014595,0.007283
fewrows-4,control,mixed,8,0,identity,1000000,4,8,6,1,0.012525,0.007165
fewrows-4,fewrows,mixed,8,0,identity,1000000,4,8,6,1,0.005643,0.004767
fewrows-4,control,mixed,8,0,sorted,1000000,4,8,0,0,0.014876,0.025068
fewrows-4,fewrows,mixed,8,0,sorted,1000000,4,8,0,0,0.005598,0.011276
fewrows-4,fewrows,mixed,8,0,sorted,1000000,4,8,1,0,0.005522,0.010582
fewrows-4,control,mixed,8,0,sorted,1000000,4,8,1,0,0.013598,0.024729
fewrows-4,control,mixed,8,0,sorted,1000000,4,8,2,0,0.012037,0.023558
fewrows-4,fewrows,mixed,8,0,sorted,1000000,4,8,2,0,0.005679,0.012451
fewrows-4,fewrows,mixed,8,0,sorted,1000000,4,8,3,0,0.005656,0.011887
fewrows-4,control,mixed,8,0,sorted,1000000,4,8,3,0,0.014885,0.023026
fewrows-4,control,mixed,8,0,sorted,1000000,4,8,4,0,0.013661,0.023895
fewrows-4,fewrows,mixed,8,0,sorted,1000000,4,8,4,0,0.005671,0.010923
fewrows-4,fewrows,mixed,8,0,sorted,1000000,4,8,5,0,0.005479,0.010899
fewrows-4,control,mixed,8,0,sorted,1000000,4,8,5,0,0.012926,0.021912
fewrows-4,control,mixed,8,0,sorted,1000000,4,8,6,1,0.012474,0.019978
fewrows-4,fewrows,mixed,8,0,sorted,1000000,4,8,6,1,0.006409,0.034444
fewrows-4,control,mixed,8,0,filtered,666667,4,8,0,0,0.025069,0.003952
fewrows-4,fewrows,mixed,8,0,filtered,666667,4,8,0,0,0.02172,0.003891
fewrows-4,fewrows,mixed,8,0,filtered,666667,4,8,1,0,0.021475,0.003903
fewrows-4,control,mixed,8,0,filtered,666667,4,8,1,0,0.025646,0.003996
fewrows-4,control,mixed,8,0,filtered,666667,4,8,2,0,0.024702,0.004032
fewrows-4,fewrows,mixed,8,0,filtered,666667,4,8,2,0,0.021624,0.004132
fewrows-4,fewrows,mixed,8,0,filtered,666667,4,8,3,0,0.022129,0.003992
fewrows-4,control,mixed,8,0,filtered,666667,4,8,3,0,0.02614,0.003929
fewrows-4,control,mixed,8,0,filtered,666667,4,8,4,0,0.024637,0.004012
fewrows-4,fewrows,mixed,8,0,filtered,666667,4,8,4,0,0.02177,0.003876
fewrows-4,fewrows,mixed,8,0,filtered,666667,4,8,5,0,0.021514,0.004002
fewrows-4,control,mixed,8,0,filtered,666667,4,8,5,0,0.025066,0.003826
fewrows-4,control,mixed,8,0,filtered,666667,4,8,6,1,0.023752,0.003897
fewrows-4,fewrows,mixed,8,0,filtered,666667,4,8,6,1,0.021805,0.004444
fewrows-4,control,mixed,244,1,identity,1000000,4,8,0,0,0.023424,0.032562
fewrows-4,fewrows,mixed,244,1,identity,1000000,4,8,0,0,0.017969,0.033395
fewrows-4,fewrows,mixed,244,1,identity,1000000,4,8,1,0,0.018012,0.031799
fewrows-4,control,mixed,244,1,identity,1000000,4,8,1,0,0.020444,0.032846
fewrows-4,control,mixed,244,1,identity,1000000,4,8,2,0,0.021171,0.0342
fewrows-4,fewrows,mixed,244,1,identity,1000000,4,8,2,0,0.021483,0.033671
fewrows-4,fewrows,mixed,244,1,identity,1000000,4,8,3,0,0.018586,0.03089
fewrows-4,control,mixed,244,1,identity,1000000,4,8,3,0,0.022518,0.034608
fewrows-4,control,mixed,244,1,identity,1000000,4,8,4,0,0.020557,0.032396
fewrows-4,fewrows,mixed,244,1,identity,1000000,4,8,4,0,0.018537,0.030685
fewrows-4,fewrows,mixed,244,1,identity,1000000,4,8,5,0,0.020419,0.034667
fewrows-4,control,mixed,244,1,identity,1000000,4,8,5,0,0.018468,0.032944
fewrows-4,control,mixed,244,1,identity,1000000,4,8,6,1,0.022471,0.033623
fewrows-4,fewrows,mixed,244,1,identity,1000000,4,8,6,1,0.018406,0.030354
fewrows-4,control,mixed,244,1,sorted,1000000,4,8,0,0,0.020629,0.057859
fewrows-4,fewrows,mixed,244,1,sorted,1000000,4,8,0,0,0.020798,0.054091
fewrows-4,fewrows,mixed,244,1,sorted,1000000,4,8,1,0,0.021165,0.052029
fewrows-4,control,mixed,244,1,sorted,1000000,4,8,1,0,0.019591,0.053256
fewrows-4,control,mixed,244,1,sorted,1000000,4,8,2,0,0.020289,0.056974
fewrows-4,fewrows,mixed,244,1,sorted,1000000,4,8,2,0,0.020647,0.05541
fewrows-4,fewrows,mixed,244,1,sorted,1000000,4,8,3,0,0.021553,0.050985
fewrows-4,control,mixed,244,1,sorted,1000000,4,8,3,0,0.01898,0.055543
fewrows-4,control,mixed,244,1,sorted,1000000,4,8,4,0,0.019668,0.055692
fewrows-4,fewrows,mixed,244,1,sorted,1000000,4,8,4,0,0.018968,0.052907
fewrows-4,fewrows,mixed,244,1,sorted,1000000,4,8,5,0,0.019097,0.049445
fewrows-4,control,mixed,244,1,sorted,1000000,4,8,5,0,0.019426,0.048363
fewrows-4,control,mixed,244,1,sorted,1000000,4,8,6,1,0.02048,0.056833
fewrows-4,fewrows,mixed,244,1,sorted,1000000,4,8,6,1,0.023513,0.087412
fewrows-4,control,mixed,244,1,filtered,666667,4,8,0,0,0.035711,0.025839
fewrows-4,fewrows,mixed,244,1,filtered,666667,4,8,0,0,0.034156,0.026886
fewrows-4,fewrows,mixed,244,1,filtered,666667,4,8,1,0,0.035585,0.026113
fewrows-4,control,mixed,244,1,filtered,666667,4,8,1,0,0.036137,0.027034
fewrows-4,control,mixed,244,1,filtered,666667,4,8,2,0,0.035984,0.026627
fewrows-4,fewrows,mixed,244,1,filtered,666667,4,8,2,0,0.033362,0.027026
fewrows-4,fewrows,mixed,244,1,filtered,666667,4,8,3,0,0.036817,0.026979
fewrows-4,control,mixed,244,1,filtered,666667,4,8,3,0,0.03563,0.026857
fewrows-4,control,mixed,244,1,filtered,666667,4,8,4,0,0.035367,0.02547
fewrows-4,fewrows,mixed,244,1,filtered,666667,4,8,4,0,0.033939,0.026802
fewrows-4,fewrows,mixed,244,1,filtered,666667,4,8,5,0,0.036623,0.026076
fewrows-4,control,mixed,244,1,filtered,666667,4,8,5,0,0.035339,0.026299
fewrows-4,control,mixed,244,1,filtered,666667,4,8,6,1,0.033884,0.027195
fewrows-4,fewrows,mixed,244,1,filtered,666667,4,8,6,1,0.036403,0.026991
fewrows-4,control,mixed,244,0,identity,1000000,4,8,0,0,0.065804,0.09299
fewrows-4,fewrows,mixed,244,0,identity,1000000,4,8,0,0,0.04686,0.035843
fewrows-4,fewrows,mixed,244,0,identity,1000000,4,8,1,0,0.037596,0.031311
fewrows-4,control,mixed,244,0,identity,1000000,4,8,1,0,0.055841,0.090481
fewrows-4,control,mixed,244,0,identity,1000000,4,8,2,0,0.053051,0.091229
fewrows-4,fewrows,mixed,244,0,identity,1000000,4,8,2,0,0.032414,0.031612
fewrows-4,fewrows,mixed,244,0,identity,1000000,4,8,3,0,0.033005,0.037535
fewrows-4,control,mixed,244,0,identity,1000000,4,8,3,0,0.054463,0.090284
fewrows-4,control,mixed,244,0,identity,1000000,4,8,4,0,0.050858,0.090467
fewrows-4,fewrows,mixed,244,0,identity,1000000,4,8,4,0,0.028202,0.030863
fewrows-4,fewrows,mixed,244,0,identity,1000000,4,8,5,0,0.030165,0.029296
fewrows-4,control,mixed,244,0,identity,1000000,4,8,5,0,0.053053,0.089358
fewrows-4,control,mixed,244,0,identity,1000000,4,8,6,1,0.054917,0.089682
fewrows-4,fewrows,mixed,244,0,identity,1000000,4,8,6,1,0.02939,0.031651
fewrows-4,control,mixed,244,0,sorted,1000000,4,8,0,0,0.052529,0.190009
fewrows-4,fewrows,mixed,244,0,sorted,1000000,4,8,0,0,0.030104,0.07164
fewrows-4,fewrows,mixed,244,0,sorted,1000000,4,8,1,0,0.032347,0.070395
fewrows-4,control,mixed,244,0,sorted,1000000,4,8,1,0,0.052601,0.201546
fewrows-4,control,mixed,244,0,sorted,1000000,4,8,2,0,0.054842,0.190259
fewrows-4,fewrows,mixed,244,0,sorted,1000000,4,8,2,0,0.029034,0.068865
fewrows-4,fewrows,mixed,244,0,sorted,1000000,4,8,3,0,0.028374,0.067028
fewrows-4,control,mixed,244,0,sorted,1000000,4,8,3,0,0.05322,0.191205
fewrows-4,control,mixed,244,0,sorted,1000000,4,8,4,0,0.054425,0.190954
fewrows-4,fewrows,mixed,244,0,sorted,1000000,4,8,4,0,0.029884,0.068888
fewrows-4,fewrows,mixed,244,0,sorted,1000000,4,8,5,0,0.044971,0.076357
fewrows-4,control,mixed,244,0,sorted,1000000,4,8,5,0,0.051727,0.200429
fewrows-4,control,mixed,244,0,sorted,1000000,4,8,6,1,0.052789,0.204838
fewrows-4,fewrows,mixed,244,0,sorted,1000000,4,8,6,1,0.02889,0.070403
fewrows-4,control,mixed,244,0,filtered,666667,4,8,0,0,0.055992,0.026011
fewrows-4,fewrows,mixed,244,0,filtered,666667,4,8,0,0,0.043965,0.027934
fewrows-4,fewrows,mixed,244,0,filtered,666667,4,8,1,0,0.042533,0.027283
fewrows-4,control,mixed,244,0,filtered,666667,4,8,1,0,0.056626,0.024682
fewrows-4,control,mixed,244,0,filtered,666667,4,8,2,0,0.056749,0.024722
fewrows-4,fewrows,mixed,244,0,filtered,666667,4,8,2,0,0.041097,0.02575
fewrows-4,fewrows,mixed,244,0,filtered,666667,4,8,3,0,0.03971,0.027868
fewrows-4,control,mixed,244,0,filtered,666667,4,8,3,0,0.056225,0.028896
fewrows-4,control,mixed,244,0,filtered,666667,4,8,4,0,0.060753,0.027781
fewrows-4,fewrows,mixed,244,0,filtered,666667,4,8,4,0,0.042802,0.026077
fewrows-4,fewrows,mixed,244,0,filtered,666667,4,8,5,0,0.0398,0.026817
fewrows-4,control,mixed,244,0,filtered,666667,4,8,5,0,0.058661,0.024299
fewrows-4,control,mixed,244,0,filtered,666667,4,8,6,1,0.056946,0.024725
fewrows-4,fewrows,mixed,244,0,filtered,666667,4,8,6,1,0.039921,0.024805
fewrows-4,control,strings,8,1,identity,1000000,4,8,0,0,0.038356,0.011681
fewrows-4,fewrows,strings,8,1,identity,1000000,4,8,0,0,0.03777,0.006425
fewrows-4,fewrows,strings,8,1,identity,1000000,4,8,1,0,0.037594,0.006398
fewrows-4,control,strings,8,1,identity,1000000,4,8,1,0,0.038003,0.011644
fewrows-4,control,strings,8,1,identity,1000000,4,8,2,0,0.037973,0.012796
fewrows-4,fewrows,strings,8,1,identity,1000000,4,8,2,0,0.038802,0.007781
fewrows-4,fewrows,strings,8,1,identity,1000000,4,8,3,0,0.038138,0.007366
fewrows-4,control,strings,8,1,identity,1000000,4,8,3,0,0.038246,0.011862
fewrows-4,control,strings,8,1,identity,1000000,4,8,4,0,0.038284,0.011618
fewrows-4,fewrows,strings,8,1,identity,1000000,4,8,4,0,0.038959,0.006874
fewrows-4,fewrows,strings,8,1,identity,1000000,4,8,5,0,0.038936,0.006573
fewrows-4,control,strings,8,1,identity,1000000,4,8,5,0,0.038136,0.011717
fewrows-4,control,strings,8,1,identity,1000000,4,8,6,1,0.038199,0.012964
fewrows-4,fewrows,strings,8,1,identity,1000000,4,8,6,1,0.040778,0.006425
fewrows-4,control,strings,8,1,sorted,1000000,4,8,0,0,0.039304,0.031486
fewrows-4,fewrows,strings,8,1,sorted,1000000,4,8,0,0,0.042442,0.029923
fewrows-4,fewrows,strings,8,1,sorted,1000000,4,8,1,0,0.041964,0.025377
fewrows-4,control,strings,8,1,sorted,1000000,4,8,1,0,0.038257,0.028891
fewrows-4,control,strings,8,1,sorted,1000000,4,8,2,0,0.039298,0.028156
fewrows-4,fewrows,strings,8,1,sorted,1000000,4,8,2,0,0.041468,0.024042
fewrows-4,fewrows,strings,8,1,sorted,1000000,4,8,3,0,0.041789,0.025129
fewrows-4,control,strings,8,1,sorted,1000000,4,8,3,0,0.038528,0.028657
fewrows-4,control,strings,8,1,sorted,1000000,4,8,4,0,0.038054,0.094291
fewrows-4,fewrows,strings,8,1,sorted,1000000,4,8,4,0,0.041307,0.0251
fewrows-4,fewrows,strings,8,1,sorted,1000000,4,8,5,0,0.039177,0.022978
fewrows-4,control,strings,8,1,sorted,1000000,4,8,5,0,0.038258,0.02769
fewrows-4,control,strings,8,1,sorted,1000000,4,8,6,1,0.03808,0.040145
fewrows-4,fewrows,strings,8,1,sorted,1000000,4,8,6,1,0.04024,0.028102
fewrows-4,control,strings,8,1,filtered,666667,4,8,0,0,0.043571,0.006979
fewrows-4,fewrows,strings,8,1,filtered,666667,4,8,0,0,0.042842,0.007011
fewrows-4,fewrows,strings,8,1,filtered,666667,4,8,1,0,0.04378,0.007223
fewrows-4,control,strings,8,1,filtered,666667,4,8,1,0,0.043551,0.007227
fewrows-4,control,strings,8,1,filtered,666667,4,8,2,0,0.043573,0.007243
fewrows-4,fewrows,strings,8,1,filtered,666667,4,8,2,0,0.04399,0.007532
fewrows-4,fewrows,strings,8,1,filtered,666667,4,8,3,0,0.044705,0.007351
fewrows-4,control,strings,8,1,filtered,666667,4,8,3,0,0.043779,0.007441
fewrows-4,control,strings,8,1,filtered,666667,4,8,4,0,0.043333,0.00699
fewrows-4,fewrows,strings,8,1,filtered,666667,4,8,4,0,0.043925,0.008066
fewrows-4,fewrows,strings,8,1,filtered,666667,4,8,5,0,0.044343,0.007588
fewrows-4,control,strings,8,1,filtered,666667,4,8,5,0,0.043711,0.00689
fewrows-4,control,strings,8,1,filtered,666667,4,8,6,1,0.043603,0.007105
fewrows-4,fewrows,strings,8,1,filtered,666667,4,8,6,1,0.041864,0.007078
fewrows-4,control,strings,8,0,identity,1000000,4,8,0,0,0.072469,0.020646
fewrows-4,fewrows,strings,8,0,identity,1000000,4,8,0,0,0.060003,0.006941
fewrows-4,fewrows,strings,8,0,identity,1000000,4,8,1,0,0.047251,0.010533
fewrows-4,control,strings,8,0,identity,1000000,4,8,1,0,0.057188,0.015601
fewrows-4,control,strings,8,0,identity,1000000,4,8,2,0,0.051871,0.010938
fewrows-4,fewrows,strings,8,0,identity,1000000,4,8,2,0,0.033582,0.005997
fewrows-4,fewrows,strings,8,0,identity,1000000,4,8,3,0,0.033302,0.005831
fewrows-4,control,strings,8,0,identity,1000000,4,8,3,0,0.04838,0.010984
fewrows-4,control,strings,8,0,identity,1000000,4,8,4,0,0.048118,0.010836
fewrows-4,fewrows,strings,8,0,identity,1000000,4,8,4,0,0.029973,0.005863
fewrows-4,fewrows,strings,8,0,identity,1000000,4,8,5,0,0.031342,0.005505
fewrows-4,control,strings,8,0,identity,1000000,4,8,5,0,0.047159,0.010845
fewrows-4,control,strings,8,0,identity,1000000,4,8,6,1,0.048357,0.010785
fewrows-4,fewrows,strings,8,0,identity,1000000,4,8,6,1,0.032111,0.005915
fewrows-4,control,strings,8,0,sorted,1000000,4,8,0,0,0.048018,0.031131
fewrows-4,fewrows,strings,8,0,sorted,1000000,4,8,0,0,0.033614,0.019083
fewrows-4,fewrows,strings,8,0,sorted,1000000,4,8,1,0,0.032844,0.024561
fewrows-4,control,strings,8,0,sorted,1000000,4,8,1,0,0.04865,0.029975
fewrows-4,control,strings,8,0,sorted,1000000,4,8,2,0,0.048405,0.030004
fewrows-4,fewrows,strings,8,0,sorted,1000000,4,8,2,0,0.034533,0.021203
fewrows-4,fewrows,strings,8,0,sorted,1000000,4,8,3,0,0.034546,0.019965
fewrows-4,control,strings,8,0,sorted,1000000,4,8,3,0,0.047066,0.033365
fewrows-4,control,strings,8,0,sorted,1000000,4,8,4,0,0.047362,0.030443
fewrows-4,fewrows,strings,8,0,sorted,1000000,4,8,4,0,0.03397,0.020106
fewrows-4,fewrows,strings,8,0,sorted,1000000,4,8,5,0,0.030768,0.020142
fewrows-4,control,strings,8,0,sorted,1000000,4,8,5,0,0.048468,0.029847
fewrows-4,control,strings,8,0,sorted,1000000,4,8,6,1,0.048239,0.031344
fewrows-4,fewrows,strings,8,0,sorted,1000000,4,8,6,1,0.090115,0.031955
fewrows-4,control,strings,8,0,filtered,666667,4,8,0,0,0.044124,0.006799
fewrows-4,fewrows,strings,8,0,filtered,666667,4,8,0,0,0.041,0.006733
fewrows-4,fewrows,strings,8,0,filtered,666667,4,8,1,0,0.092673,0.006881
fewrows-4,control,strings,8,0,filtered,666667,4,8,1,0,0.044263,0.006886
fewrows-4,control,strings,8,0,filtered,666667,4,8,2,0,0.043863,0.007491
fewrows-4,fewrows,strings,8,0,filtered,666667,4,8,2,0,0.042372,0.006775
fewrows-4,fewrows,strings,8,0,filtered,666667,4,8,3,0,0.042069,0.007191
fewrows-4,control,strings,8,0,filtered,666667,4,8,3,0,0.043448,0.007023
fewrows-4,control,strings,8,0,filtered,666667,4,8,4,0,0.043659,0.007956
fewrows-4,fewrows,strings,8,0,filtered,666667,4,8,4,0,0.040863,0.006919
fewrows-4,fewrows,strings,8,0,filtered,666667,4,8,5,0,0.041917,0.006746
fewrows-4,control,strings,8,0,filtered,666667,4,8,5,0,0.043875,0.006424
fewrows-4,control,strings,8,0,filtered,666667,4,8,6,1,0.043227,0.006855
fewrows-4,fewrows,strings,8,0,filtered,666667,4,8,6,1,0.042101,0.007169
fewrows-4,control,strings,244,1,identity,1000000,4,8,0,0,0.046769,0.072953
fewrows-4,fewrows,strings,244,1,identity,1000000,4,8,0,0,0.041546,0.07295
fewrows-4,fewrows,strings,244,1,identity,1000000,4,8,1,0,0.042535,0.069646
fewrows-4,control,strings,244,1,identity,1000000,4,8,1,0,0.043715,0.074477
fewrows-4,control,strings,244,1,identity,1000000,4,8,2,0,0.042557,0.073862
fewrows-4,fewrows,strings,244,1,identity,1000000,4,8,2,0,0.041956,0.071396
fewrows-4,fewrows,strings,244,1,identity,1000000,4,8,3,0,0.042317,0.068588
fewrows-4,control,strings,244,1,identity,1000000,4,8,3,0,0.043056,0.070423
fewrows-4,control,strings,244,1,identity,1000000,4,8,4,0,0.044707,0.076358
fewrows-4,fewrows,strings,244,1,identity,1000000,4,8,4,0,0.045107,0.068333
fewrows-4,fewrows,strings,244,1,identity,1000000,4,8,5,0,0.041981,0.070183
fewrows-4,control,strings,244,1,identity,1000000,4,8,5,0,0.041197,0.073249
fewrows-4,control,strings,244,1,identity,1000000,4,8,6,1,0.042988,0.073589
fewrows-4,fewrows,strings,244,1,identity,1000000,4,8,6,1,0.04222,0.069714
fewrows-4,control,strings,244,1,sorted,1000000,4,8,0,0,0.044784,0.114383
fewrows-4,fewrows,strings,244,1,sorted,1000000,4,8,0,0,0.043989,0.118637
fewrows-4,fewrows,strings,244,1,sorted,1000000,4,8,1,0,0.045404,0.111044
fewrows-4,control,strings,244,1,sorted,1000000,4,8,1,0,0.041656,0.112218
fewrows-4,control,strings,244,1,sorted,1000000,4,8,2,0,0.044238,0.118101
fewrows-4,fewrows,strings,244,1,sorted,1000000,4,8,2,0,0.041223,0.112444
fewrows-4,fewrows,strings,244,1,sorted,1000000,4,8,3,0,0.044365,0.114627
fewrows-4,control,strings,244,1,sorted,1000000,4,8,3,0,0.048697,0.111284
fewrows-4,control,strings,244,1,sorted,1000000,4,8,4,0,0.043219,0.116903
fewrows-4,fewrows,strings,244,1,sorted,1000000,4,8,4,0,0.045673,0.169893
fewrows-4,fewrows,strings,244,1,sorted,1000000,4,8,5,0,0.042533,0.114326
fewrows-4,control,strings,244,1,sorted,1000000,4,8,5,0,0.042421,0.112687
fewrows-4,control,strings,244,1,sorted,1000000,4,8,6,1,0.046621,0.109715
fewrows-4,fewrows,strings,244,1,sorted,1000000,4,8,6,1,0.041352,0.1411
fewrows-4,control,strings,244,1,filtered,666667,4,8,0,0,0.106423,0.081672
fewrows-4,fewrows,strings,244,1,filtered,666667,4,8,0,0,0.050752,0.068961
fewrows-4,fewrows,strings,244,1,filtered,666667,4,8,1,0,0.053487,0.064846
fewrows-4,control,strings,244,1,filtered,666667,4,8,1,0,0.052452,0.061014
fewrows-4,control,strings,244,1,filtered,666667,4,8,2,0,0.049612,0.065974
fewrows-4,fewrows,strings,244,1,filtered,666667,4,8,2,0,0.050447,0.06583
fewrows-4,fewrows,strings,244,1,filtered,666667,4,8,3,0,0.053763,0.064593
fewrows-4,control,strings,244,1,filtered,666667,4,8,3,0,0.052538,0.063574
fewrows-4,control,strings,244,1,filtered,666667,4,8,4,0,0.050525,0.066921
fewrows-4,fewrows,strings,244,1,filtered,666667,4,8,4,0,0.057163,0.072488
fewrows-4,fewrows,strings,244,1,filtered,666667,4,8,5,0,0.050267,0.067491
fewrows-4,control,strings,244,1,filtered,666667,4,8,5,0,0.050787,0.073215
fewrows-4,control,strings,244,1,filtered,666667,4,8,6,1,0.068543,0.071053
fewrows-4,fewrows,strings,244,1,filtered,666667,4,8,6,1,0.052882,0.068305
fewrows-4,control,strings,244,0,identity,1000000,4,8,0,0,0.131103,0.111301
fewrows-4,fewrows,strings,244,0,identity,1000000,4,8,0,0,0.093502,0.069495
fewrows-4,fewrows,strings,244,0,identity,1000000,4,8,1,0,0.085059,0.071915
fewrows-4,control,strings,244,0,identity,1000000,4,8,1,0,0.104126,0.111738
fewrows-4,control,strings,244,0,identity,1000000,4,8,2,0,0.118271,0.112593
fewrows-4,fewrows,strings,244,0,identity,1000000,4,8,2,0,0.086569,0.07229
fewrows-4,fewrows,strings,244,0,identity,1000000,4,8,3,0,0.092116,0.076994
fewrows-4,control,strings,244,0,identity,1000000,4,8,3,0,0.104415,0.110691
fewrows-4,control,strings,244,0,identity,1000000,4,8,4,0,0.119861,0.113447
fewrows-4,fewrows,strings,244,0,identity,1000000,4,8,4,0,0.085854,0.073001
fewrows-4,fewrows,strings,244,0,identity,1000000,4,8,5,0,0.08869,0.072285
fewrows-4,control,strings,244,0,identity,1000000,4,8,5,0,0.119928,0.11258
fewrows-4,control,strings,244,0,identity,1000000,4,8,6,1,0.12447,0.112062
fewrows-4,fewrows,strings,244,0,identity,1000000,4,8,6,1,0.089751,0.069176
fewrows-4,control,strings,244,0,sorted,1000000,4,8,0,0,0.114416,0.212469
fewrows-4,fewrows,strings,244,0,sorted,1000000,4,8,0,0,0.08729,0.141973
fewrows-4,fewrows,strings,244,0,sorted,1000000,4,8,1,0,0.092241,0.137783
fewrows-4,control,strings,244,0,sorted,1000000,4,8,1,0,0.117715,0.214809
fewrows-4,control,strings,244,0,sorted,1000000,4,8,2,0,0.114762,0.213252
fewrows-4,fewrows,strings,244,0,sorted,1000000,4,8,2,0,0.089275,0.142126
fewrows-4,fewrows,strings,244,0,sorted,1000000,4,8,3,0,0.089072,0.145119
fewrows-4,control,strings,244,0,sorted,1000000,4,8,3,0,0.118963,0.221808
fewrows-4,control,strings,244,0,sorted,1000000,4,8,4,0,0.115859,0.209551
fewrows-4,fewrows,strings,244,0,sorted,1000000,4,8,4,0,0.085387,0.144587
fewrows-4,fewrows,strings,244,0,sorted,1000000,4,8,5,0,0.091245,0.147921
fewrows-4,control,strings,244,0,sorted,1000000,4,8,5,0,0.125478,0.214715
fewrows-4,control,strings,244,0,sorted,1000000,4,8,6,1,0.105074,0.214671
fewrows-4,fewrows,strings,244,0,sorted,1000000,4,8,6,1,0.092302,0.146584
fewrows-4,control,strings,244,0,filtered,666667,4,8,0,0,0.098346,0.070392
fewrows-4,fewrows,strings,244,0,filtered,666667,4,8,0,0,0.083495,0.069316
fewrows-4,fewrows,strings,244,0,filtered,666667,4,8,1,0,0.085023,0.068701
fewrows-4,control,strings,244,0,filtered,666667,4,8,1,0,0.112538,0.068493
fewrows-4,control,strings,244,0,filtered,666667,4,8,2,0,0.097832,0.071149
fewrows-4,fewrows,strings,244,0,filtered,666667,4,8,2,0,0.082435,0.063948
fewrows-4,fewrows,strings,244,0,filtered,666667,4,8,3,0,0.083997,0.069135
fewrows-4,control,strings,244,0,filtered,666667,4,8,3,0,0.110344,0.065405
fewrows-4,control,strings,244,0,filtered,666667,4,8,4,0,0.113126,0.068278
fewrows-4,fewrows,strings,244,0,filtered,666667,4,8,4,0,0.082744,0.065028
fewrows-4,fewrows,strings,244,0,filtered,666667,4,8,5,0,0.08356,0.068309
fewrows-4,control,strings,244,0,filtered,666667,4,8,5,0,0.099069,0.070069
fewrows-4,control,strings,244,0,filtered,666667,4,8,6,1,0.1096,0.071711
fewrows-4,fewrows,strings,244,0,filtered,666667,4,8,6,1,0.093246,0.071212
