group,variant,shape,width,hints,mode,selected_rows,columns,threads,repetition,verify,load_seconds,store_seconds
big,baseline,mixed,8,1,identity,10000000,20,8,0,0,0.34478,0.286811
big,control,mixed,8,1,identity,10000000,20,8,0,0,0.310493,0.258198
big,candidate,mixed,8,1,identity,10000000,20,8,0,0,0.309453,0.258937
big,candidate,mixed,8,1,identity,10000000,20,8,1,0,0.304964,0.261247
big,control,mixed,8,1,identity,10000000,20,8,1,0,0.309654,0.266677
big,baseline,mixed,8,1,identity,10000000,20,8,1,0,0.33426,0.294927
big,baseline,mixed,8,1,identity,10000000,20,8,2,0,0.324224,0.309487
big,control,mixed,8,1,identity,10000000,20,8,2,0,0.320538,0.272038
big,candidate,mixed,8,1,identity,10000000,20,8,2,0,0.307782,0.256452
big,candidate,mixed,8,1,identity,10000000,20,8,3,0,0.309488,0.272028
big,control,mixed,8,1,identity,10000000,20,8,3,0,0.313484,0.268207
big,baseline,mixed,8,1,identity,10000000,20,8,3,0,0.322589,0.301015
big,baseline,mixed,8,1,identity,10000000,20,8,4,1,0.324185,0.276255
big,control,mixed,8,1,identity,10000000,20,8,4,1,0.312582,0.264113
big,candidate,mixed,8,1,identity,10000000,20,8,4,1,0.306049,0.265203
big,baseline,mixed,8,1,scattered,10000000,20,8,0,0,0.338343,0.632029
big,control,mixed,8,1,scattered,10000000,20,8,0,0,0.315679,0.400858
big,candidate,mixed,8,1,scattered,10000000,20,8,0,0,0.307864,0.388191
big,candidate,mixed,8,1,scattered,10000000,20,8,1,0,0.309805,0.376873
big,control,mixed,8,1,scattered,10000000,20,8,1,0,0.312563,0.397111
big,baseline,mixed,8,1,scattered,10000000,20,8,1,0,0.32676,0.607029
big,baseline,mixed,8,1,scattered,10000000,20,8,2,0,0.328477,0.617548
big,control,mixed,8,1,scattered,10000000,20,8,2,0,0.31524,0.396531
big,candidate,mixed,8,1,scattered,10000000,20,8,2,0,0.319963,0.404334
big,candidate,mixed,8,1,scattered,10000000,20,8,3,0,0.307728,0.387605
big,control,mixed,8,1,scattered,10000000,20,8,3,0,0.314388,0.386757
big,baseline,mixed,8,1,scattered,10000000,20,8,3,0,0.333896,0.596535
big,baseline,mixed,8,1,scattered,10000000,20,8,4,1,0.326565,0.636411
big,control,mixed,8,1,scattered,10000000,20,8,4,1,0.317002,0.4035
big,candidate,mixed,8,1,scattered,10000000,20,8,4,1,0.308423,0.386452
big,baseline,mixed,8,1,filtered,6666667,20,8,0,0,0.593147,0.702603
big,control,mixed,8,1,filtered,6666667,20,8,0,0,0.426392,0.685766
big,candidate,mixed,8,1,filtered,6666667,20,8,0,0,0.437319,0.238527
big,candidate,mixed,8,1,filtered,6666667,20,8,1,0,0.445728,0.237741
big,control,mixed,8,1,filtered,6666667,20,8,1,0,0.462819,0.686213
big,baseline,mixed,8,1,filtered,6666667,20,8,1,0,0.595198,0.702281
big,baseline,mixed,8,1,filtered,6666667,20,8,2,0,0.593141,0.701977
big,control,mixed,8,1,filtered,6666667,20,8,2,0,0.426052,0.687645
big,candidate,mixed,8,1,filtered,6666667,20,8,2,0,0.424101,0.261468
big,candidate,mixed,8,1,filtered,6666667,20,8,3,0,0.429647,0.260586
big,control,mixed,8,1,filtered,6666667,20,8,3,0,0.422278,0.68464
big,baseline,mixed,8,1,filtered,6666667,20,8,3,0,0.592279,0.702508
big,baseline,mixed,8,1,filtered,6666667,20,8,4,1,0.598106,0.707713
big,control,mixed,8,1,filtered,6666667,20,8,4,1,0.411141,0.689095
big,candidate,mixed,8,1,filtered,6666667,20,8,4,1,0.439565,0.238026
big,baseline,mixed,8,0,identity,10000000,20,8,0,0,0.854456,0.215644
big,control,mixed,8,0,identity,10000000,20,8,0,0,0.349292,0.238601
big,candidate,mixed,8,0,identity,10000000,20,8,0,0,0.310955,0.238816
big,candidate,mixed,8,0,identity,10000000,20,8,1,0,0.309078,0.225834
big,control,mixed,8,0,identity,10000000,20,8,1,0,0.371772,0.222647
big,baseline,mixed,8,0,identity,10000000,20,8,1,0,0.896955,0.212565
big,baseline,mixed,8,0,identity,10000000,20,8,2,0,0.859311,0.20646
big,control,mixed,8,0,identity,10000000,20,8,2,0,0.388905,0.224208
big,candidate,mixed,8,0,identity,10000000,20,8,2,0,0.317575,0.232835
big,candidate,mixed,8,0,identity,10000000,20,8,3,0,0.311847,0.215483
big,control,mixed,8,0,identity,10000000,20,8,3,0,0.374812,0.218042
big,baseline,mixed,8,0,identity,10000000,20,8,3,0,0.723906,0.232703
big,baseline,mixed,8,0,identity,10000000,20,8,4,1,1.026441,0.241405
big,control,mixed,8,0,identity,10000000,20,8,4,1,0.377409,0.229349
big,candidate,mixed,8,0,identity,10000000,20,8,4,1,0.336537,0.224998
big,baseline,mixed,8,0,scattered,10000000,20,8,0,0,1.062352,0.364974
big,control,mixed,8,0,scattered,10000000,20,8,0,0,0.37702,0.361456
big,candidate,mixed,8,0,scattered,10000000,20,8,0,0,0.314378,0.348169
big,candidate,mixed,8,0,scattered,10000000,20,8,1,0,0.313172,0.358321
big,control,mixed,8,0,scattered,10000000,20,8,1,0,0.378019,0.352849
big,baseline,mixed,8,0,scattered,10000000,20,8,1,0,1.075544,0.353021
big,baseline,mixed,8,0,scattered,10000000,20,8,2,0,0.776256,0.361687
big,control,mixed,8,0,scattered,10000000,20,8,2,0,0.36843,0.358526
big,candidate,mixed,8,0,scattered,10000000,20,8,2,0,0.318259,0.369449
big,candidate,mixed,8,0,scattered,10000000,20,8,3,0,0.316479,0.36067
big,control,mixed,8,0,scattered,10000000,20,8,3,0,0.39354,0.368005
big,baseline,mixed,8,0,scattered,10000000,20,8,3,0,0.738915,0.370701
big,baseline,mixed,8,0,scattered,10000000,20,8,4,1,1.179058,0.362991
big,control,mixed,8,0,scattered,10000000,20,8,4,1,0.396991,0.371397
big,candidate,mixed,8,0,scattered,10000000,20,8,4,1,0.324983,0.369278
big,baseline,mixed,8,0,filtered,6666667,20,8,0,0,0.970552,0.703036
big,control,mixed,8,0,filtered,6666667,20,8,0,0,0.473659,0.684988
big,candidate,mixed,8,0,filtered,6666667,20,8,0,0,0.399582,0.254699
big,candidate,mixed,8,0,filtered,6666667,20,8,1,0,0.44669,0.237499
big,control,mixed,8,0,filtered,6666667,20,8,1,0,0.501697,0.691895
big,baseline,mixed,8,0,filtered,6666667,20,8,1,0,0.661253,0.704755
big,baseline,mixed,8,0,filtered,6666667,20,8,2,0,0.729033,0.705982
big,control,mixed,8,0,filtered,6666667,20,8,2,0,0.480916,0.686204
big,candidate,mixed,8,0,filtered,6666667,20,8,2,0,0.449512,0.239198
big,candidate,mixed,8,0,filtered,6666667,20,8,3,0,0.421821,0.241599
big,control,mixed,8,0,filtered,6666667,20,8,3,0,0.492665,0.686711
big,baseline,mixed,8,0,filtered,6666667,20,8,3,0,0.605778,0.70331
big,baseline,mixed,8,0,filtered,6666667,20,8,4,1,0.617132,0.713051
big,control,mixed,8,0,filtered,6666667,20,8,4,1,0.492546,0.685818
big,candidate,mixed,8,0,filtered,6666667,20,8,4,1,0.419789,0.242826
big,baseline,mixed,32,1,identity,10000000,20,8,0,0,0.981031,0.518771
big,control,mixed,32,1,identity,10000000,20,8,0,0,0.971963,0.521711
big,candidate,mixed,32,1,identity,10000000,20,8,0,0,0.24866,0.254933
big,candidate,mixed,32,1,identity,10000000,20,8,1,0,0.280077,0.23334
big,control,mixed,32,1,identity,10000000,20,8,1,0,0.935067,0.519763
big,baseline,mixed,32,1,identity,10000000,20,8,1,0,1.013927,0.512811
big,baseline,mixed,32,1,identity,10000000,20,8,2,0,0.971253,0.514495
big,control,mixed,32,1,identity,10000000,20,8,2,0,0.97099,0.544322
big,candidate,mixed,32,1,identity,10000000,20,8,2,0,0.249959,0.230052
big,candidate,mixed,32,1,identity,10000000,20,8,3,0,0.257221,0.228524
big,control,mixed,32,1,identity,10000000,20,8,3,0,0.988994,0.561489
big,baseline,mixed,32,1,identity,10000000,20,8,3,0,0.952406,0.555737
big,baseline,mixed,32,1,identity,10000000,20,8,4,1,0.988394,0.514255
big,control,mixed,32,1,identity,10000000,20,8,4,1,0.965787,0.545911
big,candidate,mixed,32,1,identity,10000000,20,8,4,1,0.24942,0.233573
big,baseline,mixed,32,1,scattered,10000000,20,8,0,0,1.030029,0.761923
big,control,mixed,32,1,scattered,10000000,20,8,0,0,0.959193,0.730772
big,candidate,mixed,32,1,scattered,10000000,20,8,0,0,0.250694,0.482778
big,candidate,mixed,32,1,scattered,10000000,20,8,1,0,0.250725,0.480191
big,control,mixed,32,1,scattered,10000000,20,8,1,0,0.942091,0.791703
big,baseline,mixed,32,1,scattered,10000000,20,8,1,0,1.001665,0.712669
big,baseline,mixed,32,1,scattered,10000000,20,8,2,0,0.977368,0.791269
big,control,mixed,32,1,scattered,10000000,20,8,2,0,0.97697,0.724807
big,candidate,mixed,32,1,scattered,10000000,20,8,2,0,0.269734,0.491576
big,candidate,mixed,32,1,scattered,10000000,20,8,3,0,0.258245,0.504101
big,control,mixed,32,1,scattered,10000000,20,8,3,0,0.965659,0.819685
big,baseline,mixed,32,1,scattered,10000000,20,8,3,0,0.99337,0.706732
big,baseline,mixed,32,1,scattered,10000000,20,8,4,1,0.966903,0.768475
big,control,mixed,32,1,scattered,10000000,20,8,4,1,0.973781,0.688437
big,candidate,mixed,32,1,scattered,10000000,20,8,4,1,0.249821,0.479374
big,baseline,mixed,32,1,filtered,6666667,20,8,0,0,1.04233,1.78224
big,control,mixed,32,1,filtered,6666667,20,8,0,0,0.961493,1.813777
big,candidate,mixed,32,1,filtered,6666667,20,8,0,0,0.384853,0.424944
big,candidate,mixed,32,1,filtered,6666667,20,8,1,0,0.35549,0.37314
big,control,mixed,32,1,filtered,6666667,20,8,1,0,0.958839,1.750273
big,baseline,mixed,32,1,filtered,6666667,20,8,1,0,1.088073,1.767383
big,baseline,mixed,32,1,filtered,6666667,20,8,2,0,1.108917,1.773853
big,control,mixed,32,1,filtered,6666667,20,8,2,0,0.974852,1.750939
big,candidate,mixed,32,1,filtered,6666667,20,8,2,0,0.385421,0.372234
big,candidate,mixed,32,1,filtered,6666667,20,8,3,0,0.352167,0.372806
big,control,mixed,32,1,filtered,6666667,20,8,3,0,0.935467,1.744764
big,baseline,mixed,32,1,filtered,6666667,20,8,3,0,1.093848,1.764821
big,baseline,mixed,32,1,filtered,6666667,20,8,4,1,1.106305,1.775788
big,control,mixed,32,1,filtered,6666667,20,8,4,1,0.96905,1.853637
big,candidate,mixed,32,1,filtered,6666667,20,8,4,1,0.357937,0.371847
big,baseline,mixed,32,0,identity,10000000,20,8,0,0,1.701434,0.615231
big,control,mixed,32,0,identity,10000000,20,8,0,0,1.015771,0.52292
big,candidate,mixed,32,0,identity,10000000,20,8,0,0,1.075856,0.588473
big,candidate,mixed,32,0,identity,10000000,20,8,1,0,0.91441,0.577501
big,control,mixed,32,0,identity,10000000,20,8,1,0,1.101465,0.528709
big,baseline,mixed,32,0,identity,10000000,20,8,1,0,1.482016,0.520149
big,baseline,mixed,32,0,identity,10000000,20,8,2,0,1.351487,0.586644
big,control,mixed,32,0,identity,10000000,20,8,2,0,1.191343,0.768291
big,candidate,mixed,32,0,identity,10000000,20,8,2,0,1.0041,0.602117
big,candidate,mixed,32,0,identity,10000000,20,8,3,0,1.070544,0.549
big,control,mixed,32,0,identity,10000000,20,8,3,0,1.084756,0.562318
big,baseline,mixed,32,0,identity,10000000,20,8,3,0,1.419179,0.589614
big,baseline,mixed,32,0,identity,10000000,20,8,4,1,1.9411,0.542917
big,control,mixed,32,0,identity,10000000,20,8,4,1,1.00887,0.617808
big,candidate,mixed,32,0,identity,10000000,20,8,4,1,0.930003,0.576177
big,baseline,mixed,32,0,scattered,10000000,20,8,0,0,1.328391,0.787215
big,control,mixed,32,0,scattered,10000000,20,8,0,0,1.017972,0.842766
big,candidate,mixed,32,0,scattered,10000000,20,8,0,0,0.937359,0.776122
big,candidate,mixed,32,0,scattered,10000000,20,8,1,0,0.919255,0.832446
big,control,mixed,32,0,scattered,10000000,20,8,1,0,0.947222,0.78786
big,baseline,mixed,32,0,scattered,10000000,20,8,1,0,1.518809,0.749783
big,baseline,mixed,32,0,scattered,10000000,20,8,2,0,1.252888,0.754828
big,control,mixed,32,0,scattered,10000000,20,8,2,0,1.038144,0.814344
big,candidate,mixed,32,0,scattered,10000000,20,8,2,0,0.734452,0.810409
big,candidate,mixed,32,0,scattered,10000000,20,8,3,0,0.926596,0.787596
big,control,mixed,32,0,scattered,10000000,20,8,3,0,0.993378,0.808901
big,baseline,mixed,32,0,scattered,10000000,20,8,3,0,1.492565,0.77577
big,baseline,mixed,32,0,scattered,10000000,20,8,4,1,1.421894,0.826763
big,control,mixed,32,0,scattered,10000000,20,8,4,1,0.967053,0.757299
big,candidate,mixed,32,0,scattered,10000000,20,8,4,1,0.767413,0.768645
big,baseline,mixed,32,0,filtered,6666667,20,8,0,0,0.966743,1.765145
big,control,mixed,32,0,filtered,6666667,20,8,0,0,0.969134,1.742002
big,candidate,mixed,32,0,filtered,6666667,20,8,0,0,0.961664,0.368685
big,candidate,mixed,32,0,filtered,6666667,20,8,1,0,0.972039,0.373338
big,control,mixed,32,0,filtered,6666667,20,8,1,0,0.964206,1.743228
big,baseline,mixed,32,0,filtered,6666667,20,8,1,0,1.105963,1.766149
big,baseline,mixed,32,0,filtered,6666667,20,8,2,0,0.965482,1.76594
big,control,mixed,32,0,filtered,6666667,20,8,2,0,0.981632,1.746149
big,candidate,mixed,32,0,filtered,6666667,20,8,2,0,0.946705,0.370115
big,candidate,mixed,32,0,filtered,6666667,20,8,3,0,0.883318,0.380419
big,control,mixed,32,0,filtered,6666667,20,8,3,0,0.937719,1.741264
big,baseline,mixed,32,0,filtered,6666667,20,8,3,0,1.091991,1.763095
big,baseline,mixed,32,0,filtered,6666667,20,8,4,1,0.963217,1.766849
big,control,mixed,32,0,filtered,6666667,20,8,4,1,0.899554,1.749648
big,candidate,mixed,32,0,filtered,6666667,20,8,4,1,0.947407,0.388495
empty,baseline,numeric,8,1,filtered,0,20,8,0,0,0.009499,1e-06
empty,control,numeric,8,1,filtered,0,20,8,0,0,0.008983,0.0
empty,candidate,numeric,8,1,filtered,0,20,8,0,0,0.009319,0.0
empty,candidate,numeric,8,1,filtered,0,20,8,1,0,0.009332,0.0
empty,control,numeric,8,1,filtered,0,20,8,1,0,0.009137,0.0
empty,baseline,numeric,8,1,filtered,0,20,8,1,0,0.009367,0.0
empty,baseline,numeric,8,1,filtered,0,20,8,2,0,0.009442,1e-06
empty,control,numeric,8,1,filtered,0,20,8,2,0,0.009177,1e-06
empty,candidate,numeric,8,1,filtered,0,20,8,2,0,0.009228,1e-06
empty,candidate,numeric,8,1,filtered,0,20,8,3,0,0.009344,0.0
empty,control,numeric,8,1,filtered,0,20,8,3,0,0.009095,0.0
empty,baseline,numeric,8,1,filtered,0,20,8,3,0,0.009261,1e-06
empty,baseline,numeric,8,1,filtered,0,20,8,4,1,0.009514,1e-06
empty,control,numeric,8,1,filtered,0,20,8,4,1,0.009153,1e-06
empty,candidate,numeric,8,1,filtered,0,20,8,4,1,0.009513,1e-06
empty,baseline,numeric,8,0,filtered,0,20,8,0,0,0.00919,0.0
empty,control,numeric,8,0,filtered,0,20,8,0,0,0.009204,0.0
empty,candidate,numeric,8,0,filtered,0,20,8,0,0,0.009342,0.0
empty,candidate,numeric,8,0,filtered,0,20,8,1,0,0.009562,0.0
empty,control,numeric,8,0,filtered,0,20,8,1,0,0.009128,0.0
empty,baseline,numeric,8,0,filtered,0,20,8,1,0,0.009373,0.0
empty,baseline,numeric,8,0,filtered,0,20,8,2,0,0.009148,0.0
empty,control,numeric,8,0,filtered,0,20,8,2,0,0.009303,0.0
empty,candidate,numeric,8,0,filtered,0,20,8,2,0,0.009146,0.0
empty,candidate,numeric,8,0,filtered,0,20,8,3,0,0.009434,0.0
empty,control,numeric,8,0,filtered,0,20,8,3,0,0.009221,0.0
empty,baseline,numeric,8,0,filtered,0,20,8,3,0,0.00932,0.0
empty,baseline,numeric,8,0,filtered,0,20,8,4,1,0.009429,1e-06
empty,control,numeric,8,0,filtered,0,20,8,4,1,0.009274,0.0
empty,candidate,numeric,8,0,filtered,0,20,8,4,1,0.0095,0.0
empty,baseline,mixed,32,1,filtered,0,20,8,0,0,0.009,0.0
empty,control,mixed,32,1,filtered,0,20,8,0,0,0.009004,0.0
empty,candidate,mixed,32,1,filtered,0,20,8,0,0,0.00896,0.0
empty,candidate,mixed,32,1,filtered,0,20,8,1,0,0.008961,0.0
empty,control,mixed,32,1,filtered,0,20,8,1,0,0.008944,0.0
empty,baseline,mixed,32,1,filtered,0,20,8,1,0,0.008951,0.0
empty,baseline,mixed,32,1,filtered,0,20,8,2,0,0.009089,0.0
empty,control,mixed,32,1,filtered,0,20,8,2,0,0.008926,0.0
empty,candidate,mixed,32,1,filtered,0,20,8,2,0,0.00897,0.0
empty,candidate,mixed,32,1,filtered,0,20,8,3,0,0.008949,0.0
empty,control,mixed,32,1,filtered,0,20,8,3,0,0.008925,1e-06
empty,baseline,mixed,32,1,filtered,0,20,8,3,0,0.008969,0.0
empty,baseline,mixed,32,1,filtered,0,20,8,4,1,0.008955,0.0
empty,control,mixed,32,1,filtered,0,20,8,4,1,0.008965,0.0
empty,candidate,mixed,32,1,filtered,0,20,8,4,1,0.008967,0.0
empty,baseline,mixed,32,0,filtered,0,20,8,0,0,0.009299,0.0
empty,control,mixed,32,0,filtered,0,20,8,0,0,0.009156,0.0
empty,candidate,mixed,32,0,filtered,0,20,8,0,0,0.009653,0.0
empty,candidate,mixed,32,0,filtered,0,20,8,1,0,0.009585,0.0
empty,control,mixed,32,0,filtered,0,20,8,1,0,0.00914,1e-06
empty,baseline,mixed,32,0,filtered,0,20,8,1,0,0.00939,0.0
empty,baseline,mixed,32,0,filtered,0,20,8,2,0,0.009371,0.0
empty,control,mixed,32,0,filtered,0,20,8,2,0,0.009158,0.0
empty,candidate,mixed,32,0,filtered,0,20,8,2,0,0.009076,0.0
empty,candidate,mixed,32,0,filtered,0,20,8,3,0,0.009488,0.0
empty,control,mixed,32,0,filtered,0,20,8,3,0,0.009173,0.0
empty,baseline,mixed,32,0,filtered,0,20,8,3,0,0.009308,0.0
empty,baseline,mixed,32,0,filtered,0,20,8,4,1,0.009196,0.0
empty,control,mixed,32,0,filtered,0,20,8,4,1,0.009061,1e-06
empty,candidate,mixed,32,0,filtered,0,20,8,4,1,0.00914,0.0
few,baseline,mixed,8,1,identity,1000000,2,8,0,0,0.012102,0.012167
few,control,mixed,8,1,identity,1000000,2,8,0,0,0.011192,0.010962
few,candidate,mixed,8,1,identity,1000000,2,8,0,0,0.003813,0.00228
few,candidate,mixed,8,1,identity,1000000,2,8,1,0,0.003066,0.002128
few,control,mixed,8,1,identity,1000000,2,8,1,0,0.011028,0.01114
few,baseline,mixed,8,1,identity,1000000,2,8,1,0,0.010939,0.011024
few,baseline,mixed,8,1,identity,1000000,2,8,2,0,0.011147,0.01103
few,control,mixed,8,1,identity,1000000,2,8,2,0,0.009872,0.010725
few,candidate,mixed,8,1,identity,1000000,2,8,2,0,0.003504,0.002266
few,candidate,mixed,8,1,identity,1000000,2,8,3,0,0.003347,0.002219
few,control,mixed,8,1,identity,1000000,2,8,3,0,0.011126,0.013453
few,baseline,mixed,8,1,identity,1000000,2,8,3,0,0.013699,0.011465
few,baseline,mixed,8,1,identity,1000000,2,8,4,0,0.01166,0.011225
few,control,mixed,8,1,identity,1000000,2,8,4,0,0.011049,0.010643
few,candidate,mixed,8,1,identity,1000000,2,8,4,0,0.003387,0.002295
few,candidate,mixed,8,1,identity,1000000,2,8,5,0,0.003395,0.003057
few,control,mixed,8,1,identity,1000000,2,8,5,0,0.011542,0.010973
few,baseline,mixed,8,1,identity,1000000,2,8,5,0,0.01214,0.011469
few,baseline,mixed,8,1,identity,1000000,2,8,6,1,0.014975,0.010935
few,control,mixed,8,1,identity,1000000,2,8,6,1,0.010898,0.011462
few,candidate,mixed,8,1,identity,1000000,2,8,6,1,0.003232,0.002305
few,baseline,mixed,8,1,sorted,1000000,2,8,0,0,0.012199,0.02049
few,control,mixed,8,1,sorted,1000000,2,8,0,0,0.010465,0.020227
few,candidate,mixed,8,1,sorted,1000000,2,8,0,0,0.003751,0.007181
few,candidate,mixed,8,1,sorted,1000000,2,8,1,0,0.003357,0.005864
few,control,mixed,8,1,sorted,1000000,2,8,1,0,0.010132,0.021069
few,baseline,mixed,8,1,sorted,1000000,2,8,1,0,0.01149,0.020647
few,baseline,mixed,8,1,sorted,1000000,2,8,2,0,0.011021,0.019723
few,control,mixed,8,1,sorted,1000000,2,8,2,0,0.010965,0.020564
few,candidate,mixed,8,1,sorted,1000000,2,8,2,0,0.003328,0.005533
few,candidate,mixed,8,1,sorted,1000000,2,8,3,0,0.003027,0.005515
few,control,mixed,8,1,sorted,1000000,2,8,3,0,0.010837,0.020638
few,baseline,mixed,8,1,sorted,1000000,2,8,3,0,0.012316,0.021073
few,baseline,mixed,8,1,sorted,1000000,2,8,4,0,0.011072,0.020351
few,control,mixed,8,1,sorted,1000000,2,8,4,0,0.055462,0.02451
few,candidate,mixed,8,1,sorted,1000000,2,8,4,0,0.003518,0.005106
few,candidate,mixed,8,1,sorted,1000000,2,8,5,0,0.002923,0.004784
few,control,mixed,8,1,sorted,1000000,2,8,5,0,0.009853,0.019933
few,baseline,mixed,8,1,sorted,1000000,2,8,5,0,0.010898,0.019751
few,baseline,mixed,8,1,sorted,1000000,2,8,6,1,0.011765,0.020414
few,control,mixed,8,1,sorted,1000000,2,8,6,1,0.011361,0.020471
few,candidate,mixed,8,1,sorted,1000000,2,8,6,1,0.002994,0.004369
few,baseline,mixed,8,1,filtered,666667,2,8,0,0,0.040424,0.006172
few,control,mixed,8,1,filtered,666667,2,8,0,0,0.024787,0.005676
few,candidate,mixed,8,1,filtered,666667,2,8,0,0,0.020134,0.002047
few,candidate,mixed,8,1,filtered,666667,2,8,1,0,0.020946,0.002221
few,control,mixed,8,1,filtered,666667,2,8,1,0,0.024879,0.005613
few,baseline,mixed,8,1,filtered,666667,2,8,1,0,0.038643,0.006314
few,baseline,mixed,8,1,filtered,666667,2,8,2,0,0.039347,0.005586
few,control,mixed,8,1,filtered,666667,2,8,2,0,0.025026,0.005755
few,candidate,mixed,8,1,filtered,666667,2,8,2,0,0.020571,0.002281
few,candidate,mixed,8,1,filtered,666667,2,8,3,0,0.020856,0.002007
few,control,mixed,8,1,filtered,666667,2,8,3,0,0.025691,0.005695
few,baseline,mixed,8,1,filtered,666667,2,8,3,0,0.040034,0.00557
few,baseline,mixed,8,1,filtered,666667,2,8,4,0,0.038983,0.00589
few,control,mixed,8,1,filtered,666667,2,8,4,0,0.024615,0.005565
few,candidate,mixed,8,1,filtered,666667,2,8,4,0,0.019949,0.001968
few,candidate,mixed,8,1,filtered,666667,2,8,5,0,0.019842,0.002191
few,control,mixed,8,1,filtered,666667,2,8,5,0,0.024728,0.005658
few,baseline,mixed,8,1,filtered,666667,2,8,5,0,0.038621,0.005717
few,baseline,mixed,8,1,filtered,666667,2,8,6,1,0.039524,0.005636
few,control,mixed,8,1,filtered,666667,2,8,6,1,0.025163,0.007101
few,candidate,mixed,8,1,filtered,666667,2,8,6,1,0.020226,0.0022
few,baseline,mixed,32,1,identity,1000000,2,8,0,0,0.014936,0.020787
few,control,mixed,32,1,identity,1000000,2,8,0,0,0.012758,0.016245
few,candidate,mixed,32,1,identity,1000000,2,8,0,0,0.004602,0.004259
few,candidate,mixed,32,1,identity,1000000,2,8,1,0,0.003935,0.00371
few,control,mixed,32,1,identity,1000000,2,8,1,0,0.013227,0.017719
few,baseline,mixed,32,1,identity,1000000,2,8,1,0,0.014161,0.019203
few,baseline,mixed,32,1,identity,1000000,2,8,2,0,0.0147,0.019388
few,control,mixed,32,1,identity,1000000,2,8,2,0,0.012732,0.016185
few,candidate,mixed,32,1,identity,1000000,2,8,2,0,0.005168,0.003888
few,candidate,mixed,32,1,identity,1000000,2,8,3,0,0.003754,0.003558
few,control,mixed,32,1,identity,1000000,2,8,3,0,0.012864,0.018512
few,baseline,mixed,32,1,identity,1000000,2,8,3,0,0.014208,0.019608
few,baseline,mixed,32,1,identity,1000000,2,8,4,0,0.013974,0.019857
few,control,mixed,32,1,identity,1000000,2,8,4,0,0.013302,0.01658
few,candidate,mixed,32,1,identity,1000000,2,8,4,0,0.004331,0.004354
few,candidate,mixed,32,1,identity,1000000,2,8,5,0,0.004345,0.003556
few,control,mixed,32,1,identity,1000000,2,8,5,0,0.013099,0.016856
few,baseline,mixed,32,1,identity,1000000,2,8,5,0,0.01397,0.021012
few,baseline,mixed,32,1,identity,1000000,2,8,6,1,0.014179,0.01932
few,control,mixed,32,1,identity,1000000,2,8,6,1,0.012953,0.018266
few,candidate,mixed,32,1,identity,1000000,2,8,6,1,0.004545,0.004015
few,baseline,mixed,32,1,sorted,1000000,2,8,0,0,0.014233,0.034933
few,control,mixed,32,1,sorted,1000000,2,8,0,0,0.013025,0.033981
few,candidate,mixed,32,1,sorted,1000000,2,8,0,0,0.004679,0.013
few,candidate,mixed,32,1,sorted,1000000,2,8,1,0,0.004437,0.011389
few,control,mixed,32,1,sorted,1000000,2,8,1,0,0.013276,0.044713
few,baseline,mixed,32,1,sorted,1000000,2,8,1,0,0.01976,0.053593
few,baseline,mixed,32,1,sorted,1000000,2,8,2,0,0.024001,0.036368
few,control,mixed,32,1,sorted,1000000,2,8,2,0,0.015577,0.047326
few,candidate,mixed,32,1,sorted,1000000,2,8,2,0,0.003893,0.010226
few,candidate,mixed,32,1,sorted,1000000,2,8,3,0,0.003794,0.009359
few,control,mixed,32,1,sorted,1000000,2,8,3,0,0.012826,0.033889
few,baseline,mixed,32,1,sorted,1000000,2,8,3,0,0.014103,0.033628
few,baseline,mixed,32,1,sorted,1000000,2,8,4,0,0.016928,0.033467
few,control,mixed,32,1,sorted,1000000,2,8,4,0,0.012721,0.034359
few,candidate,mixed,32,1,sorted,1000000,2,8,4,0,0.004411,0.011542
few,candidate,mixed,32,1,sorted,1000000,2,8,5,0,0.00406,0.01281
few,control,mixed,32,1,sorted,1000000,2,8,5,0,0.013089,0.032463
few,baseline,mixed,32,1,sorted,1000000,2,8,5,0,0.014254,0.033232
few,baseline,mixed,32,1,sorted,1000000,2,8,6,1,0.014253,0.033955
few,control,mixed,32,1,sorted,1000000,2,8,6,1,0.013641,0.036316
few,candidate,mixed,32,1,sorted,1000000,2,8,6,1,0.004234,0.010512
few,baseline,mixed,32,1,filtered,666667,2,8,0,0,0.041867,0.010926
few,control,mixed,32,1,filtered,666667,2,8,0,0,0.02894,0.011093
few,candidate,mixed,32,1,filtered,666667,2,8,0,0,0.021747,0.003814
few,candidate,mixed,32,1,filtered,666667,2,8,1,0,0.020691,0.003549
few,control,mixed,32,1,filtered,666667,2,8,1,0,0.029046,0.01195
few,baseline,mixed,32,1,filtered,666667,2,8,1,0,0.04168,0.027516
few,baseline,mixed,32,1,filtered,666667,2,8,2,0,0.042923,0.011001
few,control,mixed,32,1,filtered,666667,2,8,2,0,0.026491,0.011625
few,candidate,mixed,32,1,filtered,666667,2,8,2,0,0.020814,0.003012
few,candidate,mixed,32,1,filtered,666667,2,8,3,0,0.021145,0.003242
few,control,mixed,32,1,filtered,666667,2,8,3,0,0.027341,0.011806
few,baseline,mixed,32,1,filtered,666667,2,8,3,0,0.041661,0.011978
few,baseline,mixed,32,1,filtered,666667,2,8,4,0,0.041691,0.01178
few,control,mixed,32,1,filtered,666667,2,8,4,0,0.028154,0.012013
few,candidate,mixed,32,1,filtered,666667,2,8,4,0,0.020879,0.00336
few,candidate,mixed,32,1,filtered,666667,2,8,5,0,0.020945,0.003012
few,control,mixed,32,1,filtered,666667,2,8,5,0,0.027596,0.010763
few,baseline,mixed,32,1,filtered,666667,2,8,5,0,0.041197,0.011265
few,baseline,mixed,32,1,filtered,666667,2,8,6,1,0.040951,0.011915
few,control,mixed,32,1,filtered,666667,2,8,6,1,0.026949,0.011476
few,candidate,mixed,32,1,filtered,666667,2,8,6,1,0.02092,0.003154
few,baseline,mixed,244,1,identity,1000000,2,8,0,0,0.044008,0.108129
few,control,mixed,244,1,identity,1000000,2,8,0,0,0.035407,0.095113
few,candidate,mixed,244,1,identity,1000000,2,8,0,0,0.011554,0.017963
few,candidate,mixed,244,1,identity,1000000,2,8,1,0,0.012209,0.018777
few,control,mixed,244,1,identity,1000000,2,8,1,0,0.036767,0.094614
few,baseline,mixed,244,1,identity,1000000,2,8,1,0,0.034545,0.100391
few,baseline,mixed,244,1,identity,1000000,2,8,2,0,0.034983,0.10146
few,control,mixed,244,1,identity,1000000,2,8,2,0,0.054482,0.101573
few,candidate,mixed,244,1,identity,1000000,2,8,2,0,0.011415,0.015709
few,candidate,mixed,244,1,identity,1000000,2,8,3,0,0.011734,0.017298
few,control,mixed,244,1,identity,1000000,2,8,3,0,0.036313,0.095415
few,baseline,mixed,244,1,identity,1000000,2,8,3,0,0.033582,0.101086
few,baseline,mixed,244,1,identity,1000000,2,8,4,0,0.034266,0.102485
few,control,mixed,244,1,identity,1000000,2,8,4,0,0.036946,0.095644
few,candidate,mixed,244,1,identity,1000000,2,8,4,0,0.011518,0.016947
few,candidate,mixed,244,1,identity,1000000,2,8,5,0,0.011461,0.017282
few,control,mixed,244,1,identity,1000000,2,8,5,0,0.036643,0.095528
few,baseline,mixed,244,1,identity,1000000,2,8,5,0,0.035316,0.100053
few,baseline,mixed,244,1,identity,1000000,2,8,6,1,0.033818,0.099733
few,control,mixed,244,1,identity,1000000,2,8,6,1,0.037811,0.096926
few,candidate,mixed,244,1,identity,1000000,2,8,6,1,0.011471,0.017585
few,baseline,mixed,244,1,sorted,1000000,2,8,0,0,0.036354,0.137069
few,control,mixed,244,1,sorted,1000000,2,8,0,0,0.036626,0.136099
few,candidate,mixed,244,1,sorted,1000000,2,8,0,0,0.011289,0.031615
few,candidate,mixed,244,1,sorted,1000000,2,8,1,0,0.010999,0.031865
few,control,mixed,244,1,sorted,1000000,2,8,1,0,0.036582,0.135869
few,baseline,mixed,244,1,sorted,1000000,2,8,1,0,0.036396,0.13954
few,baseline,mixed,244,1,sorted,1000000,2,8,2,0,0.03455,0.13934
few,control,mixed,244,1,sorted,1000000,2,8,2,0,0.036001,0.192446
few,candidate,mixed,244,1,sorted,1000000,2,8,2,0,0.011491,0.031369
few,candidate,mixed,244,1,sorted,1000000,2,8,3,0,0.011542,0.030186
few,control,mixed,244,1,sorted,1000000,2,8,3,0,0.037239,0.174343
few,baseline,mixed,244,1,sorted,1000000,2,8,3,0,0.042484,0.196211
few,baseline,mixed,244,1,sorted,1000000,2,8,4,0,0.035334,0.140035
few,control,mixed,244,1,sorted,1000000,2,8,4,0,0.038992,0.189157
few,candidate,mixed,244,1,sorted,1000000,2,8,4,0,0.012402,0.038654
few,candidate,mixed,244,1,sorted,1000000,2,8,5,0,0.013789,0.033551
few,control,mixed,244,1,sorted,1000000,2,8,5,0,0.037358,0.197037
few,baseline,mixed,244,1,sorted,1000000,2,8,5,0,0.035891,0.149555
few,baseline,mixed,244,1,sorted,1000000,2,8,6,1,0.03682,0.148704
few,control,mixed,244,1,sorted,1000000,2,8,6,1,0.036219,0.134927
few,candidate,mixed,244,1,sorted,1000000,2,8,6,1,0.01217,0.03012
few,baseline,mixed,244,1,filtered,666667,2,8,0,0,0.058387,0.061073
few,control,mixed,244,1,filtered,666667,2,8,0,0,0.04433,0.06131
few,candidate,mixed,244,1,filtered,666667,2,8,0,0,0.026721,0.013009
few,candidate,mixed,244,1,filtered,666667,2,8,1,0,0.02645,0.013191
few,control,mixed,244,1,filtered,666667,2,8,1,0,0.044637,0.060574
few,baseline,mixed,244,1,filtered,666667,2,8,1,0,0.058146,0.061232
few,baseline,mixed,244,1,filtered,666667,2,8,2,0,0.058228,0.061134
few,control,mixed,244,1,filtered,666667,2,8,2,0,0.045035,0.061732
few,candidate,mixed,244,1,filtered,666667,2,8,2,0,0.026944,0.012825
few,candidate,mixed,244,1,filtered,666667,2,8,3,0,0.027774,0.01366
few,control,mixed,244,1,filtered,666667,2,8,3,0,0.04513,0.06103
few,baseline,mixed,244,1,filtered,666667,2,8,3,0,0.058329,0.060835
few,baseline,mixed,244,1,filtered,666667,2,8,4,0,0.05755,0.062246
few,control,mixed,244,1,filtered,666667,2,8,4,0,0.044182,0.061102
few,candidate,mixed,244,1,filtered,666667,2,8,4,0,0.02681,0.013755
few,candidate,mixed,244,1,filtered,666667,2,8,5,0,0.026393,0.013095
few,control,mixed,244,1,filtered,666667,2,8,5,0,0.04481,0.061337
few,baseline,mixed,244,1,filtered,666667,2,8,5,0,0.058301,0.061095
few,baseline,mixed,244,1,filtered,666667,2,8,6,1,0.057608,0.060936
few,control,mixed,244,1,filtered,666667,2,8,6,1,0.046169,0.061222
few,candidate,mixed,244,1,filtered,666667,2,8,6,1,0.026952,0.012769
forty,baseline,mixed,32,1,identity,2000000,40,8,0,0,0.415152,0.22717
forty,control,mixed,32,1,identity,2000000,40,8,0,0,0.424381,0.183481
forty,candidate,mixed,32,1,identity,2000000,40,8,0,0,0.10297,0.101441
forty,candidate,mixed,32,1,identity,2000000,40,8,1,0,0.105276,0.102156
forty,control,mixed,32,1,identity,2000000,40,8,1,0,0.393233,0.185061
forty,baseline,mixed,32,1,identity,2000000,40,8,1,0,0.394957,0.228603
forty,baseline,mixed,32,1,identity,2000000,40,8,2,0,0.406733,0.214936
forty,control,mixed,32,1,identity,2000000,40,8,2,0,0.384408,0.185464
forty,candidate,mixed,32,1,identity,2000000,40,8,2,0,0.103434,0.101875
forty,candidate,mixed,32,1,identity,2000000,40,8,3,0,0.10173,0.114085
forty,control,mixed,32,1,identity,2000000,40,8,3,0,0.441037,0.187921
forty,baseline,mixed,32,1,identity,2000000,40,8,3,0,0.420008,0.220686
forty,baseline,mixed,32,1,identity,2000000,40,8,4,0,0.405409,0.216193
forty,control,mixed,32,1,identity,2000000,40,8,4,0,0.471861,0.199169
forty,candidate,mixed,32,1,identity,2000000,40,8,4,0,0.11497,0.112554
forty,candidate,mixed,32,1,identity,2000000,40,8,5,0,0.114005,0.123194
forty,control,mixed,32,1,identity,2000000,40,8,5,0,0.439573,0.195024
forty,baseline,mixed,32,1,identity,2000000,40,8,5,0,0.392718,0.235494
forty,baseline,mixed,32,1,identity,2000000,40,8,6,1,0.398069,0.222918
forty,control,mixed,32,1,identity,2000000,40,8,6,1,0.413202,0.184165
forty,candidate,mixed,32,1,identity,2000000,40,8,6,1,0.102426,0.109952
forty,baseline,mixed,32,1,sorted,2000000,40,8,0,0,0.417665,0.342356
forty,control,mixed,32,1,sorted,2000000,40,8,0,0,0.382581,0.340171
forty,candidate,mixed,32,1,sorted,2000000,40,8,0,0,0.101386,0.229984
forty,candidate,mixed,32,1,sorted,2000000,40,8,1,0,0.115941,0.233898
forty,control,mixed,32,1,sorted,2000000,40,8,1,0,0.389033,0.336764
forty,baseline,mixed,32,1,sorted,2000000,40,8,1,0,0.400273,0.338918
forty,baseline,mixed,32,1,sorted,2000000,40,8,2,0,0.421692,0.337942
forty,control,mixed,32,1,sorted,2000000,40,8,2,0,0.386381,0.33741
forty,candidate,mixed,32,1,sorted,2000000,40,8,2,0,0.12034,0.245424
forty,candidate,mixed,32,1,sorted,2000000,40,8,3,0,0.104369,0.230264
forty,control,mixed,32,1,sorted,2000000,40,8,3,0,0.385964,0.335832
forty,baseline,mixed,32,1,sorted,2000000,40,8,3,0,0.426902,0.33865
forty,baseline,mixed,32,1,sorted,2000000,40,8,4,0,0.395601,0.33632
forty,control,mixed,32,1,sorted,2000000,40,8,4,0,0.414641,0.336361
forty,candidate,mixed,32,1,sorted,2000000,40,8,4,0,0.103278,0.230404
forty,candidate,mixed,32,1,sorted,2000000,40,8,5,0,0.104756,0.229917
forty,control,mixed,32,1,sorted,2000000,40,8,5,0,0.39108,0.356271
forty,baseline,mixed,32,1,sorted,2000000,40,8,5,0,0.398588,0.343576
forty,baseline,mixed,32,1,sorted,2000000,40,8,6,1,0.401472,0.371755
forty,control,mixed,32,1,sorted,2000000,40,8,6,1,0.418194,0.340986
forty,candidate,mixed,32,1,sorted,2000000,40,8,6,1,0.10513,0.229951
forty,baseline,mixed,32,1,filtered,1333334,40,8,0,0,0.325158,0.70091
forty,control,mixed,32,1,filtered,1333334,40,8,0,0,0.301574,0.700796
forty,candidate,mixed,32,1,filtered,1333334,40,8,0,0,0.105387,0.143963
forty,candidate,mixed,32,1,filtered,1333334,40,8,1,0,0.105708,0.144862
forty,control,mixed,32,1,filtered,1333334,40,8,1,0,0.321507,0.699664
forty,baseline,mixed,32,1,filtered,1333334,40,8,1,0,0.346376,0.698584
forty,baseline,mixed,32,1,filtered,1333334,40,8,2,0,0.330249,0.695887
forty,control,mixed,32,1,filtered,1333334,40,8,2,0,0.31786,0.697783
forty,candidate,mixed,32,1,filtered,1333334,40,8,2,0,0.104924,0.143384
forty,candidate,mixed,32,1,filtered,1333334,40,8,3,0,0.106262,0.160551
forty,control,mixed,32,1,filtered,1333334,40,8,3,0,0.317816,0.698592
forty,baseline,mixed,32,1,filtered,1333334,40,8,3,0,0.360092,0.701128
forty,baseline,mixed,32,1,filtered,1333334,40,8,4,0,0.335817,0.700333
forty,control,mixed,32,1,filtered,1333334,40,8,4,0,0.300443,0.697885
forty,candidate,mixed,32,1,filtered,1333334,40,8,4,0,0.106654,0.142522
forty,candidate,mixed,32,1,filtered,1333334,40,8,5,0,0.104963,0.142311
forty,control,mixed,32,1,filtered,1333334,40,8,5,0,0.308414,0.69699
forty,baseline,mixed,32,1,filtered,1333334,40,8,5,0,0.350324,0.698157
forty,baseline,mixed,32,1,filtered,1333334,40,8,6,1,0.364642,0.710051
forty,control,mixed,32,1,filtered,1333334,40,8,6,1,0.3295,0.698206
forty,candidate,mixed,32,1,filtered,1333334,40,8,6,1,0.106451,0.16766
forty,baseline,mixed,32,0,identity,2000000,40,8,0,0,0.624376,0.1853
forty,control,mixed,32,0,identity,2000000,40,8,0,0,0.432301,0.187686
forty,candidate,mixed,32,0,identity,2000000,40,8,0,0,0.424924,0.181229
forty,candidate,mixed,32,0,identity,2000000,40,8,1,0,0.388941,0.180638
forty,control,mixed,32,0,identity,2000000,40,8,1,0,0.399414,0.182755
forty,baseline,mixed,32,0,identity,2000000,40,8,1,0,0.509846,0.180663
forty,baseline,mixed,32,0,identity,2000000,40,8,2,0,0.508745,0.1834
forty,control,mixed,32,0,identity,2000000,40,8,2,0,0.381239,0.182878
forty,candidate,mixed,32,0,identity,2000000,40,8,2,0,0.397194,0.182743
forty,candidate,mixed,32,0,identity,2000000,40,8,3,0,0.409587,0.182329
forty,control,mixed,32,0,identity,2000000,40,8,3,0,0.392397,0.183287
forty,baseline,mixed,32,0,identity,2000000,40,8,3,0,0.492065,0.182765
forty,baseline,mixed,32,0,identity,2000000,40,8,4,0,0.455202,0.182339
forty,control,mixed,32,0,identity,2000000,40,8,4,0,0.394431,0.18566
forty,candidate,mixed,32,0,identity,2000000,40,8,4,0,0.416564,0.191188
forty,candidate,mixed,32,0,identity,2000000,40,8,5,0,0.402429,0.185241
forty,control,mixed,32,0,identity,2000000,40,8,5,0,0.414515,0.196586
forty,baseline,mixed,32,0,identity,2000000,40,8,5,0,0.522549,0.183032
forty,baseline,mixed,32,0,identity,2000000,40,8,6,1,0.471037,0.182119
forty,control,mixed,32,0,identity,2000000,40,8,6,1,0.393718,0.181762
forty,candidate,mixed,32,0,identity,2000000,40,8,6,1,0.371382,0.186454
forty,baseline,mixed,32,0,sorted,2000000,40,8,0,0,0.467961,0.392721
forty,control,mixed,32,0,sorted,2000000,40,8,0,0,0.412574,0.39399
forty,candidate,mixed,32,0,sorted,2000000,40,8,0,0,0.384685,0.396988
forty,candidate,mixed,32,0,sorted,2000000,40,8,1,0,0.406928,0.396854
forty,control,mixed,32,0,sorted,2000000,40,8,1,0,0.417529,0.392265
forty,baseline,mixed,32,0,sorted,2000000,40,8,1,0,0.438288,0.394254
forty,baseline,mixed,32,0,sorted,2000000,40,8,2,0,0.497922,0.392682
forty,control,mixed,32,0,sorted,2000000,40,8,2,0,0.409708,0.396182
forty,candidate,mixed,32,0,sorted,2000000,40,8,2,0,0.391704,0.395538
forty,candidate,mixed,32,0,sorted,2000000,40,8,3,0,0.410421,0.415843
forty,control,mixed,32,0,sorted,2000000,40,8,3,0,0.423999,0.399781
forty,baseline,mixed,32,0,sorted,2000000,40,8,3,0,0.471246,0.392756
forty,baseline,mixed,32,0,sorted,2000000,40,8,4,0,0.487063,0.390913
forty,control,mixed,32,0,sorted,2000000,40,8,4,0,0.422465,0.394835
forty,candidate,mixed,32,0,sorted,2000000,40,8,4,0,0.398901,0.395165
forty,candidate,mixed,32,0,sorted,2000000,40,8,5,0,0.382058,0.395235
forty,control,mixed,32,0,sorted,2000000,40,8,5,0,0.420531,0.392146
forty,baseline,mixed,32,0,sorted,2000000,40,8,5,0,0.477442,0.394889
forty,baseline,mixed,32,0,sorted,2000000,40,8,6,1,0.439987,0.395721
forty,control,mixed,32,0,sorted,2000000,40,8,6,1,0.358493,0.400642
forty,candidate,mixed,32,0,sorted,2000000,40,8,6,1,0.423308,0.393687
forty,baseline,mixed,32,0,filtered,1333334,40,8,0,0,0.425362,0.696115
forty,control,mixed,32,0,filtered,1333334,40,8,0,0,0.316637,0.70057
forty,candidate,mixed,32,0,filtered,1333334,40,8,0,0,0.295389,0.143868
forty,candidate,mixed,32,0,filtered,1333334,40,8,1,0,0.297427,0.1421
forty,control,mixed,32,0,filtered,1333334,40,8,1,0,0.310096,0.69684
forty,baseline,mixed,32,0,filtered,1333334,40,8,1,0,0.378169,0.697345
forty,baseline,mixed,32,0,filtered,1333334,40,8,2,0,0.440689,0.699735
forty,control,mixed,32,0,filtered,1333334,40,8,2,0,0.304545,0.699111
forty,candidate,mixed,32,0,filtered,1333334,40,8,2,0,0.320251,0.14566
forty,candidate,mixed,32,0,filtered,1333334,40,8,3,0,0.312264,0.142659
forty,control,mixed,32,0,filtered,1333334,40,8,3,0,0.306401,0.694715
forty,baseline,mixed,32,0,filtered,1333334,40,8,3,0,0.43843,0.699181
forty,baseline,mixed,32,0,filtered,1333334,40,8,4,0,0.425967,0.699393
forty,control,mixed,32,0,filtered,1333334,40,8,4,0,0.292775,0.697083
forty,candidate,mixed,32,0,filtered,1333334,40,8,4,0,0.302267,0.141643
forty,candidate,mixed,32,0,filtered,1333334,40,8,5,0,0.297245,0.142048
forty,control,mixed,32,0,filtered,1333334,40,8,5,0,0.318362,0.697403
forty,baseline,mixed,32,0,filtered,1333334,40,8,5,0,0.372972,0.697652
forty,baseline,mixed,32,0,filtered,1333334,40,8,6,1,0.413983,0.698674
forty,control,mixed,32,0,filtered,1333334,40,8,6,1,0.299466,0.702595
forty,candidate,mixed,32,0,filtered,1333334,40,8,6,1,0.343525,0.145473
four,baseline,numeric,8,1,identity,1000000,4,8,0,0,0.004696,0.004144
four,control,numeric,8,1,identity,1000000,4,8,0,0,0.004561,0.003731
four,candidate,numeric,8,1,identity,1000000,4,8,0,0,0.004701,0.003146
four,candidate,numeric,8,1,identity,1000000,4,8,1,0,0.004107,0.003091
four,control,numeric,8,1,identity,1000000,4,8,1,0,0.003711,0.003514
four,baseline,numeric,8,1,identity,1000000,4,8,1,0,0.003907,0.003731
four,baseline,numeric,8,1,identity,1000000,4,8,2,0,0.003947,0.003466
four,control,numeric,8,1,identity,1000000,4,8,2,0,0.0039,0.003882
four,candidate,numeric,8,1,identity,1000000,4,8,2,0,0.003654,0.002742
four,candidate,numeric,8,1,identity,1000000,4,8,3,0,0.003736,0.00266
four,control,numeric,8,1,identity,1000000,4,8,3,0,0.004371,0.003772
four,baseline,numeric,8,1,identity,1000000,4,8,3,0,0.004215,0.00353
four,baseline,numeric,8,1,identity,1000000,4,8,4,0,0.003918,0.003503
four,control,numeric,8,1,identity,1000000,4,8,4,0,0.003736,0.003497
four,candidate,numeric,8,1,identity,1000000,4,8,4,0,0.003497,0.002635
four,candidate,numeric,8,1,identity,1000000,4,8,5,0,0.004167,0.002524
four,control,numeric,8,1,identity,1000000,4,8,5,0,0.003693,0.003499
four,baseline,numeric,8,1,identity,1000000,4,8,5,0,0.003895,0.003478
four,baseline,numeric,8,1,identity,1000000,4,8,6,1,0.003679,0.003611
four,control,numeric,8,1,identity,1000000,4,8,6,1,0.003724,0.00367
four,candidate,numeric,8,1,identity,1000000,4,8,6,1,0.003565,0.002498
four,baseline,numeric,8,1,sorted,1000000,4,8,0,0,0.003726,0.006278
four,control,numeric,8,1,sorted,1000000,4,8,0,0,0.003809,0.00623
four,candidate,numeric,8,1,sorted,1000000,4,8,0,0,0.003762,0.00499
four,candidate,numeric,8,1,sorted,1000000,4,8,1,0,0.00374,0.004505
four,control,numeric,8,1,sorted,1000000,4,8,1,0,0.003719,0.006391
four,baseline,numeric,8,1,sorted,1000000,4,8,1,0,0.003927,0.006419
four,baseline,numeric,8,1,sorted,1000000,4,8,2,0,0.003735,0.00632
four,control,numeric,8,1,sorted,1000000,4,8,2,0,0.003923,0.006368
four,candidate,numeric,8,1,sorted,1000000,4,8,2,0,0.003539,0.004983
four,candidate,numeric,8,1,sorted,1000000,4,8,3,0,0.003514,0.004973
four,control,numeric,8,1,sorted,1000000,4,8,3,0,0.00395,0.006264
four,baseline,numeric,8,1,sorted,1000000,4,8,3,0,0.003953,0.006373
four,baseline,numeric,8,1,sorted,1000000,4,8,4,0,0.003922,0.006537
four,control,numeric,8,1,sorted,1000000,4,8,4,0,0.003939,0.006433
four,candidate,numeric,8,1,sorted,1000000,4,8,4,0,0.003549,0.005166
four,candidate,numeric,8,1,sorted,1000000,4,8,5,0,0.00375,0.005069
four,control,numeric,8,1,sorted,1000000,4,8,5,0,0.003923,0.00619
four,baseline,numeric,8,1,sorted,1000000,4,8,5,0,0.003696,0.00628
four,baseline,numeric,8,1,sorted,1000000,4,8,6,1,0.003737,0.006334
four,control,numeric,8,1,sorted,1000000,4,8,6,1,0.003922,0.006416
four,candidate,numeric,8,1,sorted,1000000,4,8,6,1,0.003499,0.005078
four,baseline,numeric,8,1,filtered,666667,4,8,0,0,0.04403,0.002835
four,control,numeric,8,1,filtered,666667,4,8,0,0,0.020753,0.002773
four,candidate,numeric,8,1,filtered,666667,4,8,0,0,0.020573,0.002695
four,candidate,numeric,8,1,filtered,666667,4,8,1,0,0.020127,0.002672
four,control,numeric,8,1,filtered,666667,4,8,1,0,0.020408,0.002784
four,baseline,numeric,8,1,filtered,666667,4,8,1,0,0.033217,0.002612
four,baseline,numeric,8,1,filtered,666667,4,8,2,0,0.03327,0.002743
four,control,numeric,8,1,filtered,666667,4,8,2,0,0.020383,0.002729
four,candidate,numeric,8,1,filtered,666667,4,8,2,0,0.020106,0.002685
four,candidate,numeric,8,1,filtered,666667,4,8,3,0,0.020194,0.002667
four,control,numeric,8,1,filtered,666667,4,8,3,0,0.020276,0.002686
four,baseline,numeric,8,1,filtered,666667,4,8,3,0,0.033639,0.002714
four,baseline,numeric,8,1,filtered,666667,4,8,4,0,0.033332,0.00264
four,control,numeric,8,1,filtered,666667,4,8,4,0,0.020281,0.002641
four,candidate,numeric,8,1,filtered,666667,4,8,4,0,0.019972,0.00267
four,candidate,numeric,8,1,filtered,666667,4,8,5,0,0.020121,0.002692
four,control,numeric,8,1,filtered,666667,4,8,5,0,0.020395,0.003084
four,baseline,numeric,8,1,filtered,666667,4,8,5,0,0.033749,0.003177
four,baseline,numeric,8,1,filtered,666667,4,8,6,1,0.034314,0.003121
four,control,numeric,8,1,filtered,666667,4,8,6,1,0.020758,0.002688
four,candidate,numeric,8,1,filtered,666667,4,8,6,1,0.020399,0.002859
four,baseline,numeric,8,0,identity,1000000,4,8,0,0,0.003963,0.003723
four,control,numeric,8,0,identity,1000000,4,8,0,0,0.003939,0.003716
four,candidate,numeric,8,0,identity,1000000,4,8,0,0,0.003573,0.002522
four,candidate,numeric,8,0,identity,1000000,4,8,1,0,0.003741,0.002491
four,control,numeric,8,0,identity,1000000,4,8,1,0,0.003692,0.003707
four,baseline,numeric,8,0,identity,1000000,4,8,1,0,0.003705,0.003478
four,baseline,numeric,8,0,identity,1000000,4,8,2,0,0.003935,0.003692
four,control,numeric,8,0,identity,1000000,4,8,2,0,0.00394,0.003648
four,candidate,numeric,8,0,identity,1000000,4,8,2,0,0.003497,0.002548
four,candidate,numeric,8,0,identity,1000000,4,8,3,0,0.00363,0.002527
four,control,numeric,8,0,identity,1000000,4,8,3,0,0.003901,0.003665
four,baseline,numeric,8,0,identity,1000000,4,8,3,0,0.00387,0.003716
four,baseline,numeric,8,0,identity,1000000,4,8,4,0,0.003665,0.003481
four,control,numeric,8,0,identity,1000000,4,8,4,0,0.003716,0.003522
four,candidate,numeric,8,0,identity,1000000,4,8,4,0,0.003513,0.002511
four,candidate,numeric,8,0,identity,1000000,4,8,5,0,0.003558,0.002543
four,control,numeric,8,0,identity,1000000,4,8,5,0,0.003724,0.003507
four,baseline,numeric,8,0,identity,1000000,4,8,5,0,0.00372,0.003474
four,baseline,numeric,8,0,identity,1000000,4,8,6,1,0.003747,0.003505
four,control,numeric,8,0,identity,1000000,4,8,6,1,0.003756,0.003479
four,candidate,numeric,8,0,identity,1000000,4,8,6,1,0.003471,0.002337
four,baseline,numeric,8,0,sorted,1000000,4,8,0,0,0.003664,0.006335
four,control,numeric,8,0,sorted,1000000,4,8,0,0,0.00366,0.006164
four,candidate,numeric,8,0,sorted,1000000,4,8,0,0,0.00376,0.004826
four,candidate,numeric,8,0,sorted,1000000,4,8,1,0,0.003499,0.004883
four,control,numeric,8,0,sorted,1000000,4,8,1,0,0.003694,0.006381
four,baseline,numeric,8,0,sorted,1000000,4,8,1,0,0.003719,0.006262
four,baseline,numeric,8,0,sorted,1000000,4,8,2,0,0.003805,0.006275
four,control,numeric,8,0,sorted,1000000,4,8,2,0,0.003761,0.006075
four,candidate,numeric,8,0,sorted,1000000,4,8,2,0,0.003546,0.005048
four,candidate,numeric,8,0,sorted,1000000,4,8,3,0,0.003746,0.00484
four,control,numeric,8,0,sorted,1000000,4,8,3,0,0.003688,0.006069
four,baseline,numeric,8,0,sorted,1000000,4,8,3,0,0.003674,0.006074
four,baseline,numeric,8,0,sorted,1000000,4,8,4,0,0.003664,0.006458
four,control,numeric,8,0,sorted,1000000,4,8,4,0,0.003922,0.006322
four,candidate,numeric,8,0,sorted,1000000,4,8,4,0,0.00372,0.005078
four,candidate,numeric,8,0,sorted,1000000,4,8,5,0,0.003549,0.004996
four,control,numeric,8,0,sorted,1000000,4,8,5,0,0.00392,0.006038
four,baseline,numeric,8,0,sorted,1000000,4,8,5,0,0.003947,0.006181
four,baseline,numeric,8,0,sorted,1000000,4,8,6,1,0.003899,0.006109
four,control,numeric,8,0,sorted,1000000,4,8,6,1,0.00394,0.006493
four,candidate,numeric,8,0,sorted,1000000,4,8,6,1,0.003527,0.004429
four,baseline,numeric,8,0,filtered,666667,4,8,0,0,0.033592,0.002691
four,control,numeric,8,0,filtered,666667,4,8,0,0,0.020971,0.002695
four,candidate,numeric,8,0,filtered,666667,4,8,0,0,0.020203,0.002685
four,candidate,numeric,8,0,filtered,666667,4,8,1,0,0.020317,0.002718
four,control,numeric,8,0,filtered,666667,4,8,1,0,0.020518,0.002678
four,baseline,numeric,8,0,filtered,666667,4,8,1,0,0.068917,0.010138
four,baseline,numeric,8,0,filtered,666667,4,8,2,0,0.047009,0.007099
four,control,numeric,8,0,filtered,666667,4,8,2,0,0.030394,0.008346
four,candidate,numeric,8,0,filtered,666667,4,8,2,0,0.028348,0.007862
four,candidate,numeric,8,0,filtered,666667,4,8,3,0,0.020668,0.00276
four,control,numeric,8,0,filtered,666667,4,8,3,0,0.02059,0.002713
four,baseline,numeric,8,0,filtered,666667,4,8,3,0,0.033934,0.002772
four,baseline,numeric,8,0,filtered,666667,4,8,4,0,0.033969,0.002736
four,control,numeric,8,0,filtered,666667,4,8,4,0,0.020499,0.002847
four,candidate,numeric,8,0,filtered,666667,4,8,4,0,0.020322,0.00262
four,candidate,numeric,8,0,filtered,666667,4,8,5,0,0.02036,0.002751
four,control,numeric,8,0,filtered,666667,4,8,5,0,0.02042,0.002689
four,baseline,numeric,8,0,filtered,666667,4,8,5,0,0.038086,0.003153
four,baseline,numeric,8,0,filtered,666667,4,8,6,1,0.034287,0.002745
four,control,numeric,8,0,filtered,666667,4,8,6,1,0.02185,0.002778
four,candidate,numeric,8,0,filtered,666667,4,8,6,1,0.020311,0.002735
four,baseline,mixed,8,1,identity,1000000,4,8,0,0,0.015896,0.011702
four,control,mixed,8,1,identity,1000000,4,8,0,0,0.009899,0.010557
four,candidate,mixed,8,1,identity,1000000,4,8,0,0,0.010574,0.00636
four,candidate,mixed,8,1,identity,1000000,4,8,1,0,0.009269,0.00523
four,control,mixed,8,1,identity,1000000,4,8,1,0,0.011787,0.010854
four,baseline,mixed,8,1,identity,1000000,4,8,1,0,0.01113,0.010982
four,baseline,mixed,8,1,identity,1000000,4,8,2,0,0.012076,0.011103
four,control,mixed,8,1,identity,1000000,4,8,2,0,0.01145,0.011035
four,candidate,mixed,8,1,identity,1000000,4,8,2,0,0.010591,0.00531
four,candidate,mixed,8,1,identity,1000000,4,8,3,0,0.010603,0.005393
four,control,mixed,8,1,identity,1000000,4,8,3,0,0.011105,0.011315
four,baseline,mixed,8,1,identity,1000000,4,8,3,0,0.012136,0.011031
four,baseline,mixed,8,1,identity,1000000,4,8,4,0,0.010953,0.011557
four,control,mixed,8,1,identity,1000000,4,8,4,0,0.011127,0.015289
four,candidate,mixed,8,1,identity,1000000,4,8,4,0,0.010277,0.005364
four,candidate,mixed,8,1,identity,1000000,4,8,5,0,0.011187,0.005358
four,control,mixed,8,1,identity,1000000,4,8,5,0,0.011105,0.010521
four,baseline,mixed,8,1,identity,1000000,4,8,5,0,0.013121,0.011076
four,baseline,mixed,8,1,identity,1000000,4,8,6,1,0.012095,0.011535
four,control,mixed,8,1,identity,1000000,4,8,6,1,0.017355,0.022064
four,candidate,mixed,8,1,identity,1000000,4,8,6,1,0.015297,0.0054
four,baseline,mixed,8,1,sorted,1000000,4,8,0,0,0.011914,0.021683
four,control,mixed,8,1,sorted,1000000,4,8,0,0,0.011023,0.021078
four,candidate,mixed,8,1,sorted,1000000,4,8,0,0,0.010657,0.011224
four,candidate,mixed,8,1,sorted,1000000,4,8,1,0,0.010643,0.01145
four,control,mixed,8,1,sorted,1000000,4,8,1,0,0.010968,0.022287
four,baseline,mixed,8,1,sorted,1000000,4,8,1,0,0.011764,0.021533
four,baseline,mixed,8,1,sorted,1000000,4,8,2,0,0.011889,0.022128
four,control,mixed,8,1,sorted,1000000,4,8,2,0,0.010958,0.022987
four,candidate,mixed,8,1,sorted,1000000,4,8,2,0,0.010567,0.012119
four,candidate,mixed,8,1,sorted,1000000,4,8,3,0,0.011351,0.011767
four,control,mixed,8,1,sorted,1000000,4,8,3,0,0.0098,0.02113
four,baseline,mixed,8,1,sorted,1000000,4,8,3,0,0.010886,0.021958
four,baseline,mixed,8,1,sorted,1000000,4,8,4,0,0.011783,0.021932
four,control,mixed,8,1,sorted,1000000,4,8,4,0,0.010963,0.022014
four,candidate,mixed,8,1,sorted,1000000,4,8,4,0,0.00991,0.011491
four,candidate,mixed,8,1,sorted,1000000,4,8,5,0,0.010974,0.00773
four,control,mixed,8,1,sorted,1000000,4,8,5,0,0.010747,0.02217
four,baseline,mixed,8,1,sorted,1000000,4,8,5,0,0.010873,0.022
four,baseline,mixed,8,1,sorted,1000000,4,8,6,1,0.012059,0.023495
four,control,mixed,8,1,sorted,1000000,4,8,6,1,0.009885,0.021813
four,candidate,mixed,8,1,sorted,1000000,4,8,6,1,0.010884,0.012401
four,baseline,mixed,8,1,filtered,666667,4,8,0,0,0.038939,0.011719
four,control,mixed,8,1,filtered,666667,4,8,0,0,0.025399,0.011262
four,candidate,mixed,8,1,filtered,666667,4,8,0,0,0.024271,0.0038
four,candidate,mixed,8,1,filtered,666667,4,8,1,0,0.024156,0.003855
four,control,mixed,8,1,filtered,666667,4,8,1,0,0.024761,0.011394
four,baseline,mixed,8,1,filtered,666667,4,8,1,0,0.03947,0.012633
four,baseline,mixed,8,1,filtered,666667,4,8,2,0,0.039333,0.01265
four,control,mixed,8,1,filtered,666667,4,8,2,0,0.024824,0.011221
four,candidate,mixed,8,1,filtered,666667,4,8,2,0,0.02507,0.004098
four,candidate,mixed,8,1,filtered,666667,4,8,3,0,0.024463,0.003881
four,control,mixed,8,1,filtered,666667,4,8,3,0,0.024272,0.011038
four,baseline,mixed,8,1,filtered,666667,4,8,3,0,0.038602,0.012596
four,baseline,mixed,8,1,filtered,666667,4,8,4,0,0.038866,0.012207
four,control,mixed,8,1,filtered,666667,4,8,4,0,0.025131,0.011108
four,candidate,mixed,8,1,filtered,666667,4,8,4,0,0.025044,0.004002
four,candidate,mixed,8,1,filtered,666667,4,8,5,0,0.024726,0.003904
four,control,mixed,8,1,filtered,666667,4,8,5,0,0.025006,0.011062
four,baseline,mixed,8,1,filtered,666667,4,8,5,0,0.038884,0.011601
four,baseline,mixed,8,1,filtered,666667,4,8,6,1,0.039909,0.011444
four,control,mixed,8,1,filtered,666667,4,8,6,1,0.024736,0.011301
four,candidate,mixed,8,1,filtered,666667,4,8,6,1,0.025002,0.004605
four,baseline,mixed,8,0,identity,1000000,4,8,0,0,0.011533,0.007107
four,control,mixed,8,0,identity,1000000,4,8,0,0,0.009766,0.007192
four,candidate,mixed,8,0,identity,1000000,4,8,0,0,0.010633,0.004258
four,candidate,mixed,8,0,identity,1000000,4,8,1,0,0.013238,0.004211
four,control,mixed,8,0,identity,1000000,4,8,1,0,0.011105,0.007075
four,baseline,mixed,8,0,identity,1000000,4,8,1,0,0.011897,0.007394
four,baseline,mixed,8,0,identity,1000000,4,8,2,0,0.012711,0.007176
four,control,mixed,8,0,identity,1000000,4,8,2,0,0.009922,0.007091
four,candidate,mixed,8,0,identity,1000000,4,8,2,0,0.010405,0.0029
four,candidate,mixed,8,0,identity,1000000,4,8,3,0,0.010358,0.004195
four,control,mixed,8,0,identity,1000000,4,8,3,0,0.011604,0.00729
four,baseline,mixed,8,0,identity,1000000,4,8,3,0,0.010855,0.007326
four,baseline,mixed,8,0,identity,1000000,4,8,4,0,0.011071,0.007213
four,control,mixed,8,0,identity,1000000,4,8,4,0,0.010946,0.007302
four,candidate,mixed,8,0,identity,1000000,4,8,4,0,0.012153,0.004123
four,candidate,mixed,8,0,identity,1000000,4,8,5,0,0.010267,0.004084
four,control,mixed,8,0,identity,1000000,4,8,5,0,0.010847,0.00724
four,baseline,mixed,8,0,identity,1000000,4,8,5,0,0.010856,0.00745
four,baseline,mixed,8,0,identity,1000000,4,8,6,1,0.011569,0.007212
four,control,mixed,8,0,identity,1000000,4,8,6,1,0.009872,0.007115
four,candidate,mixed,8,0,identity,1000000,4,8,6,1,0.009257,0.004192
four,baseline,mixed,8,0,sorted,1000000,4,8,0,0,0.011213,0.018926
four,control,mixed,8,0,sorted,1000000,4,8,0,0,0.011598,0.020108
four,candidate,mixed,8,0,sorted,1000000,4,8,0,0,0.009467,0.012012
four,candidate,mixed,8,0,sorted,1000000,4,8,1,0,0.010328,0.010099
four,control,mixed,8,0,sorted,1000000,4,8,1,0,0.010409,0.021589
four,baseline,mixed,8,0,sorted,1000000,4,8,1,0,0.012199,0.019335
four,baseline,mixed,8,0,sorted,1000000,4,8,2,0,0.01179,0.01647
four,control,mixed,8,0,sorted,1000000,4,8,2,0,0.010879,0.018088
four,candidate,mixed,8,0,sorted,1000000,4,8,2,0,0.01198,0.010808
four,candidate,mixed,8,0,sorted,1000000,4,8,3,0,0.010458,0.01209
four,control,mixed,8,0,sorted,1000000,4,8,3,0,0.010392,0.017895
four,baseline,mixed,8,0,sorted,1000000,4,8,3,0,0.011592,0.017953
four,baseline,mixed,8,0,sorted,1000000,4,8,4,0,0.012156,0.023465
four,control,mixed,8,0,sorted,1000000,4,8,4,0,0.0103,0.022874
four,candidate,mixed,8,0,sorted,1000000,4,8,4,0,0.010012,0.010542
four,candidate,mixed,8,0,sorted,1000000,4,8,5,0,0.00926,0.011951
four,control,mixed,8,0,sorted,1000000,4,8,5,0,0.010859,0.018406
four,baseline,mixed,8,0,sorted,1000000,4,8,5,0,0.010966,0.021448
four,baseline,mixed,8,0,sorted,1000000,4,8,6,1,0.013229,0.020147
four,control,mixed,8,0,sorted,1000000,4,8,6,1,0.01104,0.020809
four,candidate,mixed,8,0,sorted,1000000,4,8,6,1,0.010087,0.012421
four,baseline,mixed,8,0,filtered,666667,4,8,0,0,0.039769,0.011347
four,control,mixed,8,0,filtered,666667,4,8,0,0,0.024151,0.011137
four,candidate,mixed,8,0,filtered,666667,4,8,0,0,0.024916,0.003909
four,candidate,mixed,8,0,filtered,666667,4,8,1,0,0.024197,0.00374
four,control,mixed,8,0,filtered,666667,4,8,1,0,0.024164,0.011225
four,baseline,mixed,8,0,filtered,666667,4,8,1,0,0.038737,0.011199
four,baseline,mixed,8,0,filtered,666667,4,8,2,0,0.039676,0.011209
four,control,mixed,8,0,filtered,666667,4,8,2,0,0.024672,0.011165
four,candidate,mixed,8,0,filtered,666667,4,8,2,0,0.024342,0.003933
four,candidate,mixed,8,0,filtered,666667,4,8,3,0,0.024093,0.003937
four,control,mixed,8,0,filtered,666667,4,8,3,0,0.024811,0.011039
four,baseline,mixed,8,0,filtered,666667,4,8,3,0,0.039012,0.011546
four,baseline,mixed,8,0,filtered,666667,4,8,4,0,0.040304,0.012534
four,control,mixed,8,0,filtered,666667,4,8,4,0,0.024322,0.011497
four,candidate,mixed,8,0,filtered,666667,4,8,4,0,0.024269,0.004087
four,candidate,mixed,8,0,filtered,666667,4,8,5,0,0.024332,0.004024
four,control,mixed,8,0,filtered,666667,4,8,5,0,0.024485,0.012379
four,baseline,mixed,8,0,filtered,666667,4,8,5,0,0.038791,0.011913
four,baseline,mixed,8,0,filtered,666667,4,8,6,1,0.040438,0.011869
four,control,mixed,8,0,filtered,666667,4,8,6,1,0.025343,0.011129
four,candidate,mixed,8,0,filtered,666667,4,8,6,1,0.024874,0.003996
four,baseline,mixed,244,1,identity,1000000,4,8,0,0,0.049257,0.116054
four,control,mixed,244,1,identity,1000000,4,8,0,0,0.038242,0.093103
four,candidate,mixed,244,1,identity,1000000,4,8,0,0,0.014939,0.02595
four,candidate,mixed,244,1,identity,1000000,4,8,1,0,0.015046,0.02573
four,control,mixed,244,1,identity,1000000,4,8,1,0,0.038414,0.092481
four,baseline,mixed,244,1,identity,1000000,4,8,1,0,0.038129,0.100879
four,baseline,mixed,244,1,identity,1000000,4,8,2,0,0.037612,0.103805
four,control,mixed,244,1,identity,1000000,4,8,2,0,0.038493,0.092944
four,candidate,mixed,244,1,identity,1000000,4,8,2,0,0.014789,0.025406
four,candidate,mixed,244,1,identity,1000000,4,8,3,0,0.014726,0.025593
four,control,mixed,244,1,identity,1000000,4,8,3,0,0.03824,0.092306
four,baseline,mixed,244,1,identity,1000000,4,8,3,0,0.036512,0.101993
four,baseline,mixed,244,1,identity,1000000,4,8,4,0,0.036782,0.099879
four,control,mixed,244,1,identity,1000000,4,8,4,0,0.037983,0.092545
four,candidate,mixed,244,1,identity,1000000,4,8,4,0,0.014471,0.025698
four,candidate,mixed,244,1,identity,1000000,4,8,5,0,0.014906,0.025855
four,control,mixed,244,1,identity,1000000,4,8,5,0,0.038446,0.09372
four,baseline,mixed,244,1,identity,1000000,4,8,5,0,0.037686,0.099814
four,baseline,mixed,244,1,identity,1000000,4,8,6,1,0.037504,0.101587
four,control,mixed,244,1,identity,1000000,4,8,6,1,0.038539,0.094267
four,candidate,mixed,244,1,identity,1000000,4,8,6,1,0.020262,0.034189
four,baseline,mixed,244,1,sorted,1000000,4,8,0,0,0.036664,0.139899
four,control,mixed,244,1,sorted,1000000,4,8,0,0,0.039947,0.145649
four,candidate,mixed,244,1,sorted,1000000,4,8,0,0,0.020677,0.051878
four,candidate,mixed,244,1,sorted,1000000,4,8,1,0,0.022639,0.051137
four,control,mixed,244,1,sorted,1000000,4,8,1,0,0.038691,0.141267
four,baseline,mixed,244,1,sorted,1000000,4,8,1,0,0.036274,0.13774
four,baseline,mixed,244,1,sorted,1000000,4,8,2,0,0.03621,0.133096
four,control,mixed,244,1,sorted,1000000,4,8,2,0,0.039113,0.137693
four,candidate,mixed,244,1,sorted,1000000,4,8,2,0,0.014446,0.042951
four,candidate,mixed,244,1,sorted,1000000,4,8,3,0,0.020128,0.047701
four,control,mixed,244,1,sorted,1000000,4,8,3,0,0.03881,0.138939
four,baseline,mixed,244,1,sorted,1000000,4,8,3,0,0.036788,0.142454
four,baseline,mixed,244,1,sorted,1000000,4,8,4,0,0.036289,0.133177
four,control,mixed,244,1,sorted,1000000,4,8,4,0,0.038983,0.137321
four,candidate,mixed,244,1,sorted,1000000,4,8,4,0,0.014559,0.041952
four,candidate,mixed,244,1,sorted,1000000,4,8,5,0,0.014577,0.042259
four,control,mixed,244,1,sorted,1000000,4,8,5,0,0.038742,0.142004
four,baseline,mixed,244,1,sorted,1000000,4,8,5,0,0.036761,0.13361
four,baseline,mixed,244,1,sorted,1000000,4,8,6,1,0.036881,0.13464
four,control,mixed,244,1,sorted,1000000,4,8,6,1,0.038942,0.138482
four,candidate,mixed,244,1,sorted,1000000,4,8,6,1,0.014399,0.041749
four,baseline,mixed,244,1,filtered,666667,4,8,0,0,0.061384,0.117333
four,control,mixed,244,1,filtered,666667,4,8,0,0,0.048992,0.118025
four,candidate,mixed,244,1,filtered,666667,4,8,0,0,0.029737,0.017947
four,candidate,mixed,244,1,filtered,666667,4,8,1,0,0.029706,0.017842
four,control,mixed,244,1,filtered,666667,4,8,1,0,0.048557,0.117517
four,baseline,mixed,244,1,filtered,666667,4,8,1,0,0.060889,0.117423
four,baseline,mixed,244,1,filtered,666667,4,8,2,0,0.061522,0.117728
four,control,mixed,244,1,filtered,666667,4,8,2,0,0.048102,0.117083
four,candidate,mixed,244,1,filtered,666667,4,8,2,0,0.029325,0.018126
four,candidate,mixed,244,1,filtered,666667,4,8,3,0,0.029726,0.017938
four,control,mixed,244,1,filtered,666667,4,8,3,0,0.048392,0.118683
four,baseline,mixed,244,1,filtered,666667,4,8,3,0,0.06086,0.118754
four,baseline,mixed,244,1,filtered,666667,4,8,4,0,0.060947,0.11761
four,control,mixed,244,1,filtered,666667,4,8,4,0,0.048539,0.117728
four,candidate,mixed,244,1,filtered,666667,4,8,4,0,0.030167,0.018049
four,candidate,mixed,244,1,filtered,666667,4,8,5,0,0.029613,0.018064
four,control,mixed,244,1,filtered,666667,4,8,5,0,0.048612,0.117503
four,baseline,mixed,244,1,filtered,666667,4,8,5,0,0.061178,0.118233
four,baseline,mixed,244,1,filtered,666667,4,8,6,1,0.06183,0.117546
four,control,mixed,244,1,filtered,666667,4,8,6,1,0.048528,0.118788
four,candidate,mixed,244,1,filtered,666667,4,8,6,1,0.029814,0.017943
four,baseline,mixed,244,0,identity,1000000,4,8,0,0,0.062236,0.090853
four,control,mixed,244,0,identity,1000000,4,8,0,0,0.070027,0.088868
four,candidate,mixed,244,0,identity,1000000,4,8,0,0,0.058828,0.024484
four,candidate,mixed,244,0,identity,1000000,4,8,1,0,0.056248,0.025092
four,control,mixed,244,0,identity,1000000,4,8,1,0,0.062456,0.089373
four,baseline,mixed,244,0,identity,1000000,4,8,1,0,0.054278,0.087852
four,baseline,mixed,244,0,identity,1000000,4,8,2,0,0.051301,0.088223
four,control,mixed,244,0,identity,1000000,4,8,2,0,0.050499,0.0888
four,candidate,mixed,244,0,identity,1000000,4,8,2,0,0.050186,0.024703
four,candidate,mixed,244,0,identity,1000000,4,8,3,0,0.050366,0.024238
four,control,mixed,244,0,identity,1000000,4,8,3,0,0.050905,0.089036
four,baseline,mixed,244,0,identity,1000000,4,8,3,0,0.050254,0.0881
four,baseline,mixed,244,0,identity,1000000,4,8,4,0,0.050225,0.088091
four,control,mixed,244,0,identity,1000000,4,8,4,0,0.050928,0.089143
four,candidate,mixed,244,0,identity,1000000,4,8,4,0,0.051911,0.024528
four,candidate,mixed,244,0,identity,1000000,4,8,5,0,0.052531,0.024338
four,control,mixed,244,0,identity,1000000,4,8,5,0,0.050414,0.089931
four,baseline,mixed,244,0,identity,1000000,4,8,5,0,0.050642,0.087601
four,baseline,mixed,244,0,identity,1000000,4,8,6,1,0.050579,0.091165
four,control,mixed,244,0,identity,1000000,4,8,6,1,0.051389,0.089835
four,candidate,mixed,244,0,identity,1000000,4,8,6,1,0.050196,0.025122
four,baseline,mixed,244,0,sorted,1000000,4,8,0,0,0.050225,0.186894
four,control,mixed,244,0,sorted,1000000,4,8,0,0,0.056617,0.193673
four,candidate,mixed,244,0,sorted,1000000,4,8,0,0,0.061419,0.061796
four,candidate,mixed,244,0,sorted,1000000,4,8,1,0,0.05474,0.06087
four,control,mixed,244,0,sorted,1000000,4,8,1,0,0.050824,0.187239
four,baseline,mixed,244,0,sorted,1000000,4,8,1,0,0.057338,0.182923
four,baseline,mixed,244,0,sorted,1000000,4,8,2,0,0.053764,0.185112
four,control,mixed,244,0,sorted,1000000,4,8,2,0,0.050499,0.187055
four,candidate,mixed,244,0,sorted,1000000,4,8,2,0,0.050457,0.066108
four,candidate,mixed,244,0,sorted,1000000,4,8,3,0,0.052868,0.061773
four,control,mixed,244,0,sorted,1000000,4,8,3,0,0.050552,0.189502
four,baseline,mixed,244,0,sorted,1000000,4,8,3,0,0.053465,0.18457
four,baseline,mixed,244,0,sorted,1000000,4,8,4,0,0.051312,0.183834
four,control,mixed,244,0,sorted,1000000,4,8,4,0,0.05104,0.187462
four,candidate,mixed,244,0,sorted,1000000,4,8,4,0,0.056607,0.068351
four,candidate,mixed,244,0,sorted,1000000,4,8,5,0,0.050773,0.062753
four,control,mixed,244,0,sorted,1000000,4,8,5,0,0.051809,0.187409
four,baseline,mixed,244,0,sorted,1000000,4,8,5,0,0.053481,0.18358
four,baseline,mixed,244,0,sorted,1000000,4,8,6,1,0.058817,0.185592
four,control,mixed,244,0,sorted,1000000,4,8,6,1,0.061608,0.189369
four,candidate,mixed,244,0,sorted,1000000,4,8,6,1,0.058555,0.102912
four,baseline,mixed,244,0,filtered,666667,4,8,0,0,0.071841,0.120748
four,control,mixed,244,0,filtered,666667,4,8,0,0,0.056269,0.120522
four,candidate,mixed,244,0,filtered,666667,4,8,0,0,0.056181,0.018287
four,candidate,mixed,244,0,filtered,666667,4,8,1,0,0.056565,0.018593
four,control,mixed,244,0,filtered,666667,4,8,1,0,0.05661,0.120482
four,baseline,mixed,244,0,filtered,666667,4,8,1,0,0.070751,0.120318
four,baseline,mixed,244,0,filtered,666667,4,8,2,0,0.07102,0.120482
four,control,mixed,244,0,filtered,666667,4,8,2,0,0.057456,0.120825
four,candidate,mixed,244,0,filtered,666667,4,8,2,0,0.056782,0.024753
four,candidate,mixed,244,0,filtered,666667,4,8,3,0,0.056498,0.026005
four,control,mixed,244,0,filtered,666667,4,8,3,0,0.056534,0.120967
four,baseline,mixed,244,0,filtered,666667,4,8,3,0,0.069624,0.124611
four,baseline,mixed,244,0,filtered,666667,4,8,4,0,0.071031,0.120977
four,control,mixed,244,0,filtered,666667,4,8,4,0,0.056841,0.120289
four,candidate,mixed,244,0,filtered,666667,4,8,4,0,0.05643,0.018243
four,candidate,mixed,244,0,filtered,666667,4,8,5,0,0.056031,0.020859
four,control,mixed,244,0,filtered,666667,4,8,5,0,0.056245,0.120733
four,baseline,mixed,244,0,filtered,666667,4,8,5,0,0.069813,0.121116
four,baseline,mixed,244,0,filtered,666667,4,8,6,1,0.071798,0.120191
four,control,mixed,244,0,filtered,666667,4,8,6,1,0.059603,0.120906
four,candidate,mixed,244,0,filtered,666667,4,8,6,1,0.055781,0.018718
four,baseline,strings,8,1,identity,1000000,4,8,0,0,0.046487,0.014922
four,control,strings,8,1,identity,1000000,4,8,0,0,0.041753,0.011612
four,candidate,strings,8,1,identity,1000000,4,8,0,0,0.037501,0.005859
four,candidate,strings,8,1,identity,1000000,4,8,1,0,0.037209,0.005893
four,control,strings,8,1,identity,1000000,4,8,1,0,0.041761,0.011598
four,baseline,strings,8,1,identity,1000000,4,8,1,0,0.046089,0.014285
four,baseline,strings,8,1,identity,1000000,4,8,2,0,0.046298,0.014207
four,control,strings,8,1,identity,1000000,4,8,2,0,0.041566,0.011592
four,candidate,strings,8,1,identity,1000000,4,8,2,0,0.037359,0.005752
four,candidate,strings,8,1,identity,1000000,4,8,3,0,0.037359,0.005759
four,control,strings,8,1,identity,1000000,4,8,3,0,0.042118,0.01163
four,baseline,strings,8,1,identity,1000000,4,8,3,0,0.046043,0.014331
four,baseline,strings,8,1,identity,1000000,4,8,4,0,0.046109,0.014454
four,control,strings,8,1,identity,1000000,4,8,4,0,0.042148,0.011647
four,candidate,strings,8,1,identity,1000000,4,8,4,0,0.037232,0.005944
four,candidate,strings,8,1,identity,1000000,4,8,5,0,0.037119,0.005809
four,control,strings,8,1,identity,1000000,4,8,5,0,0.042066,0.011683
four,baseline,strings,8,1,identity,1000000,4,8,5,0,0.046226,0.014239
four,baseline,strings,8,1,identity,1000000,4,8,6,1,0.046403,0.014365
four,control,strings,8,1,identity,1000000,4,8,6,1,0.040868,0.011613
four,candidate,strings,8,1,identity,1000000,4,8,6,1,0.037289,0.005746
four,baseline,strings,8,1,sorted,1000000,4,8,0,0,0.046158,0.025451
four,control,strings,8,1,sorted,1000000,4,8,0,0,0.041832,0.025222
four,candidate,strings,8,1,sorted,1000000,4,8,0,0,0.037341,0.013704
four,candidate,strings,8,1,sorted,1000000,4,8,1,0,0.037393,0.013018
four,control,strings,8,1,sorted,1000000,4,8,1,0,0.041862,0.024908
four,baseline,strings,8,1,sorted,1000000,4,8,1,0,0.045997,0.025394
four,baseline,strings,8,1,sorted,1000000,4,8,2,0,0.046155,0.025535
four,control,strings,8,1,sorted,1000000,4,8,2,0,0.042119,0.024966
four,candidate,strings,8,1,sorted,1000000,4,8,2,0,0.037401,0.012449
four,candidate,strings,8,1,sorted,1000000,4,8,3,0,0.03711,0.013183
four,control,strings,8,1,sorted,1000000,4,8,3,0,0.041918,0.025092
four,baseline,strings,8,1,sorted,1000000,4,8,3,0,0.046094,0.02547
four,baseline,strings,8,1,sorted,1000000,4,8,4,0,0.046046,0.025513
four,control,strings,8,1,sorted,1000000,4,8,4,0,0.041969,0.025489
four,candidate,strings,8,1,sorted,1000000,4,8,4,0,0.037391,0.012613
four,candidate,strings,8,1,sorted,1000000,4,8,5,0,0.037419,0.013185
four,control,strings,8,1,sorted,1000000,4,8,5,0,0.041806,0.023823
four,baseline,strings,8,1,sorted,1000000,4,8,5,0,0.046215,0.02552
four,baseline,strings,8,1,sorted,1000000,4,8,6,1,0.046058,0.02552
four,control,strings,8,1,sorted,1000000,4,8,6,1,0.042116,0.025976
four,candidate,strings,8,1,sorted,1000000,4,8,6,1,0.037429,0.019581
four,baseline,strings,8,1,filtered,666667,4,8,0,0,0.062938,0.029001
four,control,strings,8,1,filtered,666667,4,8,0,0,0.045663,0.028601
four,candidate,strings,8,1,filtered,666667,4,8,0,0,0.043415,0.007875
four,candidate,strings,8,1,filtered,666667,4,8,1,0,0.043404,0.0069
four,control,strings,8,1,filtered,666667,4,8,1,0,0.045428,0.028807
four,baseline,strings,8,1,filtered,666667,4,8,1,0,0.062514,0.028532
four,baseline,strings,8,1,filtered,666667,4,8,2,0,0.062909,0.02833
four,control,strings,8,1,filtered,666667,4,8,2,0,0.045262,0.028381
four,candidate,strings,8,1,filtered,666667,4,8,2,0,0.043017,0.005608
four,candidate,strings,8,1,filtered,666667,4,8,3,0,0.042916,0.006643
four,control,strings,8,1,filtered,666667,4,8,3,0,0.044907,0.028199
four,baseline,strings,8,1,filtered,666667,4,8,3,0,0.06176,0.028259
four,baseline,strings,8,1,filtered,666667,4,8,4,0,0.062084,0.02828
four,control,strings,8,1,filtered,666667,4,8,4,0,0.045315,0.028263
four,candidate,strings,8,1,filtered,666667,4,8,4,0,0.043115,0.00603
four,candidate,strings,8,1,filtered,666667,4,8,5,0,0.043309,0.006626
four,control,strings,8,1,filtered,666667,4,8,5,0,0.045109,0.028423
four,baseline,strings,8,1,filtered,666667,4,8,5,0,0.062023,0.028366
four,baseline,strings,8,1,filtered,666667,4,8,6,1,0.062297,0.02853
four,control,strings,8,1,filtered,666667,4,8,6,1,0.04499,0.028415
four,candidate,strings,8,1,filtered,666667,4,8,6,1,0.042732,0.007165
four,baseline,strings,8,0,identity,1000000,4,8,0,0,0.071891,0.010841
four,control,strings,8,0,identity,1000000,4,8,0,0,0.047303,0.01066
four,candidate,strings,8,0,identity,1000000,4,8,0,0,0.03758,0.006367
four,candidate,strings,8,0,identity,1000000,4,8,1,0,0.037827,0.005128
four,control,strings,8,0,identity,1000000,4,8,1,0,0.049607,0.010818
four,baseline,strings,8,0,identity,1000000,4,8,1,0,0.077193,0.011001
four,baseline,strings,8,0,identity,1000000,4,8,2,0,0.072875,0.011031
four,control,strings,8,0,identity,1000000,4,8,2,0,0.047158,0.010854
four,candidate,strings,8,0,identity,1000000,4,8,2,0,0.038091,0.008395
four,candidate,strings,8,0,identity,1000000,4,8,3,0,0.037844,0.006469
four,control,strings,8,0,identity,1000000,4,8,3,0,0.048258,0.010857
four,baseline,strings,8,0,identity,1000000,4,8,3,0,0.047395,0.0107
four,baseline,strings,8,0,identity,1000000,4,8,4,0,0.047349,0.011043
four,control,strings,8,0,identity,1000000,4,8,4,0,0.047254,0.01068
four,candidate,strings,8,0,identity,1000000,4,8,4,0,0.038206,0.006578
four,candidate,strings,8,0,identity,1000000,4,8,5,0,0.037697,0.006685
four,control,strings,8,0,identity,1000000,4,8,5,0,0.046776,0.011234
four,baseline,strings,8,0,identity,1000000,4,8,5,0,0.072719,0.010693
four,baseline,strings,8,0,identity,1000000,4,8,6,1,0.07257,0.010617
four,control,strings,8,0,identity,1000000,4,8,6,1,0.04958,0.010781
four,candidate,strings,8,0,identity,1000000,4,8,6,1,0.037967,0.005008
four,baseline,strings,8,0,sorted,1000000,4,8,0,0,0.114866,0.041776
four,control,strings,8,0,sorted,1000000,4,8,0,0,0.04908,0.029881
four,candidate,strings,8,0,sorted,1000000,4,8,0,0,0.038013,0.02534
four,candidate,strings,8,0,sorted,1000000,4,8,1,0,0.037773,0.019556
four,control,strings,8,0,sorted,1000000,4,8,1,0,0.048385,0.028589
four,baseline,strings,8,0,sorted,1000000,4,8,1,0,0.072655,0.027737
four,baseline,strings,8,0,sorted,1000000,4,8,2,0,0.072686,0.028312
four,control,strings,8,0,sorted,1000000,4,8,2,0,0.047585,0.027515
four,candidate,strings,8,0,sorted,1000000,4,8,2,0,0.037349,0.017789
four,candidate,strings,8,0,sorted,1000000,4,8,3,0,0.037517,0.015262
four,control,strings,8,0,sorted,1000000,4,8,3,0,0.047703,0.028273
four,baseline,strings,8,0,sorted,1000000,4,8,3,0,0.072292,0.025711
four,baseline,strings,8,0,sorted,1000000,4,8,4,0,0.071878,0.02522
four,control,strings,8,0,sorted,1000000,4,8,4,0,0.048339,0.027872
four,candidate,strings,8,0,sorted,1000000,4,8,4,0,0.037812,0.014549
four,candidate,strings,8,0,sorted,1000000,4,8,5,0,0.037041,0.015002
four,control,strings,8,0,sorted,1000000,4,8,5,0,0.04773,0.02722
four,baseline,strings,8,0,sorted,1000000,4,8,5,0,0.072211,0.025623
four,baseline,strings,8,0,sorted,1000000,4,8,6,1,0.072073,0.02619
four,control,strings,8,0,sorted,1000000,4,8,6,1,0.047547,0.027994
four,candidate,strings,8,0,sorted,1000000,4,8,6,1,0.037582,0.016028
four,baseline,strings,8,0,filtered,666667,4,8,0,0,0.062115,0.028029
four,control,strings,8,0,filtered,666667,4,8,0,0,0.049992,0.02829
four,candidate,strings,8,0,filtered,666667,4,8,0,0,0.04324,0.005811
four,candidate,strings,8,0,filtered,666667,4,8,1,0,0.044884,0.005616
four,control,strings,8,0,filtered,666667,4,8,1,0,0.049013,0.028415
four,baseline,strings,8,0,filtered,666667,4,8,1,0,0.062223,0.028126
four,baseline,strings,8,0,filtered,666667,4,8,2,0,0.062223,0.028283
four,control,strings,8,0,filtered,666667,4,8,2,0,0.047609,0.028558
four,candidate,strings,8,0,filtered,666667,4,8,2,0,0.046349,0.005927
four,candidate,strings,8,0,filtered,666667,4,8,3,0,0.042955,0.005756
four,control,strings,8,0,filtered,666667,4,8,3,0,0.049405,0.02822
four,baseline,strings,8,0,filtered,666667,4,8,3,0,0.062159,0.028231
four,baseline,strings,8,0,filtered,666667,4,8,4,0,0.062301,0.028283
four,control,strings,8,0,filtered,666667,4,8,4,0,0.050415,0.028982
four,candidate,strings,8,0,filtered,666667,4,8,4,0,0.04448,0.00645
four,candidate,strings,8,0,filtered,666667,4,8,5,0,0.046678,0.00645
four,control,strings,8,0,filtered,666667,4,8,5,0,0.049704,0.02872
four,baseline,strings,8,0,filtered,666667,4,8,5,0,0.062428,0.027929
four,baseline,strings,8,0,filtered,666667,4,8,6,1,0.062608,0.028106
four,control,strings,8,0,filtered,666667,4,8,6,1,0.049519,0.028277
four,candidate,strings,8,0,filtered,666667,4,8,6,1,0.045023,0.006587
four,baseline,strings,244,1,identity,1000000,4,8,0,0,0.102365,0.141855
four,control,strings,244,1,identity,1000000,4,8,0,0,0.09385,0.109173
four,candidate,strings,244,1,identity,1000000,4,8,0,0,0.038048,0.065108
four,candidate,strings,244,1,identity,1000000,4,8,1,0,0.038314,0.064699
four,control,strings,244,1,identity,1000000,4,8,1,0,0.112659,0.110003
four,baseline,strings,244,1,identity,1000000,4,8,1,0,0.093187,0.129769
four,baseline,strings,244,1,identity,1000000,4,8,2,0,0.103939,0.126231
four,control,strings,244,1,identity,1000000,4,8,2,0,0.118041,0.126177
four,candidate,strings,244,1,identity,1000000,4,8,2,0,0.039987,0.066075
four,candidate,strings,244,1,identity,1000000,4,8,3,0,0.042221,0.065725
four,control,strings,244,1,identity,1000000,4,8,3,0,0.09452,0.179939
four,baseline,strings,244,1,identity,1000000,4,8,3,0,0.092668,0.125847
four,baseline,strings,244,1,identity,1000000,4,8,4,0,0.092904,0.12493
four,control,strings,244,1,identity,1000000,4,8,4,0,0.117753,0.109874
four,candidate,strings,244,1,identity,1000000,4,8,4,0,0.037305,0.06762
four,candidate,strings,244,1,identity,1000000,4,8,5,0,0.041792,0.068
four,control,strings,244,1,identity,1000000,4,8,5,0,0.094061,0.111641
four,baseline,strings,244,1,identity,1000000,4,8,5,0,0.092544,0.125659
four,baseline,strings,244,1,identity,1000000,4,8,6,1,0.098892,0.126279
four,control,strings,244,1,identity,1000000,4,8,6,1,0.093802,0.1114
four,candidate,strings,244,1,identity,1000000,4,8,6,1,0.039081,0.065969
four,baseline,strings,244,1,sorted,1000000,4,8,0,0,0.092821,0.163325
four,control,strings,244,1,sorted,1000000,4,8,0,0,0.121976,0.161136
four,candidate,strings,244,1,sorted,1000000,4,8,0,0,0.037672,0.104246
four,candidate,strings,244,1,sorted,1000000,4,8,1,0,0.037691,0.100861
four,control,strings,244,1,sorted,1000000,4,8,1,0,0.094554,0.162378
four,baseline,strings,244,1,sorted,1000000,4,8,1,0,0.092438,0.163051
four,baseline,strings,244,1,sorted,1000000,4,8,2,0,0.0923,0.163465
four,control,strings,244,1,sorted,1000000,4,8,2,0,0.094051,0.163569
four,candidate,strings,244,1,sorted,1000000,4,8,2,0,0.037801,0.103387
four,candidate,strings,244,1,sorted,1000000,4,8,3,0,0.038105,0.104074
four,control,strings,244,1,sorted,1000000,4,8,3,0,0.094238,0.162745
four,baseline,strings,244,1,sorted,1000000,4,8,3,0,0.092487,0.163179
four,baseline,strings,244,1,sorted,1000000,4,8,4,0,0.092157,0.1629
four,control,strings,244,1,sorted,1000000,4,8,4,0,0.094139,0.162853
four,candidate,strings,244,1,sorted,1000000,4,8,4,0,0.037363,0.098953
four,candidate,strings,244,1,sorted,1000000,4,8,5,0,0.03748,0.103007
four,control,strings,244,1,sorted,1000000,4,8,5,0,0.093593,0.163397
four,baseline,strings,244,1,sorted,1000000,4,8,5,0,0.092197,0.163172
four,baseline,strings,244,1,sorted,1000000,4,8,6,1,0.092363,0.163075
four,control,strings,244,1,sorted,1000000,4,8,6,1,0.094811,0.163253
four,candidate,strings,244,1,sorted,1000000,4,8,6,1,0.040697,0.101214
four,baseline,strings,244,1,filtered,666667,4,8,0,0,0.105393,0.359422
four,control,strings,244,1,filtered,666667,4,8,0,0,0.092257,0.357892
four,candidate,strings,244,1,filtered,666667,4,8,0,0,0.046945,0.057058
four,candidate,strings,244,1,filtered,666667,4,8,1,0,0.047158,0.055764
four,control,strings,244,1,filtered,666667,4,8,1,0,0.09188,0.357655
four,baseline,strings,244,1,filtered,666667,4,8,1,0,0.104998,0.357457
four,baseline,strings,244,1,filtered,666667,4,8,2,0,0.10453,0.355409
four,control,strings,244,1,filtered,666667,4,8,2,0,0.091702,0.356343
four,candidate,strings,244,1,filtered,666667,4,8,2,0,0.047253,0.056801
four,candidate,strings,244,1,filtered,666667,4,8,3,0,0.047411,0.056381
four,control,strings,244,1,filtered,666667,4,8,3,0,0.092042,0.357104
four,baseline,strings,244,1,filtered,666667,4,8,3,0,0.104792,0.357186
four,baseline,strings,244,1,filtered,666667,4,8,4,0,0.105426,0.358686
four,control,strings,244,1,filtered,666667,4,8,4,0,0.110103,0.356247
four,candidate,strings,244,1,filtered,666667,4,8,4,0,0.047483,0.056051
four,candidate,strings,244,1,filtered,666667,4,8,5,0,0.047381,0.055985
four,control,strings,244,1,filtered,666667,4,8,5,0,0.091791,0.355286
four,baseline,strings,244,1,filtered,666667,4,8,5,0,0.104964,0.357772
four,baseline,strings,244,1,filtered,666667,4,8,6,1,0.104894,0.357269
four,control,strings,244,1,filtered,666667,4,8,6,1,0.09174,0.354631
four,candidate,strings,244,1,filtered,666667,4,8,6,1,0.04732,0.066001
four,baseline,strings,244,0,identity,1000000,4,8,0,0,0.138151,0.110502
four,control,strings,244,0,identity,1000000,4,8,0,0,0.1197,0.109398
four,candidate,strings,244,0,identity,1000000,4,8,0,0,0.10268,0.064633
four,candidate,strings,244,0,identity,1000000,4,8,1,0,0.101762,0.062886
four,control,strings,244,0,identity,1000000,4,8,1,0,0.119945,0.110222
four,baseline,strings,244,0,identity,1000000,4,8,1,0,0.138676,0.110818
four,baseline,strings,244,0,identity,1000000,4,8,2,0,0.121,0.109621
four,control,strings,244,0,identity,1000000,4,8,2,0,0.119722,0.10977
four,candidate,strings,244,0,identity,1000000,4,8,2,0,0.122814,0.062999
four,candidate,strings,244,0,identity,1000000,4,8,3,0,0.118299,0.06294
four,control,strings,244,0,identity,1000000,4,8,3,0,0.11626,0.10965
four,baseline,strings,244,0,identity,1000000,4,8,3,0,0.140806,0.109871
four,baseline,strings,244,0,identity,1000000,4,8,4,0,0.12327,0.110963
four,control,strings,244,0,identity,1000000,4,8,4,0,0.122181,0.110292
four,candidate,strings,244,0,identity,1000000,4,8,4,0,0.114841,0.070027
four,candidate,strings,244,0,identity,1000000,4,8,5,0,0.119561,0.06481
four,control,strings,244,0,identity,1000000,4,8,5,0,0.123716,0.109938
four,baseline,strings,244,0,identity,1000000,4,8,5,0,0.121322,0.110744
four,baseline,strings,244,0,identity,1000000,4,8,6,1,0.12623,0.10981
four,control,strings,244,0,identity,1000000,4,8,6,1,0.111179,0.110697
four,candidate,strings,244,0,identity,1000000,4,8,6,1,0.099463,0.064461
four,baseline,strings,244,0,sorted,1000000,4,8,0,0,0.103176,0.202027
four,control,strings,244,0,sorted,1000000,4,8,0,0,0.118522,0.205471
four,candidate,strings,244,0,sorted,1000000,4,8,0,0,0.118793,0.135985
four,candidate,strings,244,0,sorted,1000000,4,8,1,0,0.117104,0.141698
four,control,strings,244,0,sorted,1000000,4,8,1,0,0.119853,0.21299
four,baseline,strings,244,0,sorted,1000000,4,8,1,0,0.123078,0.205827
four,baseline,strings,244,0,sorted,1000000,4,8,2,0,0.140216,0.204134
four,control,strings,244,0,sorted,1000000,4,8,2,0,0.118975,0.206892
four,candidate,strings,244,0,sorted,1000000,4,8,2,0,0.102704,0.139732
four,candidate,strings,244,0,sorted,1000000,4,8,3,0,0.101116,0.136141
four,control,strings,244,0,sorted,1000000,4,8,3,0,0.118874,0.20336
four,baseline,strings,244,0,sorted,1000000,4,8,3,0,0.125742,0.2025
four,baseline,strings,244,0,sorted,1000000,4,8,4,0,0.102083,0.203032
four,control,strings,244,0,sorted,1000000,4,8,4,0,0.123165,0.209618
four,candidate,strings,244,0,sorted,1000000,4,8,4,0,0.112659,0.136494
four,candidate,strings,244,0,sorted,1000000,4,8,5,0,0.110256,0.136572
four,control,strings,244,0,sorted,1000000,4,8,5,0,0.116572,0.205651
four,baseline,strings,244,0,sorted,1000000,4,8,5,0,0.139191,0.202505
four,baseline,strings,244,0,sorted,1000000,4,8,6,1,0.124826,0.20145
four,control,strings,244,0,sorted,1000000,4,8,6,1,0.120982,0.202237
four,candidate,strings,244,0,sorted,1000000,4,8,6,1,0.116646,0.135712
four,baseline,strings,244,0,filtered,666667,4,8,0,0,0.127539,0.362379
four,control,strings,244,0,filtered,666667,4,8,0,0,0.11396,0.363332
four,candidate,strings,244,0,filtered,666667,4,8,0,0,0.100476,0.056457
four,candidate,strings,244,0,filtered,666667,4,8,1,0,0.115052,0.058058
four,control,strings,244,0,filtered,666667,4,8,1,0,0.100128,0.36043
four,baseline,strings,244,0,filtered,666667,4,8,1,0,0.134862,0.361606
four,baseline,strings,244,0,filtered,666667,4,8,2,0,0.112131,0.358467
four,control,strings,244,0,filtered,666667,4,8,2,0,0.114175,0.38746
four,candidate,strings,244,0,filtered,666667,4,8,2,0,0.109694,0.057428
four,candidate,strings,244,0,filtered,666667,4,8,3,0,0.104024,0.065905
four,control,strings,244,0,filtered,666667,4,8,3,0,0.111501,0.362172
four,baseline,strings,244,0,filtered,666667,4,8,3,0,0.133743,0.362468
four,baseline,strings,244,0,filtered,666667,4,8,4,0,0.137735,0.36024
four,control,strings,244,0,filtered,666667,4,8,4,0,0.100376,0.362868
four,candidate,strings,244,0,filtered,666667,4,8,4,0,0.100896,0.056502
four,candidate,strings,244,0,filtered,666667,4,8,5,0,0.102164,0.056621
four,control,strings,244,0,filtered,666667,4,8,5,0,0.109117,0.361969
four,baseline,strings,244,0,filtered,666667,4,8,5,0,0.132644,0.363512
four,baseline,strings,244,0,filtered,666667,4,8,6,1,0.12139,0.363822
four,control,strings,244,0,filtered,666667,4,8,6,1,0.112873,0.36713
four,candidate,strings,244,0,filtered,666667,4,8,6,1,0.121892,0.071278
main,baseline,numeric,8,1,identity,1000000,20,8,0,0,0.01705,0.015689
main,control,numeric,8,1,identity,1000000,20,8,0,0,0.013774,0.013376
main,candidate,numeric,8,1,identity,1000000,20,8,0,0,0.017223,0.013004
main,candidate,numeric,8,1,identity,1000000,20,8,1,0,0.015231,0.019659
main,control,numeric,8,1,identity,1000000,20,8,1,0,0.019467,0.01702
main,baseline,numeric,8,1,identity,1000000,20,8,1,0,0.019999,0.020505
main,baseline,numeric,8,1,identity,1000000,20,8,2,0,0.016939,0.01781
main,control,numeric,8,1,identity,1000000,20,8,2,0,0.01608,0.015165
main,candidate,numeric,8,1,identity,1000000,20,8,2,0,0.01392,0.011299
main,candidate,numeric,8,1,identity,1000000,20,8,3,0,0.013834,0.012976
main,control,numeric,8,1,identity,1000000,20,8,3,0,0.015431,0.013868
main,baseline,numeric,8,1,identity,1000000,20,8,3,0,0.015031,0.014314
main,baseline,numeric,8,1,identity,1000000,20,8,4,0,0.013119,0.012992
main,control,numeric,8,1,identity,1000000,20,8,4,0,0.013638,0.013022
main,candidate,numeric,8,1,identity,1000000,20,8,4,0,0.012568,0.01145
main,candidate,numeric,8,1,identity,1000000,20,8,5,0,0.012439,0.012194
main,control,numeric,8,1,identity,1000000,20,8,5,0,0.013907,0.01186
main,baseline,numeric,8,1,identity,1000000,20,8,5,0,0.011617,0.012443
main,baseline,numeric,8,1,identity,1000000,20,8,6,1,0.012704,0.012314
main,control,numeric,8,1,identity,1000000,20,8,6,1,0.013139,0.011575
main,candidate,numeric,8,1,identity,1000000,20,8,6,1,0.01155,0.01148
main,baseline,numeric,8,1,sorted,1000000,20,8,0,0,0.014203,0.031291
main,control,numeric,8,1,sorted,1000000,20,8,0,0,0.01625,0.029147
main,candidate,numeric,8,1,sorted,1000000,20,8,0,0,0.015741,0.027238
main,candidate,numeric,8,1,sorted,1000000,20,8,1,0,0.014035,0.032927
main,control,numeric,8,1,sorted,1000000,20,8,1,0,0.059869,0.035722
main,baseline,numeric,8,1,sorted,1000000,20,8,1,0,0.012386,0.026462
main,baseline,numeric,8,1,sorted,1000000,20,8,2,0,0.0112,0.025925
main,control,numeric,8,1,sorted,1000000,20,8,2,0,0.011587,0.025031
main,candidate,numeric,8,1,sorted,1000000,20,8,2,0,0.012535,0.024499
main,candidate,numeric,8,1,sorted,1000000,20,8,3,0,0.012802,0.026663
main,control,numeric,8,1,sorted,1000000,20,8,3,0,0.012316,0.024398
main,baseline,numeric,8,1,sorted,1000000,20,8,3,0,0.01136,0.022969
main,baseline,numeric,8,1,sorted,1000000,20,8,4,0,0.011442,0.02362
main,control,numeric,8,1,sorted,1000000,20,8,4,0,0.014903,0.026021
main,candidate,numeric,8,1,sorted,1000000,20,8,4,0,0.010976,0.025477
main,candidate,numeric,8,1,sorted,1000000,20,8,5,0,0.0128,0.025027
main,control,numeric,8,1,sorted,1000000,20,8,5,0,0.011293,0.022716
main,baseline,numeric,8,1,sorted,1000000,20,8,5,0,0.012173,0.025242
main,baseline,numeric,8,1,sorted,1000000,20,8,6,1,0.011924,0.024842
main,control,numeric,8,1,sorted,1000000,20,8,6,1,0.012788,0.023728
main,candidate,numeric,8,1,sorted,1000000,20,8,6,1,0.010458,0.023692
main,baseline,numeric,8,1,scattered,1000000,20,8,0,0,0.010963,0.012286
main,control,numeric,8,1,scattered,1000000,20,8,0,0,0.011397,0.011906
main,candidate,numeric,8,1,scattered,1000000,20,8,0,0,0.010642,0.011986
main,candidate,numeric,8,1,scattered,1000000,20,8,1,0,0.010635,0.011195
main,control,numeric,8,1,scattered,1000000,20,8,1,0,0.010992,0.011489
main,baseline,numeric,8,1,scattered,1000000,20,8,1,0,0.011175,0.011054
main,baseline,numeric,8,1,scattered,1000000,20,8,2,0,0.01137,0.011643
main,control,numeric,8,1,scattered,1000000,20,8,2,0,0.011265,0.011749
main,candidate,numeric,8,1,scattered,1000000,20,8,2,0,0.010893,0.01083
main,candidate,numeric,8,1,scattered,1000000,20,8,3,0,0.010888,0.011458
main,control,numeric,8,1,scattered,1000000,20,8,3,0,0.011489,0.011204
main,baseline,numeric,8,1,scattered,1000000,20,8,3,0,0.011005,0.012293
main,baseline,numeric,8,1,scattered,1000000,20,8,4,0,0.011857,0.011798
main,control,numeric,8,1,scattered,1000000,20,8,4,0,0.011051,0.011529
main,candidate,numeric,8,1,scattered,1000000,20,8,4,0,0.0109,0.010996
main,candidate,numeric,8,1,scattered,1000000,20,8,5,0,0.010865,0.010796
main,control,numeric,8,1,scattered,1000000,20,8,5,0,0.01085,0.010741
main,baseline,numeric,8,1,scattered,1000000,20,8,5,0,0.011018,0.011934
main,baseline,numeric,8,1,scattered,1000000,20,8,6,1,0.011089,0.011382
main,control,numeric,8,1,scattered,1000000,20,8,6,1,0.010843,0.012129
main,candidate,numeric,8,1,scattered,1000000,20,8,6,1,0.011045,0.010906
main,baseline,numeric,8,1,filtered,666667,20,8,0,0,0.038723,0.017362
main,control,numeric,8,1,filtered,666667,20,8,0,0,0.025074,0.017091
main,candidate,numeric,8,1,filtered,666667,20,8,0,0,0.024776,0.017329
main,candidate,numeric,8,1,filtered,666667,20,8,1,0,0.024868,0.017756
main,control,numeric,8,1,filtered,666667,20,8,1,0,0.027379,0.017624
main,baseline,numeric,8,1,filtered,666667,20,8,1,0,0.041446,0.017835
main,baseline,numeric,8,1,filtered,666667,20,8,2,0,0.040271,0.017023
main,control,numeric,8,1,filtered,666667,20,8,2,0,0.026378,0.017112
main,candidate,numeric,8,1,filtered,666667,20,8,2,0,0.026156,0.017913
main,candidate,numeric,8,1,filtered,666667,20,8,3,0,0.027612,0.01781
main,control,numeric,8,1,filtered,666667,20,8,3,0,0.027141,0.017229
main,baseline,numeric,8,1,filtered,666667,20,8,3,0,0.040007,0.017038
main,baseline,numeric,8,1,filtered,666667,20,8,4,0,0.040083,0.017417
main,control,numeric,8,1,filtered,666667,20,8,4,0,0.026759,0.016972
main,candidate,numeric,8,1,filtered,666667,20,8,4,0,0.025071,0.017336
main,candidate,numeric,8,1,filtered,666667,20,8,5,0,0.027218,0.016471
main,control,numeric,8,1,filtered,666667,20,8,5,0,0.027713,0.016887
main,baseline,numeric,8,1,filtered,666667,20,8,5,0,0.039067,0.017253
main,baseline,numeric,8,1,filtered,666667,20,8,6,1,0.038514,0.017732
main,control,numeric,8,1,filtered,666667,20,8,6,1,0.025894,0.016848
main,candidate,numeric,8,1,filtered,666667,20,8,6,1,0.025486,0.017209
main,baseline,numeric,8,1,checked,1000000,20,8,0,0,0.012023,0.011021
main,control,numeric,8,1,checked,1000000,20,8,0,0,0.01225,0.011508
main,candidate,numeric,8,1,checked,1000000,20,8,0,0,0.011778,0.010772
main,candidate,numeric,8,1,checked,1000000,20,8,1,0,0.01165,0.011264
main,control,numeric,8,1,checked,1000000,20,8,1,0,0.012919,0.011703
main,baseline,numeric,8,1,checked,1000000,20,8,1,0,0.012732,0.010879
main,baseline,numeric,8,1,checked,1000000,20,8,2,0,0.01265,0.011119
main,control,numeric,8,1,checked,1000000,20,8,2,0,0.01262,0.011196
main,candidate,numeric,8,1,checked,1000000,20,8,2,0,0.012294,0.01136
main,candidate,numeric,8,1,checked,1000000,20,8,3,0,0.012384,0.011858
main,control,numeric,8,1,checked,1000000,20,8,3,0,0.012285,0.011639
main,baseline,numeric,8,1,checked,1000000,20,8,3,0,0.012923,0.011606
main,baseline,numeric,8,1,checked,1000000,20,8,4,0,0.01244,0.011217
main,control,numeric,8,1,checked,1000000,20,8,4,0,0.013322,0.011719
main,candidate,numeric,8,1,checked,1000000,20,8,4,0,0.012205,0.011229
main,candidate,numeric,8,1,checked,1000000,20,8,5,0,0.012783,0.011507
main,control,numeric,8,1,checked,1000000,20,8,5,0,0.012707,0.012166
main,baseline,numeric,8,1,checked,1000000,20,8,5,0,0.012458,0.011919
main,baseline,numeric,8,1,checked,1000000,20,8,6,1,0.012846,0.012139
main,control,numeric,8,1,checked,1000000,20,8,6,1,0.011946,0.011765
main,candidate,numeric,8,1,checked,1000000,20,8,6,1,0.011586,0.01103
main,baseline,numeric,8,0,identity,1000000,20,8,0,0,0.011451,0.011486
main,control,numeric,8,0,identity,1000000,20,8,0,0,0.011153,0.010854
main,candidate,numeric,8,0,identity,1000000,20,8,0,0,0.010573,0.011449
main,candidate,numeric,8,0,identity,1000000,20,8,1,0,0.010888,0.011185
main,control,numeric,8,0,identity,1000000,20,8,1,0,0.011748,0.011494
main,baseline,numeric,8,0,identity,1000000,20,8,1,0,0.012749,0.012447
main,baseline,numeric,8,0,identity,1000000,20,8,2,0,0.012817,0.011985
main,control,numeric,8,0,identity,1000000,20,8,2,0,0.012941,0.012293
main,candidate,numeric,8,0,identity,1000000,20,8,2,0,0.011603,0.012003
main,candidate,numeric,8,0,identity,1000000,20,8,3,0,0.011998,0.011643
main,control,numeric,8,0,identity,1000000,20,8,3,0,0.013129,0.012366
main,baseline,numeric,8,0,identity,1000000,20,8,3,0,0.01217,0.011919
main,baseline,numeric,8,0,identity,1000000,20,8,4,0,0.013098,0.01224
main,control,numeric,8,0,identity,1000000,20,8,4,0,0.012394,0.014699
main,candidate,numeric,8,0,identity,1000000,20,8,4,0,0.013689,0.012426
main,candidate,numeric,8,0,identity,1000000,20,8,5,0,0.011017,0.011698
main,control,numeric,8,0,identity,1000000,20,8,5,0,0.012387,0.011915
main,baseline,numeric,8,0,identity,1000000,20,8,5,0,0.012761,0.012168
main,baseline,numeric,8,0,identity,1000000,20,8,6,1,0.011728,0.011277
main,control,numeric,8,0,identity,1000000,20,8,6,1,0.011249,0.011474
main,candidate,numeric,8,0,identity,1000000,20,8,6,1,0.010826,0.011257
main,baseline,numeric,8,0,sorted,1000000,20,8,0,0,0.011176,0.022927
main,control,numeric,8,0,sorted,1000000,20,8,0,0,0.011096,0.022997
main,candidate,numeric,8,0,sorted,1000000,20,8,0,0,0.010814,0.022639
main,candidate,numeric,8,0,sorted,1000000,20,8,1,0,0.01062,0.022159
main,control,numeric,8,0,sorted,1000000,20,8,1,0,0.012149,0.022265
main,baseline,numeric,8,0,sorted,1000000,20,8,1,0,0.011967,0.024262
main,baseline,numeric,8,0,sorted,1000000,20,8,2,0,0.012002,0.022962
main,control,numeric,8,0,sorted,1000000,20,8,2,0,0.011854,0.02267
main,candidate,numeric,8,0,sorted,1000000,20,8,2,0,0.012597,0.022714
main,candidate,numeric,8,0,sorted,1000000,20,8,3,0,0.011925,0.022369
main,control,numeric,8,0,sorted,1000000,20,8,3,0,0.011289,0.022054
main,baseline,numeric,8,0,sorted,1000000,20,8,3,0,0.012053,0.021933
main,baseline,numeric,8,0,sorted,1000000,20,8,4,0,0.012542,0.024186
main,control,numeric,8,0,sorted,1000000,20,8,4,0,0.012062,0.022867
main,candidate,numeric,8,0,sorted,1000000,20,8,4,0,0.011567,0.023347
main,candidate,numeric,8,0,sorted,1000000,20,8,5,0,0.011168,0.023426
main,control,numeric,8,0,sorted,1000000,20,8,5,0,0.011451,0.023414
main,baseline,numeric,8,0,sorted,1000000,20,8,5,0,0.011329,0.022907
main,baseline,numeric,8,0,sorted,1000000,20,8,6,1,0.011853,0.022035
main,control,numeric,8,0,sorted,1000000,20,8,6,1,0.011011,0.022767
main,candidate,numeric,8,0,sorted,1000000,20,8,6,1,0.010651,0.022186
main,baseline,numeric,8,0,scattered,1000000,20,8,0,0,0.011247,0.011175
main,control,numeric,8,0,scattered,1000000,20,8,0,0,0.011346,0.01155
main,candidate,numeric,8,0,scattered,1000000,20,8,0,0,0.011505,0.011033
main,candidate,numeric,8,0,scattered,1000000,20,8,1,0,0.011636,0.011098
main,control,numeric,8,0,scattered,1000000,20,8,1,0,0.011666,0.011573
main,baseline,numeric,8,0,scattered,1000000,20,8,1,0,0.011476,0.011514
main,baseline,numeric,8,0,scattered,1000000,20,8,2,0,0.011675,0.011248
main,control,numeric,8,0,scattered,1000000,20,8,2,0,0.011615,0.011372
main,candidate,numeric,8,0,scattered,1000000,20,8,2,0,0.011972,0.010959
main,candidate,numeric,8,0,scattered,1000000,20,8,3,0,0.01147,0.011536
main,control,numeric,8,0,scattered,1000000,20,8,3,0,0.011887,0.011343
main,baseline,numeric,8,0,scattered,1000000,20,8,3,0,0.01174,0.011523
main,baseline,numeric,8,0,scattered,1000000,20,8,4,0,0.011357,0.011364
main,control,numeric,8,0,scattered,1000000,20,8,4,0,0.012756,0.011318
main,candidate,numeric,8,0,scattered,1000000,20,8,4,0,0.011693,0.012439
main,candidate,numeric,8,0,scattered,1000000,20,8,5,0,0.011194,0.011086
main,control,numeric,8,0,scattered,1000000,20,8,5,0,0.011889,0.011323
main,baseline,numeric,8,0,scattered,1000000,20,8,5,0,0.011759,0.011016
main,baseline,numeric,8,0,scattered,1000000,20,8,6,1,0.012571,0.011172
main,control,numeric,8,0,scattered,1000000,20,8,6,1,0.011171,0.011774
main,candidate,numeric,8,0,scattered,1000000,20,8,6,1,0.010519,0.011117
main,baseline,numeric,8,0,filtered,666667,20,8,0,0,0.038798,0.017956
main,control,numeric,8,0,filtered,666667,20,8,0,0,0.028409,0.018366
main,candidate,numeric,8,0,filtered,666667,20,8,0,0,0.027525,0.017681
main,candidate,numeric,8,0,filtered,666667,20,8,1,0,0.027331,0.017682
main,control,numeric,8,0,filtered,666667,20,8,1,0,0.025761,0.01741
main,baseline,numeric,8,0,filtered,666667,20,8,1,0,0.038215,0.017463
main,baseline,numeric,8,0,filtered,666667,20,8,2,0,0.038361,0.017087
main,control,numeric,8,0,filtered,666667,20,8,2,0,0.025216,0.017505
main,candidate,numeric,8,0,filtered,666667,20,8,2,0,0.025202,0.01694
main,candidate,numeric,8,0,filtered,666667,20,8,3,0,0.025272,0.017717
main,control,numeric,8,0,filtered,666667,20,8,3,0,0.024957,0.020812
main,baseline,numeric,8,0,filtered,666667,20,8,3,0,0.038359,0.018167
main,baseline,numeric,8,0,filtered,666667,20,8,4,0,0.038902,0.016997
main,control,numeric,8,0,filtered,666667,20,8,4,0,0.025561,0.016709
main,candidate,numeric,8,0,filtered,666667,20,8,4,0,0.024511,0.015124
main,candidate,numeric,8,0,filtered,666667,20,8,5,0,0.024801,0.015116
main,control,numeric,8,0,filtered,666667,20,8,5,0,0.024793,0.015395
main,baseline,numeric,8,0,filtered,666667,20,8,5,0,0.038251,0.015117
main,baseline,numeric,8,0,filtered,666667,20,8,6,1,0.038584,0.015066
main,control,numeric,8,0,filtered,666667,20,8,6,1,0.02496,0.015533
main,candidate,numeric,8,0,filtered,666667,20,8,6,1,0.024861,0.015043
main,baseline,numeric,8,0,checked,1000000,20,8,0,0,0.011869,0.011282
main,control,numeric,8,0,checked,1000000,20,8,0,0,0.011849,0.010979
main,candidate,numeric,8,0,checked,1000000,20,8,0,0,0.011561,0.011018
main,candidate,numeric,8,0,checked,1000000,20,8,1,0,0.011561,0.010897
main,control,numeric,8,0,checked,1000000,20,8,1,0,0.013459,0.011461
main,baseline,numeric,8,0,checked,1000000,20,8,1,0,0.0124,0.011503
main,baseline,numeric,8,0,checked,1000000,20,8,2,0,0.013423,0.011877
main,control,numeric,8,0,checked,1000000,20,8,2,0,0.013829,0.011304
main,candidate,numeric,8,0,checked,1000000,20,8,2,0,0.012081,0.011323
main,candidate,numeric,8,0,checked,1000000,20,8,3,0,0.012722,0.011865
main,control,numeric,8,0,checked,1000000,20,8,3,0,0.013073,0.011376
main,baseline,numeric,8,0,checked,1000000,20,8,3,0,0.013609,0.011508
main,baseline,numeric,8,0,checked,1000000,20,8,4,0,0.014021,0.012492
main,control,numeric,8,0,checked,1000000,20,8,4,0,0.013457,0.011853
main,candidate,numeric,8,0,checked,1000000,20,8,4,0,0.012863,0.011642
main,candidate,numeric,8,0,checked,1000000,20,8,5,0,0.012758,0.011497
main,control,numeric,8,0,checked,1000000,20,8,5,0,0.013459,0.01179
main,baseline,numeric,8,0,checked,1000000,20,8,5,0,0.013993,0.012145
main,baseline,numeric,8,0,checked,1000000,20,8,6,1,0.014768,0.011336
main,control,numeric,8,0,checked,1000000,20,8,6,1,0.011806,0.010674
main,candidate,numeric,8,0,checked,1000000,20,8,6,1,0.0115,0.011129
main,baseline,mixed,8,1,identity,1000000,20,8,0,0,0.025716,0.029578
main,control,mixed,8,1,identity,1000000,20,8,0,0,0.023631,0.025626
main,candidate,mixed,8,1,identity,1000000,20,8,0,0,0.023044,0.025573
main,candidate,mixed,8,1,identity,1000000,20,8,1,0,0.02303,0.024079
main,control,mixed,8,1,identity,1000000,20,8,1,0,0.023795,0.024559
main,baseline,mixed,8,1,identity,1000000,20,8,1,0,0.025766,0.025631
main,baseline,mixed,8,1,identity,1000000,20,8,2,0,0.026077,0.026935
main,control,mixed,8,1,identity,1000000,20,8,2,0,0.023167,0.024659
main,candidate,mixed,8,1,identity,1000000,20,8,2,0,0.023408,0.024207
main,candidate,mixed,8,1,identity,1000000,20,8,3,0,0.022233,0.024739
main,control,mixed,8,1,identity,1000000,20,8,3,0,0.023824,0.024078
main,baseline,mixed,8,1,identity,1000000,20,8,3,0,0.026208,0.025764
main,baseline,mixed,8,1,identity,1000000,20,8,4,0,0.025697,0.026389
main,control,mixed,8,1,identity,1000000,20,8,4,0,0.023275,0.025356
main,candidate,mixed,8,1,identity,1000000,20,8,4,0,0.023873,0.024418
main,candidate,mixed,8,1,identity,1000000,20,8,5,0,0.022086,0.024612
main,control,mixed,8,1,identity,1000000,20,8,5,0,0.023391,0.024468
main,baseline,mixed,8,1,identity,1000000,20,8,5,0,0.025908,0.027071
main,baseline,mixed,8,1,identity,1000000,20,8,6,1,0.025688,0.026678
main,control,mixed,8,1,identity,1000000,20,8,6,1,0.023835,0.0241
main,candidate,mixed,8,1,identity,1000000,20,8,6,1,0.021941,0.024985
main,baseline,mixed,8,1,sorted,1000000,20,8,0,0,0.028072,0.057471
main,control,mixed,8,1,sorted,1000000,20,8,0,0,0.023419,0.055114
main,candidate,mixed,8,1,sorted,1000000,20,8,0,0,0.022952,0.054312
main,candidate,mixed,8,1,sorted,1000000,20,8,1,0,0.021875,0.056637
main,control,mixed,8,1,sorted,1000000,20,8,1,0,0.023232,0.054098
main,baseline,mixed,8,1,sorted,1000000,20,8,1,0,0.025829,0.052904
main,baseline,mixed,8,1,sorted,1000000,20,8,2,0,0.025295,0.053615
main,control,mixed,8,1,sorted,1000000,20,8,2,0,0.022954,0.052926
main,candidate,mixed,8,1,sorted,1000000,20,8,2,0,0.023006,0.055547
main,candidate,mixed,8,1,sorted,1000000,20,8,3,0,0.022992,0.052807
main,control,mixed,8,1,sorted,1000000,20,8,3,0,0.023098,0.051576
main,baseline,mixed,8,1,sorted,1000000,20,8,3,0,0.025426,0.053042
main,baseline,mixed,8,1,sorted,1000000,20,8,4,0,0.025671,0.052686
main,control,mixed,8,1,sorted,1000000,20,8,4,0,0.022937,0.053696
main,candidate,mixed,8,1,sorted,1000000,20,8,4,0,0.021898,0.051825
main,candidate,mixed,8,1,sorted,1000000,20,8,5,0,0.023147,0.051991
main,control,mixed,8,1,sorted,1000000,20,8,5,0,0.023083,0.055337
main,baseline,mixed,8,1,sorted,1000000,20,8,5,0,0.024962,0.055676
main,baseline,mixed,8,1,sorted,1000000,20,8,6,1,0.025595,0.056294
main,control,mixed,8,1,sorted,1000000,20,8,6,1,0.022828,0.05261
main,candidate,mixed,8,1,sorted,1000000,20,8,6,1,0.022273,0.057577
main,baseline,mixed,8,1,scattered,1000000,20,8,0,0,0.025853,0.049897
main,control,mixed,8,1,scattered,1000000,20,8,0,0,0.025427,0.03904
main,candidate,mixed,8,1,scattered,1000000,20,8,0,0,0.023062,0.035898
main,candidate,mixed,8,1,scattered,1000000,20,8,1,0,0.022104,0.035722
main,control,mixed,8,1,scattered,1000000,20,8,1,0,0.025419,0.040178
main,baseline,mixed,8,1,scattered,1000000,20,8,1,0,0.027085,0.052408
main,baseline,mixed,8,1,scattered,1000000,20,8,2,0,0.028261,0.050144
main,control,mixed,8,1,scattered,1000000,20,8,2,0,0.026187,0.037915
main,candidate,mixed,8,1,scattered,1000000,20,8,2,0,0.023726,0.038583
main,candidate,mixed,8,1,scattered,1000000,20,8,3,0,0.022014,0.038418
main,control,mixed,8,1,scattered,1000000,20,8,3,0,0.027522,0.040933
main,baseline,mixed,8,1,scattered,1000000,20,8,3,0,0.027053,0.052044
main,baseline,mixed,8,1,scattered,1000000,20,8,4,0,0.026321,0.054493
main,control,mixed,8,1,scattered,1000000,20,8,4,0,0.025526,0.04132
main,candidate,mixed,8,1,scattered,1000000,20,8,4,0,0.023215,0.038702
main,candidate,mixed,8,1,scattered,1000000,20,8,5,0,0.022202,0.040808
main,control,mixed,8,1,scattered,1000000,20,8,5,0,0.024392,0.040071
main,baseline,mixed,8,1,scattered,1000000,20,8,5,0,0.025837,0.051098
main,baseline,mixed,8,1,scattered,1000000,20,8,6,1,0.027707,0.054032
main,control,mixed,8,1,scattered,1000000,20,8,6,1,0.027043,0.043223
main,candidate,mixed,8,1,scattered,1000000,20,8,6,1,0.029265,0.052946
main,baseline,mixed,8,1,filtered,666667,20,8,0,0,0.066269,0.074779
main,control,mixed,8,1,filtered,666667,20,8,0,0,0.052122,0.075341
main,candidate,mixed,8,1,filtered,666667,20,8,0,0,0.048379,0.030449
main,candidate,mixed,8,1,filtered,666667,20,8,1,0,0.045336,0.033939
main,control,mixed,8,1,filtered,666667,20,8,1,0,0.052924,0.07184
main,baseline,mixed,8,1,filtered,666667,20,8,1,0,0.065875,0.071912
main,baseline,mixed,8,1,filtered,666667,20,8,2,0,0.065693,0.071453
main,control,mixed,8,1,filtered,666667,20,8,2,0,0.046153,0.076238
main,candidate,mixed,8,1,filtered,666667,20,8,2,0,0.041766,0.030319
main,candidate,mixed,8,1,filtered,666667,20,8,3,0,0.043128,0.029487
main,control,mixed,8,1,filtered,666667,20,8,3,0,0.088948,0.128613
main,baseline,mixed,8,1,filtered,666667,20,8,3,0,0.06396,0.073695
main,baseline,mixed,8,1,filtered,666667,20,8,4,0,0.05714,0.073514
main,control,mixed,8,1,filtered,666667,20,8,4,0,0.043637,0.072159
main,candidate,mixed,8,1,filtered,666667,20,8,4,0,0.041023,0.028889
main,candidate,mixed,8,1,filtered,666667,20,8,5,0,0.04084,0.029437
main,control,mixed,8,1,filtered,666667,20,8,5,0,0.043753,0.071851
main,baseline,mixed,8,1,filtered,666667,20,8,5,0,0.059047,0.071405
main,baseline,mixed,8,1,filtered,666667,20,8,6,1,0.06206,0.077185
main,control,mixed,8,1,filtered,666667,20,8,6,1,0.043242,0.070718
main,candidate,mixed,8,1,filtered,666667,20,8,6,1,0.047012,0.030792
main,baseline,mixed,8,1,checked,1000000,20,8,0,0,0.03029,0.028475
main,control,mixed,8,1,checked,1000000,20,8,0,0,0.029089,0.031757
main,candidate,mixed,8,1,checked,1000000,20,8,0,0,0.026794,0.027447
main,candidate,mixed,8,1,checked,1000000,20,8,1,0,0.026862,0.027195
main,control,mixed,8,1,checked,1000000,20,8,1,0,0.026515,0.027649
main,baseline,mixed,8,1,checked,1000000,20,8,1,0,0.029313,0.02994
main,baseline,mixed,8,1,checked,1000000,20,8,2,0,0.030156,0.028495
main,control,mixed,8,1,checked,1000000,20,8,2,0,0.032151,0.027511
main,candidate,mixed,8,1,checked,1000000,20,8,2,0,0.026535,0.025499
main,candidate,mixed,8,1,checked,1000000,20,8,3,0,0.02693,0.027765
main,control,mixed,8,1,checked,1000000,20,8,3,0,0.028112,0.029215
main,baseline,mixed,8,1,checked,1000000,20,8,3,0,0.030983,0.028551
main,baseline,mixed,8,1,checked,1000000,20,8,4,0,0.030506,0.028918
main,control,mixed,8,1,checked,1000000,20,8,4,0,0.027381,0.027588
main,candidate,mixed,8,1,checked,1000000,20,8,4,0,0.027087,0.02639
main,candidate,mixed,8,1,checked,1000000,20,8,5,0,0.02524,0.025788
main,control,mixed,8,1,checked,1000000,20,8,5,0,0.027344,0.027087
main,baseline,mixed,8,1,checked,1000000,20,8,5,0,0.028833,0.027162
main,baseline,mixed,8,1,checked,1000000,20,8,6,1,0.028358,0.026001
main,control,mixed,8,1,checked,1000000,20,8,6,1,0.024603,0.026285
main,candidate,mixed,8,1,checked,1000000,20,8,6,1,0.024016,0.025294
main,baseline,mixed,8,0,identity,1000000,20,8,0,0,0.051544,0.021299
main,control,mixed,8,0,identity,1000000,20,8,0,0,0.02606,0.021293
main,candidate,mixed,8,0,identity,1000000,20,8,0,0,0.028468,0.01968
main,candidate,mixed,8,0,identity,1000000,20,8,1,0,0.029047,0.021066
main,control,mixed,8,0,identity,1000000,20,8,1,0,0.027033,0.020208
main,baseline,mixed,8,0,identity,1000000,20,8,1,0,0.066467,0.021512
main,baseline,mixed,8,0,identity,1000000,20,8,2,0,0.046917,0.021555
main,control,mixed,8,0,identity,1000000,20,8,2,0,0.026529,0.021419
main,candidate,mixed,8,0,identity,1000000,20,8,2,0,0.024988,0.020998
main,candidate,mixed,8,0,identity,1000000,20,8,3,0,0.030128,0.021527
main,control,mixed,8,0,identity,1000000,20,8,3,0,0.027461,0.022782
main,baseline,mixed,8,0,identity,1000000,20,8,3,0,0.054309,0.021921
main,baseline,mixed,8,0,identity,1000000,20,8,4,0,0.041137,0.021429
main,control,mixed,8,0,identity,1000000,20,8,4,0,0.026813,0.022246
main,candidate,mixed,8,0,identity,1000000,20,8,4,0,0.029583,0.020634
main,candidate,mixed,8,0,identity,1000000,20,8,5,0,0.027532,0.020065
main,control,mixed,8,0,identity,1000000,20,8,5,0,0.027331,0.022193
main,baseline,mixed,8,0,identity,1000000,20,8,5,0,0.041398,0.020599
main,baseline,mixed,8,0,identity,1000000,20,8,6,1,0.080389,0.024796
main,control,mixed,8,0,identity,1000000,20,8,6,1,0.025228,0.021891
main,candidate,mixed,8,0,identity,1000000,20,8,6,1,0.024898,0.021174
main,baseline,mixed,8,0,sorted,1000000,20,8,0,0,0.036013,0.065381
main,control,mixed,8,0,sorted,1000000,20,8,0,0,0.026657,0.065514
main,candidate,mixed,8,0,sorted,1000000,20,8,0,0,0.031511,0.070643
main,candidate,mixed,8,0,sorted,1000000,20,8,1,0,0.030906,0.070716
main,control,mixed,8,0,sorted,1000000,20,8,1,0,0.025864,0.06343
main,baseline,mixed,8,0,sorted,1000000,20,8,1,0,0.058974,0.066356
main,baseline,mixed,8,0,sorted,1000000,20,8,2,0,0.034101,0.064747
main,control,mixed,8,0,sorted,1000000,20,8,2,0,0.025262,0.063984
main,candidate,mixed,8,0,sorted,1000000,20,8,2,0,0.026474,0.062339
main,candidate,mixed,8,0,sorted,1000000,20,8,3,0,0.027977,0.065686
main,control,mixed,8,0,sorted,1000000,20,8,3,0,0.026442,0.065609
main,baseline,mixed,8,0,sorted,1000000,20,8,3,0,0.048853,0.066442
main,baseline,mixed,8,0,sorted,1000000,20,8,4,0,0.045819,0.066475
main,control,mixed,8,0,sorted,1000000,20,8,4,0,0.026556,0.067272
main,candidate,mixed,8,0,sorted,1000000,20,8,4,0,0.030513,0.064387
main,candidate,mixed,8,0,sorted,1000000,20,8,5,0,0.02953,0.070016
main,control,mixed,8,0,sorted,1000000,20,8,5,0,0.026922,0.068332
main,baseline,mixed,8,0,sorted,1000000,20,8,5,0,0.037425,0.06316
main,baseline,mixed,8,0,sorted,1000000,20,8,6,1,0.037203,0.06389
main,control,mixed,8,0,sorted,1000000,20,8,6,1,0.023332,0.061176
main,candidate,mixed,8,0,sorted,1000000,20,8,6,1,0.022388,0.061272
main,baseline,mixed,8,0,scattered,1000000,20,8,0,0,0.033588,0.029514
main,control,mixed,8,0,scattered,1000000,20,8,0,0,0.024122,0.028307
main,candidate,mixed,8,0,scattered,1000000,20,8,0,0,0.026821,0.028133
main,candidate,mixed,8,0,scattered,1000000,20,8,1,0,0.028848,0.030113
main,control,mixed,8,0,scattered,1000000,20,8,1,0,0.024817,0.031478
main,baseline,mixed,8,0,scattered,1000000,20,8,1,0,0.047835,0.029735
main,baseline,mixed,8,0,scattered,1000000,20,8,2,0,0.046248,0.029903
main,control,mixed,8,0,scattered,1000000,20,8,2,0,0.026742,0.02968
main,candidate,mixed,8,0,scattered,1000000,20,8,2,0,0.027114,0.029489
main,candidate,mixed,8,0,scattered,1000000,20,8,3,0,0.027777,0.027272
main,control,mixed,8,0,scattered,1000000,20,8,3,0,0.025544,0.029407
main,baseline,mixed,8,0,scattered,1000000,20,8,3,0,0.027754,0.028981
main,baseline,mixed,8,0,scattered,1000000,20,8,4,0,0.041813,0.029302
main,control,mixed,8,0,scattered,1000000,20,8,4,0,0.024914,0.028126
main,candidate,mixed,8,0,scattered,1000000,20,8,4,0,0.025289,0.030658
main,candidate,mixed,8,0,scattered,1000000,20,8,5,0,0.028122,0.02881
main,control,mixed,8,0,scattered,1000000,20,8,5,0,0.026074,0.028606
main,baseline,mixed,8,0,scattered,1000000,20,8,5,0,0.033876,0.029345
main,baseline,mixed,8,0,scattered,1000000,20,8,6,1,0.035816,0.028787
main,control,mixed,8,0,scattered,1000000,20,8,6,1,0.026129,0.029117
main,candidate,mixed,8,0,scattered,1000000,20,8,6,1,0.025943,0.029894
main,baseline,mixed,8,0,filtered,666667,20,8,0,0,0.104663,0.067795
main,control,mixed,8,0,filtered,666667,20,8,0,0,0.039765,0.06812
main,candidate,mixed,8,0,filtered,666667,20,8,0,0,0.039825,0.024379
main,candidate,mixed,8,0,filtered,666667,20,8,1,0,0.039507,0.025368
main,control,mixed,8,0,filtered,666667,20,8,1,0,0.040676,0.068087
main,baseline,mixed,8,0,filtered,666667,20,8,1,0,0.087942,0.067853
main,baseline,mixed,8,0,filtered,666667,20,8,2,0,0.104191,0.067224
main,control,mixed,8,0,filtered,666667,20,8,2,0,0.041269,0.068036
main,candidate,mixed,8,0,filtered,666667,20,8,2,0,0.039564,0.023679
main,candidate,mixed,8,0,filtered,666667,20,8,3,0,0.039309,0.024344
main,control,mixed,8,0,filtered,666667,20,8,3,0,0.044617,0.068923
main,baseline,mixed,8,0,filtered,666667,20,8,3,0,0.102752,0.069789
main,baseline,mixed,8,0,filtered,666667,20,8,4,0,0.114715,0.069419
main,control,mixed,8,0,filtered,666667,20,8,4,0,0.043432,0.067739
main,candidate,mixed,8,0,filtered,666667,20,8,4,0,0.039794,0.024512
main,candidate,mixed,8,0,filtered,666667,20,8,5,0,0.0415,0.027831
main,control,mixed,8,0,filtered,666667,20,8,5,0,0.045741,0.068465
main,baseline,mixed,8,0,filtered,666667,20,8,5,0,0.101267,0.068643
main,baseline,mixed,8,0,filtered,666667,20,8,6,1,0.080243,0.067945
main,control,mixed,8,0,filtered,666667,20,8,6,1,0.043477,0.068656
main,candidate,mixed,8,0,filtered,666667,20,8,6,1,0.039864,0.028423
main,baseline,mixed,8,0,checked,1000000,20,8,0,0,0.051368,0.019053
main,control,mixed,8,0,checked,1000000,20,8,0,0,0.024655,0.019664
main,candidate,mixed,8,0,checked,1000000,20,8,0,0,0.024036,0.019471
main,candidate,mixed,8,0,checked,1000000,20,8,1,0,0.023781,0.019358
main,control,mixed,8,0,checked,1000000,20,8,1,0,0.026123,0.020983
main,baseline,mixed,8,0,checked,1000000,20,8,1,0,0.044354,0.019253
main,baseline,mixed,8,0,checked,1000000,20,8,2,0,0.036524,0.022163
main,control,mixed,8,0,checked,1000000,20,8,2,0,0.026522,0.020384
main,candidate,mixed,8,0,checked,1000000,20,8,2,0,0.024928,0.019927
main,candidate,mixed,8,0,checked,1000000,20,8,3,0,0.025332,0.021435
main,control,mixed,8,0,checked,1000000,20,8,3,0,0.027144,0.020147
main,baseline,mixed,8,0,checked,1000000,20,8,3,0,0.040203,0.018913
main,baseline,mixed,8,0,checked,1000000,20,8,4,0,0.02796,0.019795
main,control,mixed,8,0,checked,1000000,20,8,4,0,0.025513,0.021323
main,candidate,mixed,8,0,checked,1000000,20,8,4,0,0.029424,0.02055
main,candidate,mixed,8,0,checked,1000000,20,8,5,0,0.031221,0.019946
main,control,mixed,8,0,checked,1000000,20,8,5,0,0.027264,0.021263
main,baseline,mixed,8,0,checked,1000000,20,8,5,0,0.037121,0.020293
main,baseline,mixed,8,0,checked,1000000,20,8,6,1,0.045889,0.019801
main,control,mixed,8,0,checked,1000000,20,8,6,1,0.023936,0.018575
main,candidate,mixed,8,0,checked,1000000,20,8,6,1,0.022984,0.018977
main,baseline,mixed,32,1,identity,1000000,20,8,0,0,0.088064,0.059272
main,control,mixed,32,1,identity,1000000,20,8,0,0,0.055391,0.050773
main,candidate,mixed,32,1,identity,1000000,20,8,0,0,0.025477,0.025988
main,candidate,mixed,32,1,identity,1000000,20,8,1,0,0.025758,0.02761
main,control,mixed,32,1,identity,1000000,20,8,1,0,0.071505,0.049439
main,baseline,mixed,32,1,identity,1000000,20,8,1,0,0.081959,0.062721
main,baseline,mixed,32,1,identity,1000000,20,8,2,0,0.090331,0.061516
main,control,mixed,32,1,identity,1000000,20,8,2,0,0.078651,0.050789
main,candidate,mixed,32,1,identity,1000000,20,8,2,0,0.026432,0.025668
main,candidate,mixed,32,1,identity,1000000,20,8,3,0,0.027496,0.027007
main,control,mixed,32,1,identity,1000000,20,8,3,0,0.076009,0.051584
main,baseline,mixed,32,1,identity,1000000,20,8,3,0,0.07911,0.058973
main,baseline,mixed,32,1,identity,1000000,20,8,4,0,0.090967,0.069834
main,control,mixed,32,1,identity,1000000,20,8,4,0,0.101052,0.051524
main,candidate,mixed,32,1,identity,1000000,20,8,4,0,0.025289,0.027056
main,candidate,mixed,32,1,identity,1000000,20,8,5,0,0.027116,0.028803
main,control,mixed,32,1,identity,1000000,20,8,5,0,0.076492,0.050217
main,baseline,mixed,32,1,identity,1000000,20,8,5,0,0.077205,0.06118
main,baseline,mixed,32,1,identity,1000000,20,8,6,1,0.071241,0.061567
main,control,mixed,32,1,identity,1000000,20,8,6,1,0.054409,0.054187
main,candidate,mixed,32,1,identity,1000000,20,8,6,1,0.026408,0.026704
main,baseline,mixed,32,1,sorted,1000000,20,8,0,0,0.07355,0.09235
main,control,mixed,32,1,sorted,1000000,20,8,0,0,0.059815,0.093974
main,candidate,mixed,32,1,sorted,1000000,20,8,0,0,0.025458,0.057675
main,candidate,mixed,32,1,sorted,1000000,20,8,1,0,0.026418,0.05802
main,control,mixed,32,1,sorted,1000000,20,8,1,0,0.060421,0.094501
main,baseline,mixed,32,1,sorted,1000000,20,8,1,0,0.076914,0.098418
main,baseline,mixed,32,1,sorted,1000000,20,8,2,0,0.075357,0.09216
main,control,mixed,32,1,sorted,1000000,20,8,2,0,0.073729,0.099351
main,candidate,mixed,32,1,sorted,1000000,20,8,2,0,0.031631,0.057631
main,candidate,mixed,32,1,sorted,1000000,20,8,3,0,0.026764,0.057324
main,control,mixed,32,1,sorted,1000000,20,8,3,0,0.06836,0.094124
main,baseline,mixed,32,1,sorted,1000000,20,8,3,0,0.055486,0.099098
main,baseline,mixed,32,1,sorted,1000000,20,8,4,0,0.070695,0.094419
main,control,mixed,32,1,sorted,1000000,20,8,4,0,0.065084,0.09239
main,candidate,mixed,32,1,sorted,1000000,20,8,4,0,0.026111,0.058845
main,candidate,mixed,32,1,sorted,1000000,20,8,5,0,0.02724,0.057252
main,control,mixed,32,1,sorted,1000000,20,8,5,0,0.073251,0.093361
main,baseline,mixed,32,1,sorted,1000000,20,8,5,0,0.072306,0.092795
main,baseline,mixed,32,1,sorted,1000000,20,8,6,1,0.077205,0.093589
main,control,mixed,32,1,sorted,1000000,20,8,6,1,0.095013,0.094307
main,candidate,mixed,32,1,sorted,1000000,20,8,6,1,0.027384,0.072426
main,baseline,mixed,32,1,scattered,1000000,20,8,0,0,0.059358,0.106241
main,control,mixed,32,1,scattered,1000000,20,8,0,0,0.13364,0.086967
main,candidate,mixed,32,1,scattered,1000000,20,8,0,0,0.040493,0.054788
main,candidate,mixed,32,1,scattered,1000000,20,8,1,0,0.036995,0.064603
main,control,mixed,32,1,scattered,1000000,20,8,1,0,0.095375,0.086395
main,baseline,mixed,32,1,scattered,1000000,20,8,1,0,0.076067,0.10904
main,baseline,mixed,32,1,scattered,1000000,20,8,2,0,0.113402,0.172085
main,control,mixed,32,1,scattered,1000000,20,8,2,0,0.090124,0.084379
main,candidate,mixed,32,1,scattered,1000000,20,8,2,0,0.036404,0.053682
main,candidate,mixed,32,1,scattered,1000000,20,8,3,0,0.032502,0.058505
main,control,mixed,32,1,scattered,1000000,20,8,3,0,0.11307,0.086692
main,baseline,mixed,32,1,scattered,1000000,20,8,3,0,0.092028,0.105603
main,baseline,mixed,32,1,scattered,1000000,20,8,4,0,0.096452,0.10113
main,control,mixed,32,1,scattered,1000000,20,8,4,0,0.076787,0.074098
main,candidate,mixed,32,1,scattered,1000000,20,8,4,0,0.025503,0.050593
main,candidate,mixed,32,1,scattered,1000000,20,8,5,0,0.027347,0.055735
main,control,mixed,32,1,scattered,1000000,20,8,5,0,0.070319,0.072601
main,baseline,mixed,32,1,scattered,1000000,20,8,5,0,0.072269,0.097605
main,baseline,mixed,32,1,scattered,1000000,20,8,6,1,0.07598,0.104325
main,control,mixed,32,1,scattered,1000000,20,8,6,1,0.07242,0.086074
main,candidate,mixed,32,1,scattered,1000000,20,8,6,1,0.035873,0.064768
main,baseline,mixed,32,1,filtered,666667,20,8,0,0,0.104312,0.179366
main,control,mixed,32,1,filtered,666667,20,8,0,0,0.096073,0.195668
main,candidate,mixed,32,1,filtered,666667,20,8,0,0,0.044661,0.047675
main,candidate,mixed,32,1,filtered,666667,20,8,1,0,0.046334,0.050144
main,control,mixed,32,1,filtered,666667,20,8,1,0,0.092462,0.175977
main,baseline,mixed,32,1,filtered,666667,20,8,1,0,0.116881,0.171715
main,baseline,mixed,32,1,filtered,666667,20,8,2,0,0.094894,0.172655
main,control,mixed,32,1,filtered,666667,20,8,2,0,0.068743,0.177399
main,candidate,mixed,32,1,filtered,666667,20,8,2,0,0.03716,0.044738
main,candidate,mixed,32,1,filtered,666667,20,8,3,0,0.039695,0.044886
main,control,mixed,32,1,filtered,666667,20,8,3,0,0.091834,0.171903
main,baseline,mixed,32,1,filtered,666667,20,8,3,0,0.102337,0.169029
main,baseline,mixed,32,1,filtered,666667,20,8,4,0,0.08989,0.170355
main,control,mixed,32,1,filtered,666667,20,8,4,0,0.07819,0.172731
main,candidate,mixed,32,1,filtered,666667,20,8,4,0,0.040461,0.046132
main,candidate,mixed,32,1,filtered,666667,20,8,5,0,0.041443,0.045093
main,control,mixed,32,1,filtered,666667,20,8,5,0,0.090139,0.171882
main,baseline,mixed,32,1,filtered,666667,20,8,5,0,0.101023,0.172245
main,baseline,mixed,32,1,filtered,666667,20,8,6,1,0.090802,0.172458
main,control,mixed,32,1,filtered,666667,20,8,6,1,0.09262,0.173784
main,candidate,mixed,32,1,filtered,666667,20,8,6,1,0.037038,0.041279
main,baseline,mixed,32,1,checked,1000000,20,8,0,0,0.090707,0.061837
main,control,mixed,32,1,checked,1000000,20,8,0,0,0.078166,0.051961
main,candidate,mixed,32,1,checked,1000000,20,8,0,0,0.030794,0.032138
main,candidate,mixed,32,1,checked,1000000,20,8,1,0,0.036259,0.032691
main,control,mixed,32,1,checked,1000000,20,8,1,0,0.090739,0.056902
main,baseline,mixed,32,1,checked,1000000,20,8,1,0,0.073331,0.06609
main,baseline,mixed,32,1,checked,1000000,20,8,2,0,0.078674,0.061394
main,control,mixed,32,1,checked,1000000,20,8,2,0,0.06129,0.051193
main,candidate,mixed,32,1,checked,1000000,20,8,2,0,0.035324,0.030287
main,candidate,mixed,32,1,checked,1000000,20,8,3,0,0.030242,0.0296
main,control,mixed,32,1,checked,1000000,20,8,3,0,0.071316,0.052399
main,baseline,mixed,32,1,checked,1000000,20,8,3,0,0.082457,0.064875
main,baseline,mixed,32,1,checked,1000000,20,8,4,0,0.074024,0.068812
main,control,mixed,32,1,checked,1000000,20,8,4,0,0.078461,0.055735
main,candidate,mixed,32,1,checked,1000000,20,8,4,0,0.034941,0.03251
main,candidate,mixed,32,1,checked,1000000,20,8,5,0,0.032598,0.031161
main,control,mixed,32,1,checked,1000000,20,8,5,0,0.059025,0.052673
main,baseline,mixed,32,1,checked,1000000,20,8,5,0,0.079085,0.061681
main,baseline,mixed,32,1,checked,1000000,20,8,6,1,0.077879,0.067364
main,control,mixed,32,1,checked,1000000,20,8,6,1,0.073201,0.051279
main,candidate,mixed,32,1,checked,1000000,20,8,6,1,0.031624,0.031697
main,baseline,mixed,32,0,identity,1000000,20,8,0,0,0.098487,0.050863
main,control,mixed,32,0,identity,1000000,20,8,0,0,0.09496,0.051303
main,candidate,mixed,32,0,identity,1000000,20,8,0,0,0.086301,0.058723
main,candidate,mixed,32,0,identity,1000000,20,8,1,0,0.07043,0.057852
main,control,mixed,32,0,identity,1000000,20,8,1,0,0.101984,0.051242
main,baseline,mixed,32,0,identity,1000000,20,8,1,0,0.088311,0.051447
main,baseline,mixed,32,0,identity,1000000,20,8,2,0,0.112854,0.051035
main,control,mixed,32,0,identity,1000000,20,8,2,0,0.055346,0.054854
main,candidate,mixed,32,0,identity,1000000,20,8,2,0,0.078053,0.052606
main,candidate,mixed,32,0,identity,1000000,20,8,3,0,0.084298,0.05206
main,control,mixed,32,0,identity,1000000,20,8,3,0,0.088889,0.051239
main,baseline,mixed,32,0,identity,1000000,20,8,3,0,0.090793,0.05327
main,baseline,mixed,32,0,identity,1000000,20,8,4,0,0.101857,0.052094
main,control,mixed,32,0,identity,1000000,20,8,4,0,0.075668,0.051551
main,candidate,mixed,32,0,identity,1000000,20,8,4,0,0.076112,0.052
main,candidate,mixed,32,0,identity,1000000,20,8,5,0,0.05458,0.051736
main,control,mixed,32,0,identity,1000000,20,8,5,0,0.096787,0.055398
main,baseline,mixed,32,0,identity,1000000,20,8,5,0,0.10501,0.056022
main,baseline,mixed,32,0,identity,1000000,20,8,6,1,0.096679,0.052839
main,control,mixed,32,0,identity,1000000,20,8,6,1,0.076318,0.051551
main,candidate,mixed,32,0,identity,1000000,20,8,6,1,0.095842,0.050329
main,baseline,mixed,32,0,sorted,1000000,20,8,0,0,0.095345,0.108674
main,control,mixed,32,0,sorted,1000000,20,8,0,0,0.062675,0.110666
main,candidate,mixed,32,0,sorted,1000000,20,8,0,0,0.075741,0.109097
main,candidate,mixed,32,0,sorted,1000000,20,8,1,0,0.0761,0.109168
main,control,mixed,32,0,sorted,1000000,20,8,1,0,0.076588,0.110137
main,baseline,mixed,32,0,sorted,1000000,20,8,1,0,0.089052,0.107877
main,baseline,mixed,32,0,sorted,1000000,20,8,2,0,0.101516,0.110749
main,control,mixed,32,0,sorted,1000000,20,8,2,0,0.073343,0.109559
main,candidate,mixed,32,0,sorted,1000000,20,8,2,0,0.090834,0.109693
main,candidate,mixed,32,0,sorted,1000000,20,8,3,0,0.077792,0.109316
main,control,mixed,32,0,sorted,1000000,20,8,3,0,0.075528,0.108287
main,baseline,mixed,32,0,sorted,1000000,20,8,3,0,0.109365,0.110517
main,baseline,mixed,32,0,sorted,1000000,20,8,4,0,0.102735,0.107679
main,control,mixed,32,0,sorted,1000000,20,8,4,0,0.053892,0.112318
main,candidate,mixed,32,0,sorted,1000000,20,8,4,0,0.070288,0.111159
main,candidate,mixed,32,0,sorted,1000000,20,8,5,0,0.072928,0.113396
main,control,mixed,32,0,sorted,1000000,20,8,5,0,0.095677,0.122232
main,baseline,mixed,32,0,sorted,1000000,20,8,5,0,0.134651,0.117431
main,baseline,mixed,32,0,sorted,1000000,20,8,6,1,0.109131,0.114078
main,control,mixed,32,0,sorted,1000000,20,8,6,1,0.055364,0.117682
main,candidate,mixed,32,0,sorted,1000000,20,8,6,1,0.100362,0.109761
main,baseline,mixed,32,0,scattered,1000000,20,8,0,0,0.082698,0.073149
main,control,mixed,32,0,scattered,1000000,20,8,0,0,0.080789,0.07426
main,candidate,mixed,32,0,scattered,1000000,20,8,0,0,0.075478,0.072972
main,candidate,mixed,32,0,scattered,1000000,20,8,1,0,0.075734,0.070828
main,control,mixed,32,0,scattered,1000000,20,8,1,0,0.089609,0.077385
main,baseline,mixed,32,0,scattered,1000000,20,8,1,0,0.098695,0.075448
main,baseline,mixed,32,0,scattered,1000000,20,8,2,0,0.083598,0.076248
main,control,mixed,32,0,scattered,1000000,20,8,2,0,0.060435,0.07124
main,candidate,mixed,32,0,scattered,1000000,20,8,2,0,0.0872,0.072936
main,candidate,mixed,32,0,scattered,1000000,20,8,3,0,0.076349,0.070813
main,control,mixed,32,0,scattered,1000000,20,8,3,0,0.071631,0.073451
main,baseline,mixed,32,0,scattered,1000000,20,8,3,0,0.09625,0.07152
main,baseline,mixed,32,0,scattered,1000000,20,8,4,0,0.085406,0.078665
main,control,mixed,32,0,scattered,1000000,20,8,4,0,0.075894,0.073445
main,candidate,mixed,32,0,scattered,1000000,20,8,4,0,0.085488,0.07322
main,candidate,mixed,32,0,scattered,1000000,20,8,5,0,0.082927,0.071697
main,control,mixed,32,0,scattered,1000000,20,8,5,0,0.055643,0.075699
main,baseline,mixed,32,0,scattered,1000000,20,8,5,0,0.107091,0.071524
main,baseline,mixed,32,0,scattered,1000000,20,8,6,1,0.090446,0.078357
main,control,mixed,32,0,scattered,1000000,20,8,6,1,0.064039,0.070076
main,candidate,mixed,32,0,scattered,1000000,20,8,6,1,0.077634,0.078463
main,baseline,mixed,32,0,filtered,666667,20,8,0,0,0.107773,0.180548
main,control,mixed,32,0,filtered,666667,20,8,0,0,0.0959,0.173599
main,candidate,mixed,32,0,filtered,666667,20,8,0,0,0.087069,0.043321
main,candidate,mixed,32,0,filtered,666667,20,8,1,0,0.08735,0.042282
main,control,mixed,32,0,filtered,666667,20,8,1,0,0.07414,0.175364
main,baseline,mixed,32,0,filtered,666667,20,8,1,0,0.103851,0.173412
main,baseline,mixed,32,0,filtered,666667,20,8,2,0,0.104213,0.169341
main,control,mixed,32,0,filtered,666667,20,8,2,0,0.071208,0.175217
main,candidate,mixed,32,0,filtered,666667,20,8,2,0,0.0871,0.04217
main,candidate,mixed,32,0,filtered,666667,20,8,3,0,0.097349,0.040363
main,control,mixed,32,0,filtered,666667,20,8,3,0,0.077081,0.176352
main,baseline,mixed,32,0,filtered,666667,20,8,3,0,0.113686,0.169599
main,baseline,mixed,32,0,filtered,666667,20,8,4,0,0.117763,0.170974
main,control,mixed,32,0,filtered,666667,20,8,4,0,0.08668,0.17429
main,candidate,mixed,32,0,filtered,666667,20,8,4,0,0.087536,0.043214
main,candidate,mixed,32,0,filtered,666667,20,8,5,0,0.086851,0.042756
main,control,mixed,32,0,filtered,666667,20,8,5,0,0.087598,0.170772
main,baseline,mixed,32,0,filtered,666667,20,8,5,0,0.107265,0.173627
main,baseline,mixed,32,0,filtered,666667,20,8,6,1,0.103732,0.170684
main,control,mixed,32,0,filtered,666667,20,8,6,1,0.087902,0.213802
main,candidate,mixed,32,0,filtered,666667,20,8,6,1,0.091049,0.045412
main,baseline,mixed,32,0,checked,1000000,20,8,0,0,0.097807,0.050177
main,control,mixed,32,0,checked,1000000,20,8,0,0,0.086827,0.050877
main,candidate,mixed,32,0,checked,1000000,20,8,0,0,0.074234,0.051617
main,candidate,mixed,32,0,checked,1000000,20,8,1,0,0.061573,0.051126
main,control,mixed,32,0,checked,1000000,20,8,1,0,0.077405,0.053702
main,baseline,mixed,32,0,checked,1000000,20,8,1,0,0.055483,0.052466
main,baseline,mixed,32,0,checked,1000000,20,8,2,0,0.080652,0.050919
main,control,mixed,32,0,checked,1000000,20,8,2,0,0.076064,0.049992
main,candidate,mixed,32,0,checked,1000000,20,8,2,0,0.055941,0.051254
main,candidate,mixed,32,0,checked,1000000,20,8,3,0,0.094842,0.056239
main,control,mixed,32,0,checked,1000000,20,8,3,0,0.093307,0.050805
main,baseline,mixed,32,0,checked,1000000,20,8,3,0,0.105193,0.050583
main,baseline,mixed,32,0,checked,1000000,20,8,4,0,0.093499,0.050772
main,control,mixed,32,0,checked,1000000,20,8,4,0,0.092091,0.050882
main,candidate,mixed,32,0,checked,1000000,20,8,4,0,0.075637,0.050585
main,candidate,mixed,32,0,checked,1000000,20,8,5,0,0.072044,0.051005
main,control,mixed,32,0,checked,1000000,20,8,5,0,0.064115,0.050853
main,baseline,mixed,32,0,checked,1000000,20,8,5,0,0.095128,0.051181
main,baseline,mixed,32,0,checked,1000000,20,8,6,1,0.08973,0.054558
main,control,mixed,32,0,checked,1000000,20,8,6,1,0.064445,0.053165
main,candidate,mixed,32,0,checked,1000000,20,8,6,1,0.05997,0.050986
main,baseline,mixed,244,1,identity,1000000,20,8,0,0,0.33035,0.406165
main,control,mixed,244,1,identity,1000000,20,8,0,0,0.318795,0.330483
main,candidate,mixed,244,1,identity,1000000,20,8,0,0,0.105701,0.173587
main,candidate,mixed,244,1,identity,1000000,20,8,1,0,0.105403,0.173128
main,control,mixed,244,1,identity,1000000,20,8,1,0,0.318393,0.330102
main,baseline,mixed,244,1,identity,1000000,20,8,1,0,0.310845,0.378852
main,baseline,mixed,244,1,identity,1000000,20,8,2,0,0.310178,0.377918
main,control,mixed,244,1,identity,1000000,20,8,2,0,0.319771,0.33626
main,candidate,mixed,244,1,identity,1000000,20,8,2,0,0.104523,0.17483
main,candidate,mixed,244,1,identity,1000000,20,8,3,0,0.107673,0.174456
main,control,mixed,244,1,identity,1000000,20,8,3,0,0.320529,0.329402
main,baseline,mixed,244,1,identity,1000000,20,8,3,0,0.323014,0.379339
main,baseline,mixed,244,1,identity,1000000,20,8,4,0,0.31104,0.37736
main,control,mixed,244,1,identity,1000000,20,8,4,0,0.316221,0.333792
main,candidate,mixed,244,1,identity,1000000,20,8,4,0,0.104812,0.176475
main,candidate,mixed,244,1,identity,1000000,20,8,5,0,0.10986,0.172844
main,control,mixed,244,1,identity,1000000,20,8,5,0,0.318536,0.330417
main,baseline,mixed,244,1,identity,1000000,20,8,5,0,0.31818,0.379095
main,baseline,mixed,244,1,identity,1000000,20,8,6,1,0.324297,0.382624
main,control,mixed,244,1,identity,1000000,20,8,6,1,0.323975,0.330719
main,candidate,mixed,244,1,identity,1000000,20,8,6,1,0.108652,0.179994
main,baseline,mixed,244,1,sorted,1000000,20,8,0,0,0.316372,0.457201
main,control,mixed,244,1,sorted,1000000,20,8,0,0,0.318641,0.454893
main,candidate,mixed,244,1,sorted,1000000,20,8,0,0,0.104665,0.264581
main,candidate,mixed,244,1,sorted,1000000,20,8,1,0,0.10478,0.262846
main,control,mixed,244,1,sorted,1000000,20,8,1,0,0.320428,0.455117
main,baseline,mixed,244,1,sorted,1000000,20,8,1,0,0.308654,0.456332
main,baseline,mixed,244,1,sorted,1000000,20,8,2,0,0.309138,0.462137
main,control,mixed,244,1,sorted,1000000,20,8,2,0,0.321964,0.45574
main,candidate,mixed,244,1,sorted,1000000,20,8,2,0,0.106051,0.285724
main,candidate,mixed,244,1,sorted,1000000,20,8,3,0,0.107687,0.280022
main,control,mixed,244,1,sorted,1000000,20,8,3,0,0.326201,0.455962
main,baseline,mixed,244,1,sorted,1000000,20,8,3,0,0.308747,0.456537
main,baseline,mixed,244,1,sorted,1000000,20,8,4,0,0.310073,0.456978
main,control,mixed,244,1,sorted,1000000,20,8,4,0,0.319576,0.454799
main,candidate,mixed,244,1,sorted,1000000,20,8,4,0,0.105543,0.267005
main,candidate,mixed,244,1,sorted,1000000,20,8,5,0,0.106545,0.268466
main,control,mixed,244,1,sorted,1000000,20,8,5,0,0.328019,0.456074
main,baseline,mixed,244,1,sorted,1000000,20,8,5,0,0.310266,0.494355
main,baseline,mixed,244,1,sorted,1000000,20,8,6,1,0.349924,0.456187
main,control,mixed,244,1,sorted,1000000,20,8,6,1,0.316662,0.455359
main,candidate,mixed,244,1,sorted,1000000,20,8,6,1,0.106306,0.27577
main,baseline,mixed,244,1,scattered,1000000,20,8,0,0,0.310636,0.498498
main,control,mixed,244,1,scattered,1000000,20,8,0,0,0.317569,0.427286
main,candidate,mixed,244,1,scattered,1000000,20,8,0,0,0.105019,0.274289
main,candidate,mixed,244,1,scattered,1000000,20,8,1,0,0.104945,0.27011
main,control,mixed,244,1,scattered,1000000,20,8,1,0,0.318506,0.428551
main,baseline,mixed,244,1,scattered,1000000,20,8,1,0,0.309625,0.49582
main,baseline,mixed,244,1,scattered,1000000,20,8,2,0,0.309151,0.496881
main,control,mixed,244,1,scattered,1000000,20,8,2,0,0.337114,0.43025
main,candidate,mixed,244,1,scattered,1000000,20,8,2,0,0.105001,0.271967
main,candidate,mixed,244,1,scattered,1000000,20,8,3,0,0.105073,0.270037
main,control,mixed,244,1,scattered,1000000,20,8,3,0,0.31892,0.426099
main,baseline,mixed,244,1,scattered,1000000,20,8,3,0,0.307308,0.508503
main,baseline,mixed,244,1,scattered,1000000,20,8,4,0,0.308311,0.496297
main,control,mixed,244,1,scattered,1000000,20,8,4,0,0.316147,0.426323
main,candidate,mixed,244,1,scattered,1000000,20,8,4,0,0.104257,0.27111
main,candidate,mixed,244,1,scattered,1000000,20,8,5,0,0.104653,0.287409
main,control,mixed,244,1,scattered,1000000,20,8,5,0,0.320698,0.428885
main,baseline,mixed,244,1,scattered,1000000,20,8,5,0,0.310307,0.497709
main,baseline,mixed,244,1,scattered,1000000,20,8,6,1,0.349557,0.49657
main,control,mixed,244,1,scattered,1000000,20,8,6,1,0.321929,0.43108
main,candidate,mixed,244,1,scattered,1000000,20,8,6,1,0.104971,0.276354
main,baseline,mixed,244,1,filtered,666667,20,8,0,0,0.240613,1.122246
main,control,mixed,244,1,filtered,666667,20,8,0,0,0.227397,1.107177
main,candidate,mixed,244,1,filtered,666667,20,8,0,0,0.092531,0.161588
main,candidate,mixed,244,1,filtered,666667,20,8,1,0,0.096245,0.165352
main,control,mixed,244,1,filtered,666667,20,8,1,0,0.228927,1.11151
main,baseline,mixed,244,1,filtered,666667,20,8,1,0,0.240979,1.114061
main,baseline,mixed,244,1,filtered,666667,20,8,2,0,0.25975,1.110078
main,control,mixed,244,1,filtered,666667,20,8,2,0,0.227742,1.10548
main,candidate,mixed,244,1,filtered,666667,20,8,2,0,0.093296,0.156851
main,candidate,mixed,244,1,filtered,666667,20,8,3,0,0.093149,0.157053
main,control,mixed,244,1,filtered,666667,20,8,3,0,0.228603,1.109854
main,baseline,mixed,244,1,filtered,666667,20,8,3,0,0.240248,1.104928
main,baseline,mixed,244,1,filtered,666667,20,8,4,0,0.241315,1.104265
main,control,mixed,244,1,filtered,666667,20,8,4,0,0.243515,1.105788
main,candidate,mixed,244,1,filtered,666667,20,8,4,0,0.0918,0.156807
main,candidate,mixed,244,1,filtered,666667,20,8,5,0,0.092904,0.157339
main,control,mixed,244,1,filtered,666667,20,8,5,0,0.228297,1.115037
main,baseline,mixed,244,1,filtered,666667,20,8,5,0,0.240638,1.105564
main,baseline,mixed,244,1,filtered,666667,20,8,6,1,0.240165,1.103933
main,control,mixed,244,1,filtered,666667,20,8,6,1,0.228141,1.119803
main,candidate,mixed,244,1,filtered,666667,20,8,6,1,0.092648,0.176763
main,baseline,mixed,244,1,checked,1000000,20,8,0,0,0.309008,0.371781
main,control,mixed,244,1,checked,1000000,20,8,0,0,0.317516,0.329134
main,candidate,mixed,244,1,checked,1000000,20,8,0,0,0.107869,0.174055
main,candidate,mixed,244,1,checked,1000000,20,8,1,0,0.105812,0.173697
main,control,mixed,244,1,checked,1000000,20,8,1,0,0.317769,0.328248
main,baseline,mixed,244,1,checked,1000000,20,8,1,0,0.310814,0.374762
main,baseline,mixed,244,1,checked,1000000,20,8,2,0,0.312347,0.378885
main,control,mixed,244,1,checked,1000000,20,8,2,0,0.317003,0.328094
main,candidate,mixed,244,1,checked,1000000,20,8,2,0,0.106591,0.173735
main,candidate,mixed,244,1,checked,1000000,20,8,3,0,0.10629,0.179362
main,control,mixed,244,1,checked,1000000,20,8,3,0,0.344871,0.328836
main,baseline,mixed,244,1,checked,1000000,20,8,3,0,0.309213,0.378633
main,baseline,mixed,244,1,checked,1000000,20,8,4,0,0.308357,0.37796
main,control,mixed,244,1,checked,1000000,20,8,4,0,0.317946,0.33033
main,candidate,mixed,244,1,checked,1000000,20,8,4,0,0.11263,0.182562
main,candidate,mixed,244,1,checked,1000000,20,8,5,0,0.109345,0.175844
main,control,mixed,244,1,checked,1000000,20,8,5,0,0.31706,0.32977
main,baseline,mixed,244,1,checked,1000000,20,8,5,0,0.311077,0.37718
main,baseline,mixed,244,1,checked,1000000,20,8,6,1,0.312032,0.42807
main,control,mixed,244,1,checked,1000000,20,8,6,1,0.316831,0.328179
main,candidate,mixed,244,1,checked,1000000,20,8,6,1,0.109773,0.175199
main,baseline,mixed,244,0,identity,1000000,20,8,0,0,0.366629,0.337677
main,control,mixed,244,0,identity,1000000,20,8,0,0,0.357031,0.334388
main,candidate,mixed,244,0,identity,1000000,20,8,0,0,0.380286,0.336561
main,candidate,mixed,244,0,identity,1000000,20,8,1,0,0.36727,0.347239
main,control,mixed,244,0,identity,1000000,20,8,1,0,0.363042,0.331091
main,baseline,mixed,244,0,identity,1000000,20,8,1,0,0.362231,0.331101
main,baseline,mixed,244,0,identity,1000000,20,8,2,0,0.351482,0.330762
main,control,mixed,244,0,identity,1000000,20,8,2,0,0.390856,0.338841
main,candidate,mixed,244,0,identity,1000000,20,8,2,0,0.358995,0.331731
main,candidate,mixed,244,0,identity,1000000,20,8,3,0,0.341216,0.331354
main,control,mixed,244,0,identity,1000000,20,8,3,0,0.360188,0.331486
main,baseline,mixed,244,0,identity,1000000,20,8,3,0,0.361167,0.333107
main,baseline,mixed,244,0,identity,1000000,20,8,4,0,0.357953,0.33126
main,control,mixed,244,0,identity,1000000,20,8,4,0,0.358216,0.331148
main,candidate,mixed,244,0,identity,1000000,20,8,4,0,0.343178,0.331011
main,candidate,mixed,244,0,identity,1000000,20,8,5,0,0.360028,0.331289
main,control,mixed,244,0,identity,1000000,20,8,5,0,0.354781,0.336569
main,baseline,mixed,244,0,identity,1000000,20,8,5,0,0.344609,0.330932
main,baseline,mixed,244,0,identity,1000000,20,8,6,1,0.363859,0.331709
main,control,mixed,244,0,identity,1000000,20,8,6,1,0.360497,0.330545
main,candidate,mixed,244,0,identity,1000000,20,8,6,1,0.357372,0.331502
main,baseline,mixed,244,0,sorted,1000000,20,8,0,0,0.360118,0.472496
main,control,mixed,244,0,sorted,1000000,20,8,0,0,0.361838,0.484448
main,candidate,mixed,244,0,sorted,1000000,20,8,0,0,0.353876,0.475473
main,candidate,mixed,244,0,sorted,1000000,20,8,1,0,0.350315,0.462237
main,control,mixed,244,0,sorted,1000000,20,8,1,0,0.392169,0.48177
main,baseline,mixed,244,0,sorted,1000000,20,8,1,0,0.353919,0.478946
main,baseline,mixed,244,0,sorted,1000000,20,8,2,0,0.365419,0.478468
main,control,mixed,244,0,sorted,1000000,20,8,2,0,0.358188,0.475378
main,candidate,mixed,244,0,sorted,1000000,20,8,2,0,0.358697,0.478147
main,candidate,mixed,244,0,sorted,1000000,20,8,3,0,0.359762,0.47525
main,control,mixed,244,0,sorted,1000000,20,8,3,0,0.363474,0.477963
main,baseline,mixed,244,0,sorted,1000000,20,8,3,0,0.361429,0.480227
main,baseline,mixed,244,0,sorted,1000000,20,8,4,0,0.363915,0.477562
main,control,mixed,244,0,sorted,1000000,20,8,4,0,0.349531,0.476033
main,candidate,mixed,244,0,sorted,1000000,20,8,4,0,0.359952,0.474841
main,candidate,mixed,244,0,sorted,1000000,20,8,5,0,0.364174,0.484537
main,control,mixed,244,0,sorted,1000000,20,8,5,0,0.347164,0.472989
main,baseline,mixed,244,0,sorted,1000000,20,8,5,0,0.36244,0.48549
main,baseline,mixed,244,0,sorted,1000000,20,8,6,1,0.373418,0.488257
main,control,mixed,244,0,sorted,1000000,20,8,6,1,0.367615,0.476076
main,candidate,mixed,244,0,sorted,1000000,20,8,6,1,0.362826,0.482674
main,baseline,mixed,244,0,scattered,1000000,20,8,0,0,0.351394,0.416488
main,control,mixed,244,0,scattered,1000000,20,8,0,0,0.36214,0.416031
main,candidate,mixed,244,0,scattered,1000000,20,8,0,0,0.362188,0.410707
main,candidate,mixed,244,0,scattered,1000000,20,8,1,0,0.348213,0.414747
main,control,mixed,244,0,scattered,1000000,20,8,1,0,0.348791,0.415159
main,baseline,mixed,244,0,scattered,1000000,20,8,1,0,0.363193,0.414295
main,baseline,mixed,244,0,scattered,1000000,20,8,2,0,0.356762,0.422618
main,control,mixed,244,0,scattered,1000000,20,8,2,0,0.360127,0.40886
main,candidate,mixed,244,0,scattered,1000000,20,8,2,0,0.34052,0.413867
main,candidate,mixed,244,0,scattered,1000000,20,8,3,0,0.396827,0.412183
main,control,mixed,244,0,scattered,1000000,20,8,3,0,0.345812,0.41264
main,baseline,mixed,244,0,scattered,1000000,20,8,3,0,0.350201,0.411565
main,baseline,mixed,244,0,scattered,1000000,20,8,4,0,0.363555,0.411784
main,control,mixed,244,0,scattered,1000000,20,8,4,0,0.347465,0.417112
main,candidate,mixed,244,0,scattered,1000000,20,8,4,0,0.359036,0.412613
main,candidate,mixed,244,0,scattered,1000000,20,8,5,0,0.361518,0.415564
main,control,mixed,244,0,scattered,1000000,20,8,5,0,0.349766,0.412982
main,baseline,mixed,244,0,scattered,1000000,20,8,5,0,0.346931,0.427597
main,baseline,mixed,244,0,scattered,1000000,20,8,6,1,0.356443,0.42334
main,control,mixed,244,0,scattered,1000000,20,8,6,1,0.358749,0.414301
main,candidate,mixed,244,0,scattered,1000000,20,8,6,1,0.39108,0.411674
main,baseline,mixed,244,0,filtered,666667,20,8,0,0,0.264375,1.141746
main,control,mixed,244,0,filtered,666667,20,8,0,0,0.261773,1.141666
main,candidate,mixed,244,0,filtered,666667,20,8,0,0,0.254105,0.159285
main,candidate,mixed,244,0,filtered,666667,20,8,1,0,0.278904,0.159497
main,control,mixed,244,0,filtered,666667,20,8,1,0,0.260537,1.142386
main,baseline,mixed,244,0,filtered,666667,20,8,1,0,0.272019,1.137984
main,baseline,mixed,244,0,filtered,666667,20,8,2,0,0.270365,1.136605
main,control,mixed,244,0,filtered,666667,20,8,2,0,0.250545,1.140234
main,candidate,mixed,244,0,filtered,666667,20,8,2,0,0.26092,0.159198
main,candidate,mixed,244,0,filtered,666667,20,8,3,0,0.24565,0.158689
main,control,mixed,244,0,filtered,666667,20,8,3,0,0.249089,1.144007
main,baseline,mixed,244,0,filtered,666667,20,8,3,0,0.276162,1.139914
main,baseline,mixed,244,0,filtered,666667,20,8,4,0,0.279415,1.139193
main,control,mixed,244,0,filtered,666667,20,8,4,0,0.252996,1.143324
main,candidate,mixed,244,0,filtered,666667,20,8,4,0,0.255272,0.159222
main,candidate,mixed,244,0,filtered,666667,20,8,5,0,0.26232,0.162588
main,control,mixed,244,0,filtered,666667,20,8,5,0,0.260455,1.143718
main,baseline,mixed,244,0,filtered,666667,20,8,5,0,0.271948,1.153594
main,baseline,mixed,244,0,filtered,666667,20,8,6,1,0.281572,1.162413
main,control,mixed,244,0,filtered,666667,20,8,6,1,0.272134,1.137669
main,candidate,mixed,244,0,filtered,666667,20,8,6,1,0.287284,0.170119
main,baseline,mixed,244,0,checked,1000000,20,8,0,0,0.34844,0.332865
main,control,mixed,244,0,checked,1000000,20,8,0,0,0.384133,0.341819
main,candidate,mixed,244,0,checked,1000000,20,8,0,0,0.36531,0.359755
main,candidate,mixed,244,0,checked,1000000,20,8,1,0,0.375153,0.375168
main,control,mixed,244,0,checked,1000000,20,8,1,0,0.397376,0.358313
main,baseline,mixed,244,0,checked,1000000,20,8,1,0,0.406183,0.355025
main,baseline,mixed,244,0,checked,1000000,20,8,2,0,0.393099,0.361301
main,control,mixed,244,0,checked,1000000,20,8,2,0,0.388631,0.348805
main,candidate,mixed,244,0,checked,1000000,20,8,2,0,0.384336,0.342929
main,candidate,mixed,244,0,checked,1000000,20,8,3,0,0.382315,0.340191
main,control,mixed,244,0,checked,1000000,20,8,3,0,0.377284,0.343303
main,baseline,mixed,244,0,checked,1000000,20,8,3,0,0.375479,0.34501
main,baseline,mixed,244,0,checked,1000000,20,8,4,0,0.371765,0.345043
main,control,mixed,244,0,checked,1000000,20,8,4,0,0.372631,0.341202
main,candidate,mixed,244,0,checked,1000000,20,8,4,0,0.36067,0.332242
main,candidate,mixed,244,0,checked,1000000,20,8,5,0,0.35272,0.332623
main,control,mixed,244,0,checked,1000000,20,8,5,0,0.383987,0.3345
main,baseline,mixed,244,0,checked,1000000,20,8,5,0,0.343996,0.332168
main,baseline,mixed,244,0,checked,1000000,20,8,6,1,0.362686,0.332195
main,control,mixed,244,0,checked,1000000,20,8,6,1,0.398339,0.332552
main,candidate,mixed,244,0,checked,1000000,20,8,6,1,0.347905,0.332687
serial,baseline,mixed,32,1,identity,1000000,20,1,0,0,0.584999,0.324801
serial,control,mixed,32,1,identity,1000000,20,1,0,0,0.554512,0.274406
serial,candidate,mixed,32,1,identity,1000000,20,1,0,0,0.17232,0.190126
serial,candidate,mixed,32,1,identity,1000000,20,1,1,0,0.172548,0.190531
serial,control,mixed,32,1,identity,1000000,20,1,1,0,0.549147,0.276354
serial,baseline,mixed,32,1,identity,1000000,20,1,1,0,0.560139,0.313089
serial,baseline,mixed,32,1,identity,1000000,20,1,2,0,0.557177,0.313691
serial,control,mixed,32,1,identity,1000000,20,1,2,0,0.551701,0.274949
serial,candidate,mixed,32,1,identity,1000000,20,1,2,0,0.172533,0.191697
serial,candidate,mixed,32,1,identity,1000000,20,1,3,0,0.172202,0.190042
serial,control,mixed,32,1,identity,1000000,20,1,3,0,0.549345,0.276595
serial,baseline,mixed,32,1,identity,1000000,20,1,3,0,0.565245,0.31469
serial,baseline,mixed,32,1,identity,1000000,20,1,4,0,0.567736,0.328233
serial,control,mixed,32,1,identity,1000000,20,1,4,0,0.559666,0.280608
serial,candidate,mixed,32,1,identity,1000000,20,1,4,0,0.177674,0.19812
serial,candidate,mixed,32,1,identity,1000000,20,1,5,0,0.177308,0.193877
serial,control,mixed,32,1,identity,1000000,20,1,5,0,0.554259,0.280866
serial,baseline,mixed,32,1,identity,1000000,20,1,5,0,0.600398,0.314161
serial,baseline,mixed,32,1,identity,1000000,20,1,6,1,0.56535,0.313964
serial,control,mixed,32,1,identity,1000000,20,1,6,1,0.548805,0.274848
serial,candidate,mixed,32,1,identity,1000000,20,1,6,1,0.176828,0.190429
serial,baseline,mixed,32,1,filtered,666667,20,1,0,0,0.470595,0.195752
serial,control,mixed,32,1,filtered,666667,20,1,0,0,0.450589,0.19641
serial,candidate,mixed,32,1,filtered,666667,20,1,0,0,0.141803,0.195636
serial,candidate,mixed,32,1,filtered,666667,20,1,1,0,0.142377,0.19549
serial,control,mixed,32,1,filtered,666667,20,1,1,0,0.453896,0.196383
serial,baseline,mixed,32,1,filtered,666667,20,1,1,0,0.474235,0.19625
serial,baseline,mixed,32,1,filtered,666667,20,1,2,0,0.470642,0.195584
serial,control,mixed,32,1,filtered,666667,20,1,2,0,0.449743,0.196017
serial,candidate,mixed,32,1,filtered,666667,20,1,2,0,0.139207,0.196252
serial,candidate,mixed,32,1,filtered,666667,20,1,3,0,0.13896,0.195376
serial,control,mixed,32,1,filtered,666667,20,1,3,0,0.454425,0.196045
serial,baseline,mixed,32,1,filtered,666667,20,1,3,0,0.469361,0.19687
serial,baseline,mixed,32,1,filtered,666667,20,1,4,0,0.472119,0.196541
serial,control,mixed,32,1,filtered,666667,20,1,4,0,0.450819,0.196126
serial,candidate,mixed,32,1,filtered,666667,20,1,4,0,0.139605,0.196532
serial,candidate,mixed,32,1,filtered,666667,20,1,5,0,0.140692,0.196972
serial,control,mixed,32,1,filtered,666667,20,1,5,0,0.452303,0.195905
serial,baseline,mixed,32,1,filtered,666667,20,1,5,0,0.473171,0.196852
serial,baseline,mixed,32,1,filtered,666667,20,1,6,1,0.473862,0.196478
serial,control,mixed,32,1,filtered,666667,20,1,6,1,0.450722,0.197269
serial,candidate,mixed,32,1,filtered,666667,20,1,6,1,0.14034,0.196644
single,baseline,numeric,8,1,identity,1000000,1,8,0,0,0.001314,0.00077
single,control,numeric,8,1,identity,1000000,1,8,0,0,0.000959,0.000768
single,candidate,numeric,8,1,identity,1000000,1,8,0,0,0.000977,0.000748
single,candidate,numeric,8,1,identity,1000000,1,8,1,0,0.000932,0.000746
single,control,numeric,8,1,identity,1000000,1,8,1,0,0.000912,0.000782
single,baseline,numeric,8,1,identity,1000000,1,8,1,0,0.000885,0.000772
single,baseline,numeric,8,1,identity,1000000,1,8,2,0,0.00082,0.000737
single,control,numeric,8,1,identity,1000000,1,8,2,0,0.000892,0.000734
single,candidate,numeric,8,1,identity,1000000,1,8,2,0,0.000907,0.000724
single,candidate,numeric,8,1,identity,1000000,1,8,3,0,0.000904,0.000739
single,control,numeric,8,1,identity,1000000,1,8,3,0,0.000908,0.000737
single,baseline,numeric,8,1,identity,1000000,1,8,3,0,0.000767,0.000747
single,baseline,numeric,8,1,identity,1000000,1,8,4,0,0.001028,0.000732
single,control,numeric,8,1,identity,1000000,1,8,4,0,0.001004,0.000929
single,candidate,numeric,8,1,identity,1000000,1,8,4,0,0.000952,0.00076
single,candidate,numeric,8,1,identity,1000000,1,8,5,0,0.000916,0.000739
single,control,numeric,8,1,identity,1000000,1,8,5,0,0.000782,0.000731
single,baseline,numeric,8,1,identity,1000000,1,8,5,0,0.0009,0.000785
single,baseline,numeric,8,1,identity,1000000,1,8,6,1,0.000942,0.000743
single,control,numeric,8,1,identity,1000000,1,8,6,1,0.000963,0.000765
single,candidate,numeric,8,1,identity,1000000,1,8,6,1,0.000931,0.000748
single,baseline,numeric,8,1,sorted,1000000,1,8,0,0,0.000946,0.00137
single,control,numeric,8,1,sorted,1000000,1,8,0,0,0.00091,0.00135
single,candidate,numeric,8,1,sorted,1000000,1,8,0,0,0.000928,0.001312
single,candidate,numeric,8,1,sorted,1000000,1,8,1,0,0.000925,0.001255
single,control,numeric,8,1,sorted,1000000,1,8,1,0,0.000817,0.001337
single,baseline,numeric,8,1,sorted,1000000,1,8,1,0,0.000917,0.001316
single,baseline,numeric,8,1,sorted,1000000,1,8,2,0,0.000922,0.001309
single,control,numeric,8,1,sorted,1000000,1,8,2,0,0.000908,0.001335
single,candidate,numeric,8,1,sorted,1000000,1,8,2,0,0.000931,0.001297
single,candidate,numeric,8,1,sorted,1000000,1,8,3,0,0.000902,0.001294
single,control,numeric,8,1,sorted,1000000,1,8,3,0,0.000929,0.00122
single,baseline,numeric,8,1,sorted,1000000,1,8,3,0,0.00093,0.001312
single,baseline,numeric,8,1,sorted,1000000,1,8,4,0,0.000905,0.001253
single,control,numeric,8,1,sorted,1000000,1,8,4,0,0.000901,0.001359
single,candidate,numeric,8,1,sorted,1000000,1,8,4,0,0.000935,0.001294
single,candidate,numeric,8,1,sorted,1000000,1,8,5,0,0.000905,0.001334
single,control,numeric,8,1,sorted,1000000,1,8,5,0,0.000909,0.001334
single,baseline,numeric,8,1,sorted,1000000,1,8,5,0,0.000919,0.001296
single,baseline,numeric,8,1,sorted,1000000,1,8,6,1,0.000897,0.001364
single,control,numeric,8,1,sorted,1000000,1,8,6,1,0.000955,0.001322
single,candidate,numeric,8,1,sorted,1000000,1,8,6,1,0.000905,0.001321
single,baseline,numeric,8,1,filtered,666667,1,8,0,0,0.031429,0.000678
single,control,numeric,8,1,filtered,666667,1,8,0,0,0.018964,0.000667
single,candidate,numeric,8,1,filtered,666667,1,8,0,0,0.018467,0.000657
single,candidate,numeric,8,1,filtered,666667,1,8,1,0,0.040543,0.021898
single,control,numeric,8,1,filtered,666667,1,8,1,0,0.024611,0.001735
single,baseline,numeric,8,1,filtered,666667,1,8,1,0,0.033412,0.001186
single,baseline,numeric,8,1,filtered,666667,1,8,2,0,0.03193,0.000691
single,control,numeric,8,1,filtered,666667,1,8,2,0,0.018404,0.000691
single,candidate,numeric,8,1,filtered,666667,1,8,2,0,0.018277,0.000667
single,candidate,numeric,8,1,filtered,666667,1,8,3,0,0.018605,0.000664
single,control,numeric,8,1,filtered,666667,1,8,3,0,0.018284,0.000657
single,baseline,numeric,8,1,filtered,666667,1,8,3,0,0.032061,0.000682
single,baseline,numeric,8,1,filtered,666667,1,8,4,0,0.031731,0.000781
single,control,numeric,8,1,filtered,666667,1,8,4,0,0.018492,0.000707
single,candidate,numeric,8,1,filtered,666667,1,8,4,0,0.018473,0.000673
single,candidate,numeric,8,1,filtered,666667,1,8,5,0,0.018481,0.000759
single,control,numeric,8,1,filtered,666667,1,8,5,0,0.018657,0.000859
single,baseline,numeric,8,1,filtered,666667,1,8,5,0,0.031759,0.000706
single,baseline,numeric,8,1,filtered,666667,1,8,6,1,0.031738,0.000833
single,control,numeric,8,1,filtered,666667,1,8,6,1,0.01888,0.000749
single,candidate,numeric,8,1,filtered,666667,1,8,6,1,0.018826,0.000833
single,baseline,numeric,8,0,identity,1000000,1,8,0,0,0.001037,0.000954
single,control,numeric,8,0,identity,1000000,1,8,0,0,0.000911,0.000751
single,candidate,numeric,8,0,identity,1000000,1,8,0,0,0.001028,0.000745
single,candidate,numeric,8,0,identity,1000000,1,8,1,0,0.001075,0.000889
single,control,numeric,8,0,identity,1000000,1,8,1,0,0.00103,0.00081
single,baseline,numeric,8,0,identity,1000000,1,8,1,0,0.000934,0.00074
single,baseline,numeric,8,0,identity,1000000,1,8,2,0,0.000933,0.000756
single,control,numeric,8,0,identity,1000000,1,8,2,0,0.001056,0.000809
single,candidate,numeric,8,0,identity,1000000,1,8,2,0,0.000935,0.000744
single,candidate,numeric,8,0,identity,1000000,1,8,3,0,0.000923,0.000762
single,control,numeric,8,0,identity,1000000,1,8,3,0,0.000909,0.000923
single,baseline,numeric,8,0,identity,1000000,1,8,3,0,0.001215,0.000749
single,baseline,numeric,8,0,identity,1000000,1,8,4,0,0.000974,0.000932
single,control,numeric,8,0,identity,1000000,1,8,4,0,0.000998,0.000738
single,candidate,numeric,8,0,identity,1000000,1,8,4,0,0.000983,0.000775
single,candidate,numeric,8,0,identity,1000000,1,8,5,0,0.000996,0.000743
single,control,numeric,8,0,identity,1000000,1,8,5,0,0.00109,0.000943
single,baseline,numeric,8,0,identity,1000000,1,8,5,0,0.001107,0.000752
single,baseline,numeric,8,0,identity,1000000,1,8,6,1,0.001045,0.000903
single,control,numeric,8,0,identity,1000000,1,8,6,1,0.001057,0.000912
single,candidate,numeric,8,0,identity,1000000,1,8,6,1,0.001098,0.000953
single,baseline,numeric,8,0,sorted,1000000,1,8,0,0,0.00092,0.001465
single,control,numeric,8,0,sorted,1000000,1,8,0,0,0.00098,0.001433
single,candidate,numeric,8,0,sorted,1000000,1,8,0,0,0.000942,0.001397
single,candidate,numeric,8,0,sorted,1000000,1,8,1,0,0.001058,0.001497
single,control,numeric,8,0,sorted,1000000,1,8,1,0,0.000925,0.001379
single,baseline,numeric,8,0,sorted,1000000,1,8,1,0,0.000922,0.001397
single,baseline,numeric,8,0,sorted,1000000,1,8,2,0,0.000913,0.001379
single,control,numeric,8,0,sorted,1000000,1,8,2,0,0.000969,0.001387
single,candidate,numeric,8,0,sorted,1000000,1,8,2,0,0.000956,0.001539
single,candidate,numeric,8,0,sorted,1000000,1,8,3,0,0.000958,0.00138
single,control,numeric,8,0,sorted,1000000,1,8,3,0,0.001006,0.001415
single,baseline,numeric,8,0,sorted,1000000,1,8,3,0,0.000919,0.001561
single,baseline,numeric,8,0,sorted,1000000,1,8,4,0,0.001087,0.001503
single,control,numeric,8,0,sorted,1000000,1,8,4,0,0.000978,0.001557
single,candidate,numeric,8,0,sorted,1000000,1,8,4,0,0.001061,0.001503
single,candidate,numeric,8,0,sorted,1000000,1,8,5,0,0.001155,0.001437
single,control,numeric,8,0,sorted,1000000,1,8,5,0,0.000929,0.001421
single,baseline,numeric,8,0,sorted,1000000,1,8,5,0,0.000933,0.001373
single,baseline,numeric,8,0,sorted,1000000,1,8,6,1,0.000919,0.001431
single,control,numeric,8,0,sorted,1000000,1,8,6,1,0.001099,0.001486
single,candidate,numeric,8,0,sorted,1000000,1,8,6,1,0.001199,0.001497
single,baseline,numeric,8,0,filtered,666667,1,8,0,0,0.031832,0.000687
single,control,numeric,8,0,filtered,666667,1,8,0,0,0.01831,0.000693
single,candidate,numeric,8,0,filtered,666667,1,8,0,0,0.018331,0.00074
single,candidate,numeric,8,0,filtered,666667,1,8,1,0,0.018419,0.00079
single,control,numeric,8,0,filtered,666667,1,8,1,0,0.018394,0.000695
single,baseline,numeric,8,0,filtered,666667,1,8,1,0,0.031904,0.000688
single,baseline,numeric,8,0,filtered,666667,1,8,2,0,0.031647,0.000696
single,control,numeric,8,0,filtered,666667,1,8,2,0,0.018374,0.000706
single,candidate,numeric,8,0,filtered,666667,1,8,2,0,0.018198,0.000695
single,candidate,numeric,8,0,filtered,666667,1,8,3,0,0.018453,0.000682
single,control,numeric,8,0,filtered,666667,1,8,3,0,0.019001,0.000699
single,baseline,numeric,8,0,filtered,666667,1,8,3,0,0.031563,0.000705
single,baseline,numeric,8,0,filtered,666667,1,8,4,0,0.031812,0.000684
single,control,numeric,8,0,filtered,666667,1,8,4,0,0.018487,0.000667
single,candidate,numeric,8,0,filtered,666667,1,8,4,0,0.01849,0.000783
single,candidate,numeric,8,0,filtered,666667,1,8,5,0,0.018591,0.00067
single,control,numeric,8,0,filtered,666667,1,8,5,0,0.01855,0.000676
single,baseline,numeric,8,0,filtered,666667,1,8,5,0,0.066793,0.001692
single,baseline,numeric,8,0,filtered,666667,1,8,6,1,0.064248,0.000811
single,control,numeric,8,0,filtered,666667,1,8,6,1,0.019345,0.000807
single,candidate,numeric,8,0,filtered,666667,1,8,6,1,0.018533,0.000719
single,baseline,strings,8,1,identity,1000000,1,8,0,0,0.002497,0.00154
single,control,strings,8,1,identity,1000000,1,8,0,0,0.002141,0.001508
single,candidate,strings,8,1,identity,1000000,1,8,0,0,0.002143,0.001492
single,candidate,strings,8,1,identity,1000000,1,8,1,0,0.00211,0.001504
single,control,strings,8,1,identity,1000000,1,8,1,0,0.002125,0.001463
single,baseline,strings,8,1,identity,1000000,1,8,1,0,0.002363,0.001485
single,baseline,strings,8,1,identity,1000000,1,8,2,0,0.002366,0.001534
single,control,strings,8,1,identity,1000000,1,8,2,0,0.002128,0.001494
single,candidate,strings,8,1,identity,1000000,1,8,2,0,0.002077,0.0015
single,candidate,strings,8,1,identity,1000000,1,8,3,0,0.002055,0.001478
single,control,strings,8,1,identity,1000000,1,8,3,0,0.002118,0.001467
single,baseline,strings,8,1,identity,1000000,1,8,3,0,0.002411,0.001556
single,baseline,strings,8,1,identity,1000000,1,8,4,0,0.00243,0.001609
single,control,strings,8,1,identity,1000000,1,8,4,0,0.002734,0.001853
single,candidate,strings,8,1,identity,1000000,1,8,4,0,0.002629,0.001874
single,candidate,strings,8,1,identity,1000000,1,8,5,0,0.002387,0.001629
single,control,strings,8,1,identity,1000000,1,8,5,0,0.002038,0.001469
single,baseline,strings,8,1,identity,1000000,1,8,5,0,0.002352,0.001484
single,baseline,strings,8,1,identity,1000000,1,8,6,1,0.002374,0.001492
single,control,strings,8,1,identity,1000000,1,8,6,1,0.002273,0.001622
single,candidate,strings,8,1,identity,1000000,1,8,6,1,0.002154,0.001596
single,baseline,strings,8,1,sorted,1000000,1,8,0,0,0.002383,0.00589
single,control,strings,8,1,sorted,1000000,1,8,0,0,0.00219,0.004996
single,candidate,strings,8,1,sorted,1000000,1,8,0,0,0.002193,0.00525
single,candidate,strings,8,1,sorted,1000000,1,8,1,0,0.002065,0.005319
single,control,strings,8,1,sorted,1000000,1,8,1,0,0.002144,0.005321
single,baseline,strings,8,1,sorted,1000000,1,8,1,0,0.002384,0.005734
single,baseline,strings,8,1,sorted,1000000,1,8,2,0,0.002361,0.005309
single,control,strings,8,1,sorted,1000000,1,8,2,0,0.002238,0.005335
single,candidate,strings,8,1,sorted,1000000,1,8,2,0,0.002339,0.005346
single,candidate,strings,8,1,sorted,1000000,1,8,3,0,0.002073,0.00541
single,control,strings,8,1,sorted,1000000,1,8,3,0,0.002179,0.005664
single,baseline,strings,8,1,sorted,1000000,1,8,3,0,0.002465,0.005616
single,baseline,strings,8,1,sorted,1000000,1,8,4,0,0.002342,0.005409
single,control,strings,8,1,sorted,1000000,1,8,4,0,0.002207,0.005319
single,candidate,strings,8,1,sorted,1000000,1,8,4,0,0.00235,0.005563
single,candidate,strings,8,1,sorted,1000000,1,8,5,0,0.002074,0.004848
single,control,strings,8,1,sorted,1000000,1,8,5,0,0.002191,0.004648
single,baseline,strings,8,1,sorted,1000000,1,8,5,0,0.002543,0.005319
single,baseline,strings,8,1,sorted,1000000,1,8,6,1,0.002337,0.005465
single,control,strings,8,1,sorted,1000000,1,8,6,1,0.002146,0.005696
single,candidate,strings,8,1,sorted,1000000,1,8,6,1,0.002114,0.005551
single,baseline,strings,8,1,filtered,666667,1,8,0,0,0.032711,0.005394
single,control,strings,8,1,filtered,666667,1,8,0,0,0.019594,0.004879
single,candidate,strings,8,1,filtered,666667,1,8,0,0,0.019335,0.001262
single,candidate,strings,8,1,filtered,666667,1,8,1,0,0.019381,0.001466
single,control,strings,8,1,filtered,666667,1,8,1,0,0.019983,0.004904
single,baseline,strings,8,1,filtered,666667,1,8,1,0,0.032884,0.005003
single,baseline,strings,8,1,filtered,666667,1,8,2,0,0.03243,0.00505
single,control,strings,8,1,filtered,666667,1,8,2,0,0.019424,0.004889
single,candidate,strings,8,1,filtered,666667,1,8,2,0,0.019151,0.0013
single,candidate,strings,8,1,filtered,666667,1,8,3,0,0.019572,0.001277
single,control,strings,8,1,filtered,666667,1,8,3,0,0.019372,0.004818
single,baseline,strings,8,1,filtered,666667,1,8,3,0,0.033221,0.005137
single,baseline,strings,8,1,filtered,666667,1,8,4,0,0.033777,0.00494
single,control,strings,8,1,filtered,666667,1,8,4,0,0.020125,0.004806
single,candidate,strings,8,1,filtered,666667,1,8,4,0,0.020327,0.001494
single,candidate,strings,8,1,filtered,666667,1,8,5,0,0.019305,0.00126
single,control,strings,8,1,filtered,666667,1,8,5,0,0.020309,0.004849
single,baseline,strings,8,1,filtered,666667,1,8,5,0,0.032602,0.005486
single,baseline,strings,8,1,filtered,666667,1,8,6,1,0.032763,0.004826
single,control,strings,8,1,filtered,666667,1,8,6,1,0.019217,0.004798
single,candidate,strings,8,1,filtered,666667,1,8,6,1,0.019618,0.001306
single,baseline,strings,8,0,identity,1000000,1,8,0,0,0.002547,0.001543
single,control,strings,8,0,identity,1000000,1,8,0,0,0.002158,0.001493
single,candidate,strings,8,0,identity,1000000,1,8,0,0,0.002114,0.00147
single,candidate,strings,8,0,identity,1000000,1,8,1,0,0.002021,0.001481
single,control,strings,8,0,identity,1000000,1,8,1,0,0.002189,0.001475
single,baseline,strings,8,0,identity,1000000,1,8,1,0,0.002326,0.001484
single,baseline,strings,8,0,identity,1000000,1,8,2,0,0.002427,0.001501
single,control,strings,8,0,identity,1000000,1,8,2,0,0.002222,0.001492
single,candidate,strings,8,0,identity,1000000,1,8,2,0,0.002043,0.001471
single,candidate,strings,8,0,identity,1000000,1,8,3,0,0.002065,0.001471
single,control,strings,8,0,identity,1000000,1,8,3,0,0.002168,0.001502
single,baseline,strings,8,0,identity,1000000,1,8,3,0,0.002355,0.001466
single,baseline,strings,8,0,identity,1000000,1,8,4,0,0.002304,0.001467
single,control,strings,8,0,identity,1000000,1,8,4,0,0.002139,0.001467
single,candidate,strings,8,0,identity,1000000,1,8,4,0,0.002059,0.001486
single,candidate,strings,8,0,identity,1000000,1,8,5,0,0.002136,0.001518
single,control,strings,8,0,identity,1000000,1,8,5,0,0.00217,0.001348
single,baseline,strings,8,0,identity,1000000,1,8,5,0,0.00231,0.00148
single,baseline,strings,8,0,identity,1000000,1,8,6,1,0.002328,0.001123
single,control,strings,8,0,identity,1000000,1,8,6,1,0.002199,0.001477
single,candidate,strings,8,0,identity,1000000,1,8,6,1,0.002086,0.001298
single,baseline,strings,8,0,sorted,1000000,1,8,0,0,0.002397,0.005101
single,control,strings,8,0,sorted,1000000,1,8,0,0,0.002155,0.005031
single,candidate,strings,8,0,sorted,1000000,1,8,0,0,0.001961,0.004345
single,candidate,strings,8,0,sorted,1000000,1,8,1,0,0.002063,0.00452
single,control,strings,8,0,sorted,1000000,1,8,1,0,0.002141,0.004419
single,baseline,strings,8,0,sorted,1000000,1,8,1,0,0.002409,0.004459
single,baseline,strings,8,0,sorted,1000000,1,8,2,0,0.002328,0.004888
single,control,strings,8,0,sorted,1000000,1,8,2,0,0.002037,0.004345
single,candidate,strings,8,0,sorted,1000000,1,8,2,0,0.00209,0.005041
single,candidate,strings,8,0,sorted,1000000,1,8,3,0,0.002071,0.003786
single,control,strings,8,0,sorted,1000000,1,8,3,0,0.002125,0.003948
single,baseline,strings,8,0,sorted,1000000,1,8,3,0,0.002354,0.004664
single,baseline,strings,8,0,sorted,1000000,1,8,4,0,0.002366,0.004837
single,control,strings,8,0,sorted,1000000,1,8,4,0,0.002126,0.00471
single,candidate,strings,8,0,sorted,1000000,1,8,4,0,0.002045,0.004242
single,candidate,strings,8,0,sorted,1000000,1,8,5,0,0.002095,0.004903
single,control,strings,8,0,sorted,1000000,1,8,5,0,0.002133,0.004629
single,baseline,strings,8,0,sorted,1000000,1,8,5,0,0.002371,0.004621
single,baseline,strings,8,0,sorted,1000000,1,8,6,1,0.002314,0.005039
single,control,strings,8,0,sorted,1000000,1,8,6,1,0.002141,0.005066
single,candidate,strings,8,0,sorted,1000000,1,8,6,1,0.00214,0.005156
single,baseline,strings,8,0,filtered,666667,1,8,0,0,0.032343,0.005457
single,control,strings,8,0,filtered,666667,1,8,0,0,0.019071,0.004947
single,candidate,strings,8,0,filtered,666667,1,8,0,0,0.019331,0.00131
single,candidate,strings,8,0,filtered,666667,1,8,1,0,0.019033,0.001269
single,control,strings,8,0,filtered,666667,1,8,1,0,0.019321,0.005146
single,baseline,strings,8,0,filtered,666667,1,8,1,0,0.032245,0.005221
single,baseline,strings,8,0,filtered,666667,1,8,2,0,0.032922,0.005528
single,control,strings,8,0,filtered,666667,1,8,2,0,0.0194,0.00475
single,candidate,strings,8,0,filtered,666667,1,8,2,0,0.019549,0.00131
single,candidate,strings,8,0,filtered,666667,1,8,3,0,0.019561,0.001392
single,control,strings,8,0,filtered,666667,1,8,3,0,0.019762,0.005486
single,baseline,strings,8,0,filtered,666667,1,8,3,0,0.033025,0.004911
single,baseline,strings,8,0,filtered,666667,1,8,4,0,0.032823,0.004902
single,control,strings,8,0,filtered,666667,1,8,4,0,0.019304,0.004892
single,candidate,strings,8,0,filtered,666667,1,8,4,0,0.019853,0.001256
single,candidate,strings,8,0,filtered,666667,1,8,5,0,0.019465,0.00129
single,control,strings,8,0,filtered,666667,1,8,5,0,0.019545,0.004879
single,baseline,strings,8,0,filtered,666667,1,8,5,0,0.032782,0.005324
single,baseline,strings,8,0,filtered,666667,1,8,6,1,0.032655,0.005443
single,control,strings,8,0,filtered,666667,1,8,6,1,0.01893,0.004814
single,candidate,strings,8,0,filtered,666667,1,8,6,1,0.018869,0.001319
single,baseline,strings,244,1,identity,1000000,1,8,0,0,0.00992,0.01476
single,control,strings,244,1,identity,1000000,1,8,0,0,0.007172,0.015867
single,candidate,strings,244,1,identity,1000000,1,8,0,0,0.007306,0.01538
single,candidate,strings,244,1,identity,1000000,1,8,1,0,0.007781,0.018393
single,control,strings,244,1,identity,1000000,1,8,1,0,0.007416,0.01576
single,baseline,strings,244,1,identity,1000000,1,8,1,0,0.007734,0.016519
single,baseline,strings,244,1,identity,1000000,1,8,2,0,0.007457,0.015339
single,control,strings,244,1,identity,1000000,1,8,2,0,0.007648,0.015377
single,candidate,strings,244,1,identity,1000000,1,8,2,0,0.007917,0.015304
single,candidate,strings,244,1,identity,1000000,1,8,3,0,0.006981,0.014005
single,control,strings,244,1,identity,1000000,1,8,3,0,0.007345,0.016123
single,baseline,strings,244,1,identity,1000000,1,8,3,0,0.007135,0.014963
single,baseline,strings,244,1,identity,1000000,1,8,4,0,0.007628,0.015824
single,control,strings,244,1,identity,1000000,1,8,4,0,0.006683,0.014805
single,candidate,strings,244,1,identity,1000000,1,8,4,0,0.007499,0.016397
single,candidate,strings,244,1,identity,1000000,1,8,5,0,0.007624,0.014257
single,control,strings,244,1,identity,1000000,1,8,5,0,0.007503,0.016626
single,baseline,strings,244,1,identity,1000000,1,8,5,0,0.007267,0.016504
single,baseline,strings,244,1,identity,1000000,1,8,6,1,0.007648,0.01526
single,control,strings,244,1,identity,1000000,1,8,6,1,0.007141,0.015408
single,candidate,strings,244,1,identity,1000000,1,8,6,1,0.007238,0.010965
single,baseline,strings,244,1,sorted,1000000,1,8,0,0,0.007382,0.041114
single,control,strings,244,1,sorted,1000000,1,8,0,0,0.007054,0.047523
single,candidate,strings,244,1,sorted,1000000,1,8,0,0,0.007172,0.041337
single,candidate,strings,244,1,sorted,1000000,1,8,1,0,0.007356,0.040841
single,control,strings,244,1,sorted,1000000,1,8,1,0,0.00723,0.040552
single,baseline,strings,244,1,sorted,1000000,1,8,1,0,0.007246,0.042349
single,baseline,strings,244,1,sorted,1000000,1,8,2,0,0.007199,0.040953
single,control,strings,244,1,sorted,1000000,1,8,2,0,0.007337,0.041775
single,candidate,strings,244,1,sorted,1000000,1,8,2,0,0.007327,0.041338
single,candidate,strings,244,1,sorted,1000000,1,8,3,0,0.007435,0.043617
single,control,strings,244,1,sorted,1000000,1,8,3,0,0.007189,0.048329
single,baseline,strings,244,1,sorted,1000000,1,8,3,0,0.007591,0.052676
single,baseline,strings,244,1,sorted,1000000,1,8,4,0,0.007255,0.05069
single,control,strings,244,1,sorted,1000000,1,8,4,0,0.007552,0.048614
single,candidate,strings,244,1,sorted,1000000,1,8,4,0,0.007657,0.060511
single,candidate,strings,244,1,sorted,1000000,1,8,5,0,0.007662,0.053354
single,control,strings,244,1,sorted,1000000,1,8,5,0,0.007491,0.05952
single,baseline,strings,244,1,sorted,1000000,1,8,5,0,0.00751,0.058963
single,baseline,strings,244,1,sorted,1000000,1,8,6,1,0.007907,0.057182
single,control,strings,244,1,sorted,1000000,1,8,6,1,0.007309,0.056864
single,candidate,strings,244,1,sorted,1000000,1,8,6,1,0.007545,0.047953
single,baseline,strings,244,1,filtered,666667,1,8,0,0,0.038053,0.0548
single,control,strings,244,1,filtered,666667,1,8,0,0,0.025035,0.055383
single,candidate,strings,244,1,filtered,666667,1,8,0,0,0.026586,0.011891
single,candidate,strings,244,1,filtered,666667,1,8,1,0,0.025163,0.011463
single,control,strings,244,1,filtered,666667,1,8,1,0,0.025408,0.055199
single,baseline,strings,244,1,filtered,666667,1,8,1,0,0.037735,0.054695
single,baseline,strings,244,1,filtered,666667,1,8,2,0,0.038809,0.056003
single,control,strings,244,1,filtered,666667,1,8,2,0,0.025147,0.055612
single,candidate,strings,244,1,filtered,666667,1,8,2,0,0.027836,0.01247
single,candidate,strings,244,1,filtered,666667,1,8,3,0,0.026583,0.012999
single,control,strings,244,1,filtered,666667,1,8,3,0,0.026015,0.055888
single,baseline,strings,244,1,filtered,666667,1,8,3,0,0.039574,0.055904
single,baseline,strings,244,1,filtered,666667,1,8,4,0,0.037697,0.055132
single,control,strings,244,1,filtered,666667,1,8,4,0,0.024636,0.055273
single,candidate,strings,244,1,filtered,666667,1,8,4,0,0.02604,0.01369
single,candidate,strings,244,1,filtered,666667,1,8,5,0,0.027072,0.01145
single,control,strings,244,1,filtered,666667,1,8,5,0,0.026086,0.055123
single,baseline,strings,244,1,filtered,666667,1,8,5,0,0.039274,0.057139
single,baseline,strings,244,1,filtered,666667,1,8,6,1,0.03875,0.05585
single,control,strings,244,1,filtered,666667,1,8,6,1,0.026663,0.056088
single,candidate,strings,244,1,filtered,666667,1,8,6,1,0.025701,0.014315
single,baseline,strings,244,0,identity,1000000,1,8,0,0,0.015368,0.016996
single,control,strings,244,0,identity,1000000,1,8,0,0,0.012206,0.016446
single,candidate,strings,244,0,identity,1000000,1,8,0,0,0.011398,0.016569
single,candidate,strings,244,0,identity,1000000,1,8,1,0,0.010467,0.015578
single,control,strings,244,0,identity,1000000,1,8,1,0,0.010192,0.031314
single,baseline,strings,244,0,identity,1000000,1,8,1,0,0.038932,0.033949
single,baseline,strings,244,0,identity,1000000,1,8,2,0,0.021147,0.023079
single,control,strings,244,0,identity,1000000,1,8,2,0,0.020306,0.03259
single,candidate,strings,244,0,identity,1000000,1,8,2,0,0.021701,0.025716
single,candidate,strings,244,0,identity,1000000,1,8,3,0,0.018293,0.023144
single,control,strings,244,0,identity,1000000,1,8,3,0,0.047388,0.031256
single,baseline,strings,244,0,identity,1000000,1,8,3,0,0.031707,0.028196
single,baseline,strings,244,0,identity,1000000,1,8,4,0,0.028239,0.021298
single,control,strings,244,0,identity,1000000,1,8,4,0,0.020986,0.036186
single,candidate,strings,244,0,identity,1000000,1,8,4,0,0.016929,0.021381
single,candidate,strings,244,0,identity,1000000,1,8,5,0,0.010227,0.016437
single,control,strings,244,0,identity,1000000,1,8,5,0,0.062915,0.03843
single,baseline,strings,244,0,identity,1000000,1,8,5,0,0.021009,0.023078
single,baseline,strings,244,0,identity,1000000,1,8,6,1,0.012182,0.021436
single,control,strings,244,0,identity,1000000,1,8,6,1,0.010873,0.033158
single,candidate,strings,244,0,identity,1000000,1,8,6,1,0.011311,0.018314
single,baseline,strings,244,0,sorted,1000000,1,8,0,0,0.016121,0.060142
single,control,strings,244,0,sorted,1000000,1,8,0,0,0.012607,0.049597
single,candidate,strings,244,0,sorted,1000000,1,8,0,0,0.008944,0.043657
single,candidate,strings,244,0,sorted,1000000,1,8,1,0,0.010407,0.04311
single,control,strings,244,0,sorted,1000000,1,8,1,0,0.009287,0.044881
single,baseline,strings,244,0,sorted,1000000,1,8,1,0,0.010533,0.051301
single,baseline,strings,244,0,sorted,1000000,1,8,2,0,0.011202,0.049376
single,control,strings,244,0,sorted,1000000,1,8,2,0,0.010149,0.056763
single,candidate,strings,244,0,sorted,1000000,1,8,2,0,0.010783,0.045926
single,candidate,strings,244,0,sorted,1000000,1,8,3,0,0.064383,0.074981
single,control,strings,244,0,sorted,1000000,1,8,3,0,0.010022,0.040874
single,baseline,strings,244,0,sorted,1000000,1,8,3,0,0.009203,0.041894
single,baseline,strings,244,0,sorted,1000000,1,8,4,0,0.010204,0.042221
single,control,strings,244,0,sorted,1000000,1,8,4,0,0.010345,0.042659
single,candidate,strings,244,0,sorted,1000000,1,8,4,0,0.012205,0.088358
single,candidate,strings,244,0,sorted,1000000,1,8,5,0,0.009051,0.055958
single,control,strings,244,0,sorted,1000000,1,8,5,0,0.010288,0.046138
single,baseline,strings,244,0,sorted,1000000,1,8,5,0,0.011194,0.047989
single,baseline,strings,244,0,sorted,1000000,1,8,6,1,0.010043,0.044723
single,control,strings,244,0,sorted,1000000,1,8,6,1,0.010187,0.042955
single,candidate,strings,244,0,sorted,1000000,1,8,6,1,0.011708,0.045451
single,baseline,strings,244,0,filtered,666667,1,8,0,0,0.039024,0.058493
single,control,strings,244,0,filtered,666667,1,8,0,0,0.025262,0.05781
single,candidate,strings,244,0,filtered,666667,1,8,0,0,0.025129,0.011635
single,candidate,strings,244,0,filtered,666667,1,8,1,0,0.02574,0.01149
single,control,strings,244,0,filtered,666667,1,8,1,0,0.025394,0.0577
single,baseline,strings,244,0,filtered,666667,1,8,1,0,0.038468,0.057782
single,baseline,strings,244,0,filtered,666667,1,8,2,0,0.039322,0.057258
single,control,strings,244,0,filtered,666667,1,8,2,0,0.025355,0.057518
single,candidate,strings,244,0,filtered,666667,1,8,2,0,0.025874,0.009072
single,candidate,strings,244,0,filtered,666667,1,8,3,0,0.025583,0.011728
single,control,strings,244,0,filtered,666667,1,8,3,0,0.025367,0.05842
single,baseline,strings,244,0,filtered,666667,1,8,3,0,0.039164,0.058274
single,baseline,strings,244,0,filtered,666667,1,8,4,0,0.038904,0.057677
single,control,strings,244,0,filtered,666667,1,8,4,0,0.025424,0.057756
single,candidate,strings,244,0,filtered,666667,1,8,4,0,0.026293,0.010441
single,candidate,strings,244,0,filtered,666667,1,8,5,0,0.025259,0.011826
single,control,strings,244,0,filtered,666667,1,8,5,0,0.025319,0.058205
single,baseline,strings,244,0,filtered,666667,1,8,5,0,0.038699,0.058019
single,baseline,strings,244,0,filtered,666667,1,8,6,1,0.038192,0.058673
single,control,strings,244,0,filtered,666667,1,8,6,1,0.027647,0.058393
single,candidate,strings,244,0,filtered,666667,1,8,6,1,0.025459,0.011559
small,baseline,numeric,8,1,identity,1000,20,8,0,0,0.000176,9.9e-05
small,control,numeric,8,1,identity,1000,20,8,0,0,0.000159,8.6e-05
small,candidate,numeric,8,1,identity,1000,20,8,0,0,0.000141,8e-05
small,candidate,numeric,8,1,identity,1000,20,8,1,0,7.3e-05,7.1e-05
small,control,numeric,8,1,identity,1000,20,8,1,0,0.00012,5.8e-05
small,baseline,numeric,8,1,identity,1000,20,8,1,0,8.6e-05,8.4e-05
small,baseline,numeric,8,1,identity,1000,20,8,2,0,8.6e-05,0.000116
small,control,numeric,8,1,identity,1000,20,8,2,0,7.1e-05,7.2e-05
small,candidate,numeric,8,1,identity,1000,20,8,2,0,8.1e-05,9.5e-05
small,candidate,numeric,8,1,identity,1000,20,8,3,0,8.4e-05,7.5e-05
small,control,numeric,8,1,identity,1000,20,8,3,0,7.3e-05,0.000109
small,baseline,numeric,8,1,identity,1000,20,8,3,0,6.7e-05,9.2e-05
small,baseline,numeric,8,1,identity,1000,20,8,4,1,7.8e-05,7.5e-05
small,control,numeric,8,1,identity,1000,20,8,4,1,8.5e-05,8.3e-05
small,candidate,numeric,8,1,identity,1000,20,8,4,1,0.00017,7e-05
small,baseline,numeric,8,1,sorted,1000,20,8,0,0,7.7e-05,0.000126
small,control,numeric,8,1,sorted,1000,20,8,0,0,7.2e-05,8.9e-05
small,candidate,numeric,8,1,sorted,1000,20,8,0,0,5.6e-05,7.5e-05
small,candidate,numeric,8,1,sorted,1000,20,8,1,0,7.8e-05,8.8e-05
small,control,numeric,8,1,sorted,1000,20,8,1,0,7.6e-05,0.000123
small,baseline,numeric,8,1,sorted,1000,20,8,1,0,6.7e-05,8.6e-05
small,baseline,numeric,8,1,sorted,1000,20,8,2,0,5.8e-05,6.2e-05
small,control,numeric,8,1,sorted,1000,20,8,2,0,7.9e-05,8e-05
small,candidate,numeric,8,1,sorted,1000,20,8,2,0,5.6e-05,6.2e-05
small,candidate,numeric,8,1,sorted,1000,20,8,3,0,5.5e-05,7.5e-05
small,control,numeric,8,1,sorted,1000,20,8,3,0,7.2e-05,7e-05
small,baseline,numeric,8,1,sorted,1000,20,8,3,0,6.9e-05,6.3e-05
small,baseline,numeric,8,1,sorted,1000,20,8,4,1,6.4e-05,7.4e-05
small,control,numeric,8,1,sorted,1000,20,8,4,1,6.3e-05,7.4e-05
small,candidate,numeric,8,1,sorted,1000,20,8,4,1,6.9e-05,7e-05
small,baseline,numeric,8,1,scattered,1000,20,8,0,0,8e-05,0.000144
small,control,numeric,8,1,scattered,1000,20,8,0,0,0.000131,8.5e-05
small,candidate,numeric,8,1,scattered,1000,20,8,0,0,9.9e-05,7.5e-05
small,candidate,numeric,8,1,scattered,1000,20,8,1,0,9.8e-05,6.7e-05
small,control,numeric,8,1,scattered,1000,20,8,1,0,6e-05,4.8e-05
small,baseline,numeric,8,1,scattered,1000,20,8,1,0,6.8e-05,6.7e-05
small,baseline,numeric,8,1,scattered,1000,20,8,2,0,5.2e-05,9.4e-05
small,control,numeric,8,1,scattered,1000,20,8,2,0,7.6e-05,7.7e-05
small,candidate,numeric,8,1,scattered,1000,20,8,2,0,6e-05,8.5e-05
small,candidate,numeric,8,1,scattered,1000,20,8,3,0,6e-05,6e-05
small,control,numeric,8,1,scattered,1000,20,8,3,0,5.8e-05,5.1e-05
small,baseline,numeric,8,1,scattered,1000,20,8,3,0,0.000111,6e-05
small,baseline,numeric,8,1,scattered,1000,20,8,4,1,9.5e-05,5.4e-05
small,control,numeric,8,1,scattered,1000,20,8,4,1,8.5e-05,7.2e-05
small,candidate,numeric,8,1,scattered,1000,20,8,4,1,8.2e-05,7.3e-05
small,baseline,numeric,8,1,filtered,667,20,8,0,0,9.9e-05,4.9e-05
small,control,numeric,8,1,filtered,667,20,8,0,0,9.3e-05,5e-05
small,candidate,numeric,8,1,filtered,667,20,8,0,0,0.000142,5e-05
small,candidate,numeric,8,1,filtered,667,20,8,1,0,8.6e-05,4.9e-05
small,control,numeric,8,1,filtered,667,20,8,1,0,8.6e-05,4.9e-05
small,baseline,numeric,8,1,filtered,667,20,8,1,0,9.6e-05,5e-05
small,baseline,numeric,8,1,filtered,667,20,8,2,0,0.000101,4.8e-05
small,control,numeric,8,1,filtered,667,20,8,2,0,8.1e-05,5.1e-05
small,candidate,numeric,8,1,filtered,667,20,8,2,0,8.5e-05,5e-05
small,candidate,numeric,8,1,filtered,667,20,8,3,0,7.1e-05,5.1e-05
small,control,numeric,8,1,filtered,667,20,8,3,0,0.00011,5e-05
small,baseline,numeric,8,1,filtered,667,20,8,3,0,0.000121,6.4e-05
small,baseline,numeric,8,1,filtered,667,20,8,4,1,0.000118,4.9e-05
small,control,numeric,8,1,filtered,667,20,8,4,1,9e-05,4.9e-05
small,candidate,numeric,8,1,filtered,667,20,8,4,1,0.000127,4.9e-05
small,baseline,numeric,8,0,identity,1000,20,8,0,0,8.4e-05,0.000123
small,control,numeric,8,0,identity,1000,20,8,0,0,9.1e-05,8.3e-05
small,candidate,numeric,8,0,identity,1000,20,8,0,0,0.000105,8.5e-05
small,candidate,numeric,8,0,identity,1000,20,8,1,0,9.5e-05,0.00014
small,control,numeric,8,0,identity,1000,20,8,1,0,9.8e-05,7.8e-05
small,baseline,numeric,8,0,identity,1000,20,8,1,0,8.8e-05,8e-05
small,baseline,numeric,8,0,identity,1000,20,8,2,0,7.9e-05,9.7e-05
small,control,numeric,8,0,identity,1000,20,8,2,0,6.1e-05,8.3e-05
small,candidate,numeric,8,0,identity,1000,20,8,2,0,9.1e-05,8.6e-05
small,candidate,numeric,8,0,identity,1000,20,8,3,0,7.3e-05,7.3e-05
small,control,numeric,8,0,identity,1000,20,8,3,0,9e-05,7.2e-05
small,baseline,numeric,8,0,identity,1000,20,8,3,0,0.000237,0.000161
small,baseline,numeric,8,0,identity,1000,20,8,4,1,7.1e-05,7.5e-05
small,control,numeric,8,0,identity,1000,20,8,4,1,7.6e-05,8.2e-05
small,candidate,numeric,8,0,identity,1000,20,8,4,1,5.7e-05,0.000104
small,baseline,numeric,8,0,sorted,1000,20,8,0,0,7.5e-05,8.5e-05
small,control,numeric,8,0,sorted,1000,20,8,0,0,8.1e-05,6.5e-05
small,candidate,numeric,8,0,sorted,1000,20,8,0,0,7.9e-05,7.8e-05
small,candidate,numeric,8,0,sorted,1000,20,8,1,0,7.2e-05,7e-05
small,control,numeric,8,0,sorted,1000,20,8,1,0,7.3e-05,0.000165
small,baseline,numeric,8,0,sorted,1000,20,8,1,0,0.000112,5.5e-05
small,baseline,numeric,8,0,sorted,1000,20,8,2,0,5.6e-05,7e-05
small,control,numeric,8,0,sorted,1000,20,8,2,0,4.9e-05,7.4e-05
small,candidate,numeric,8,0,sorted,1000,20,8,2,0,8.3e-05,6.1e-05
small,candidate,numeric,8,0,sorted,1000,20,8,3,0,6.2e-05,8.2e-05
small,control,numeric,8,0,sorted,1000,20,8,3,0,0.0001,6.4e-05
small,baseline,numeric,8,0,sorted,1000,20,8,3,0,7.1e-05,6.2e-05
small,baseline,numeric,8,0,sorted,1000,20,8,4,1,9.7e-05,6.6e-05
small,control,numeric,8,0,sorted,1000,20,8,4,1,8.1e-05,4.9e-05
small,candidate,numeric,8,0,sorted,1000,20,8,4,1,6.1e-05,0.000113
small,baseline,numeric,8,0,scattered,1000,20,8,0,0,9.3e-05,6.7e-05
small,control,numeric,8,0,scattered,1000,20,8,0,0,6.5e-05,0.000101
small,candidate,numeric,8,0,scattered,1000,20,8,0,0,7.2e-05,5.6e-05
small,candidate,numeric,8,0,scattered,1000,20,8,1,0,6.6e-05,6.3e-05
small,control,numeric,8,0,scattered,1000,20,8,1,0,7.1e-05,7.3e-05
small,baseline,numeric,8,0,scattered,1000,20,8,1,0,7.8e-05,8.8e-05
small,baseline,numeric,8,0,scattered,1000,20,8,2,0,7.1e-05,4.3e-05
small,control,numeric,8,0,scattered,1000,20,8,2,0,6.8e-05,4.2e-05
small,candidate,numeric,8,0,scattered,1000,20,8,2,0,8.1e-05,8.5e-05
small,candidate,numeric,8,0,scattered,1000,20,8,3,0,0.000164,4.6e-05
small,control,numeric,8,0,scattered,1000,20,8,3,0,8.6e-05,6.3e-05
small,baseline,numeric,8,0,scattered,1000,20,8,3,0,7.7e-05,5.8e-05
small,baseline,numeric,8,0,scattered,1000,20,8,4,1,6.3e-05,5.9e-05
small,control,numeric,8,0,scattered,1000,20,8,4,1,8.9e-05,4.8e-05
small,candidate,numeric,8,0,scattered,1000,20,8,4,1,7.8e-05,6.4e-05
small,baseline,numeric,8,0,filtered,667,20,8,0,0,0.000217,5.1e-05
small,control,numeric,8,0,filtered,667,20,8,0,0,0.000134,5e-05
small,candidate,numeric,8,0,filtered,667,20,8,0,0,0.000107,5.2e-05
small,candidate,numeric,8,0,filtered,667,20,8,1,0,9.8e-05,5e-05
small,control,numeric,8,0,filtered,667,20,8,1,0,8.7e-05,4.9e-05
small,baseline,numeric,8,0,filtered,667,20,8,1,0,9.9e-05,5e-05
small,baseline,numeric,8,0,filtered,667,20,8,2,0,8.3e-05,4.9e-05
small,control,numeric,8,0,filtered,667,20,8,2,0,7.5e-05,4.9e-05
small,candidate,numeric,8,0,filtered,667,20,8,2,0,7.9e-05,4.9e-05
small,candidate,numeric,8,0,filtered,667,20,8,3,0,8.1e-05,4.9e-05
small,control,numeric,8,0,filtered,667,20,8,3,0,6.5e-05,5e-05
small,baseline,numeric,8,0,filtered,667,20,8,3,0,9.4e-05,5e-05
small,baseline,numeric,8,0,filtered,667,20,8,4,1,0.00012,4.9e-05
small,control,numeric,8,0,filtered,667,20,8,4,1,7.8e-05,4.8e-05
small,candidate,numeric,8,0,filtered,667,20,8,4,1,0.000112,4.8e-05
small,baseline,mixed,1,1,identity,1000,20,8,0,0,8.5e-05,8.2e-05
small,control,mixed,1,1,identity,1000,20,8,0,0,8e-05,8.2e-05
small,candidate,mixed,1,1,identity,1000,20,8,0,0,6.9e-05,5e-05
small,candidate,mixed,1,1,identity,1000,20,8,1,0,6.8e-05,8.8e-05
small,control,mixed,1,1,identity,1000,20,8,1,0,7.9e-05,0.0001
small,baseline,mixed,1,1,identity,1000,20,8,1,0,9.5e-05,6.2e-05
small,baseline,mixed,1,1,identity,1000,20,8,2,0,6.2e-05,5.4e-05
small,control,mixed,1,1,identity,1000,20,8,2,0,9.4e-05,7.6e-05
small,candidate,mixed,1,1,identity,1000,20,8,2,0,5.9e-05,8.9e-05
small,candidate,mixed,1,1,identity,1000,20,8,3,0,8.7e-05,7.6e-05
small,control,mixed,1,1,identity,1000,20,8,3,0,0.000131,9.9e-05
small,baseline,mixed,1,1,identity,1000,20,8,3,0,0.000105,8.6e-05
small,baseline,mixed,1,1,identity,1000,20,8,4,1,9.7e-05,7.5e-05
small,control,mixed,1,1,identity,1000,20,8,4,1,7.3e-05,5.8e-05
small,candidate,mixed,1,1,identity,1000,20,8,4,1,6.4e-05,5.5e-05
small,baseline,mixed,1,1,sorted,1000,20,8,0,0,7.6e-05,5.9e-05
small,control,mixed,1,1,sorted,1000,20,8,0,0,8.2e-05,0.000103
small,candidate,mixed,1,1,sorted,1000,20,8,0,0,6.4e-05,6.6e-05
small,candidate,mixed,1,1,sorted,1000,20,8,1,0,6.1e-05,7.2e-05
small,control,mixed,1,1,sorted,1000,20,8,1,0,7.5e-05,0.000124
small,baseline,mixed,1,1,sorted,1000,20,8,1,0,0.000106,5.5e-05
small,baseline,mixed,1,1,sorted,1000,20,8,2,0,5.7e-05,5.1e-05
small,control,mixed,1,1,sorted,1000,20,8,2,0,5.8e-05,7.1e-05
small,candidate,mixed,1,1,sorted,1000,20,8,2,0,7.6e-05,6.2e-05
small,candidate,mixed,1,1,sorted,1000,20,8,3,0,6.3e-05,5.7e-05
small,control,mixed,1,1,sorted,1000,20,8,3,0,8.2e-05,5.6e-05
small,baseline,mixed,1,1,sorted,1000,20,8,3,0,5e-05,6e-05
small,baseline,mixed,1,1,sorted,1000,20,8,4,1,7.4e-05,6.8e-05
small,control,mixed,1,1,sorted,1000,20,8,4,1,7e-05,6.5e-05
small,candidate,mixed,1,1,sorted,1000,20,8,4,1,7.1e-05,5.2e-05
small,baseline,mixed,1,1,scattered,1000,20,8,0,0,7.3e-05,5.7e-05
small,control,mixed,1,1,scattered,1000,20,8,0,0,0.000101,5.8e-05
small,candidate,mixed,1,1,scattered,1000,20,8,0,0,0.000118,0.000108
small,candidate,mixed,1,1,scattered,1000,20,8,1,0,0.000157,0.000152
small,control,mixed,1,1,scattered,1000,20,8,1,0,0.00015,8.6e-05
small,baseline,mixed,1,1,scattered,1000,20,8,1,0,8.9e-05,0.000152
small,baseline,mixed,1,1,scattered,1000,20,8,2,0,0.000121,9e-05
small,control,mixed,1,1,scattered,1000,20,8,2,0,7.1e-05,5.8e-05
small,candidate,mixed,1,1,scattered,1000,20,8,2,0,6e-05,6e-05
small,candidate,mixed,1,1,scattered,1000,20,8,3,0,6.9e-05,6.9e-05
small,control,mixed,1,1,scattered,1000,20,8,3,0,6.2e-05,9.2e-05
small,baseline,mixed,1,1,scattered,1000,20,8,3,0,8.4e-05,8.2e-05
small,baseline,mixed,1,1,scattered,1000,20,8,4,1,8.7e-05,0.000111
small,control,mixed,1,1,scattered,1000,20,8,4,1,0.000195,7.1e-05
small,candidate,mixed,1,1,scattered,1000,20,8,4,1,0.000135,6.8e-05
small,baseline,mixed,1,1,filtered,667,20,8,0,0,0.000119,6.3e-05
small,control,mixed,1,1,filtered,667,20,8,0,0,0.000191,6.2e-05
small,candidate,mixed,1,1,filtered,667,20,8,0,0,0.000109,6e-05
small,candidate,mixed,1,1,filtered,667,20,8,1,0,0.000102,6e-05
small,control,mixed,1,1,filtered,667,20,8,1,0,7.6e-05,6.1e-05
small,baseline,mixed,1,1,filtered,667,20,8,1,0,0.000103,6.3e-05
small,baseline,mixed,1,1,filtered,667,20,8,2,0,0.000118,6.1e-05
small,control,mixed,1,1,filtered,667,20,8,2,0,8.1e-05,6.2e-05
small,candidate,mixed,1,1,filtered,667,20,8,2,0,8e-05,6.1e-05
small,candidate,mixed,1,1,filtered,667,20,8,3,0,8.6e-05,6e-05
small,control,mixed,1,1,filtered,667,20,8,3,0,0.000106,6.1e-05
small,baseline,mixed,1,1,filtered,667,20,8,3,0,0.000115,6.1e-05
small,baseline,mixed,1,1,filtered,667,20,8,4,1,9.2e-05,6e-05
small,control,mixed,1,1,filtered,667,20,8,4,1,8.1e-05,6e-05
small,candidate,mixed,1,1,filtered,667,20,8,4,1,7.2e-05,5.8e-05
small,baseline,mixed,1,0,identity,1000,20,8,0,0,8e-05,5.4e-05
small,control,mixed,1,0,identity,1000,20,8,0,0,7.5e-05,8.8e-05
small,candidate,mixed,1,0,identity,1000,20,8,0,0,8.9e-05,6.8e-05
small,candidate,mixed,1,0,identity,1000,20,8,1,0,6.4e-05,5.6e-05
small,control,mixed,1,0,identity,1000,20,8,1,0,8.3e-05,0.000105
small,baseline,mixed,1,0,identity,1000,20,8,1,0,7.6e-05,0.000129
small,baseline,mixed,1,0,identity,1000,20,8,2,0,0.000125,7.4e-05
small,control,mixed,1,0,identity,1000,20,8,2,0,0.0001,6.3e-05
small,candidate,mixed,1,0,identity,1000,20,8,2,0,6.8e-05,6.1e-05
small,candidate,mixed,1,0,identity,1000,20,8,3,0,6.4e-05,4.9e-05
small,control,mixed,1,0,identity,1000,20,8,3,0,7.9e-05,6.2e-05
small,baseline,mixed,1,0,identity,1000,20,8,3,0,8.2e-05,5.9e-05
small,baseline,mixed,1,0,identity,1000,20,8,4,1,9.1e-05,5.9e-05
small,control,mixed,1,0,identity,1000,20,8,4,1,6.3e-05,5e-05
small,candidate,mixed,1,0,identity,1000,20,8,4,1,6.5e-05,9.1e-05
small,baseline,mixed,1,0,sorted,1000,20,8,0,0,7.2e-05,6.7e-05
small,control,mixed,1,0,sorted,1000,20,8,0,0,6.8e-05,5.5e-05
small,candidate,mixed,1,0,sorted,1000,20,8,0,0,7.5e-05,5.3e-05
small,candidate,mixed,1,0,sorted,1000,20,8,1,0,7.6e-05,6e-05
small,control,mixed,1,0,sorted,1000,20,8,1,0,6e-05,0.000134
small,baseline,mixed,1,0,sorted,1000,20,8,1,0,0.000107,8.3e-05
small,baseline,mixed,1,0,sorted,1000,20,8,2,0,0.00011,7.9e-05
small,control,mixed,1,0,sorted,1000,20,8,2,0,7.2e-05,5.8e-05
small,candidate,mixed,1,0,sorted,1000,20,8,2,0,5.7e-05,5e-05
small,candidate,mixed,1,0,sorted,1000,20,8,3,0,6.3e-05,6e-05
small,control,mixed,1,0,sorted,1000,20,8,3,0,9.2e-05,5.6e-05
small,baseline,mixed,1,0,sorted,1000,20,8,3,0,6.8e-05,6.6e-05
small,baseline,mixed,1,0,sorted,1000,20,8,4,1,8.9e-05,6.8e-05
small,control,mixed,1,0,sorted,1000,20,8,4,1,6.8e-05,6.1e-05
small,candidate,mixed,1,0,sorted,1000,20,8,4,1,9.6e-05,5.3e-05
small,baseline,mixed,1,0,scattered,1000,20,8,0,0,7e-05,6.5e-05
small,control,mixed,1,0,scattered,1000,20,8,0,0,5.8e-05,6.3e-05
small,candidate,mixed,1,0,scattered,1000,20,8,0,0,6.6e-05,7.2e-05
small,candidate,mixed,1,0,scattered,1000,20,8,1,0,6.6e-05,5.6e-05
small,control,mixed,1,0,scattered,1000,20,8,1,0,6.3e-05,4.9e-05
small,baseline,mixed,1,0,scattered,1000,20,8,1,0,9.3e-05,6.3e-05
small,baseline,mixed,1,0,scattered,1000,20,8,2,0,6.4e-05,0.000131
small,control,mixed,1,0,scattered,1000,20,8,2,0,5.6e-05,5.9e-05
small,candidate,mixed,1,0,scattered,1000,20,8,2,0,7.2e-05,8.6e-05
small,candidate,mixed,1,0,scattered,1000,20,8,3,0,7.3e-05,5.2e-05
small,control,mixed,1,0,scattered,1000,20,8,3,0,6.1e-05,0.000103
small,baseline,mixed,1,0,scattered,1000,20,8,3,0,7.9e-05,5.1e-05
small,baseline,mixed,1,0,scattered,1000,20,8,4,1,9.9e-05,5.9e-05
small,control,mixed,1,0,scattered,1000,20,8,4,1,7.6e-05,5.5e-05
small,candidate,mixed,1,0,scattered,1000,20,8,4,1,6.6e-05,5.4e-05
small,baseline,mixed,1,0,filtered,667,20,8,0,0,9.6e-05,6.1e-05
small,control,mixed,1,0,filtered,667,20,8,0,0,8e-05,6e-05
small,candidate,mixed,1,0,filtered,667,20,8,0,0,0.000109,5.9e-05
small,candidate,mixed,1,0,filtered,667,20,8,1,0,0.000101,6e-05
small,control,mixed,1,0,filtered,667,20,8,1,0,8.9e-05,6.2e-05
small,baseline,mixed,1,0,filtered,667,20,8,1,0,0.000129,5.9e-05
small,baseline,mixed,1,0,filtered,667,20,8,2,0,9.1e-05,6e-05
small,control,mixed,1,0,filtered,667,20,8,2,0,7.4e-05,6.1e-05
small,candidate,mixed,1,0,filtered,667,20,8,2,0,5.9e-05,5.8e-05
small,candidate,mixed,1,0,filtered,667,20,8,3,0,9.2e-05,5.9e-05
small,control,mixed,1,0,filtered,667,20,8,3,0,7.6e-05,6e-05
small,baseline,mixed,1,0,filtered,667,20,8,3,0,0.000131,6.1e-05
small,baseline,mixed,1,0,filtered,667,20,8,4,1,8.8e-05,6e-05
small,control,mixed,1,0,filtered,667,20,8,4,1,7.5e-05,6e-05
small,candidate,mixed,1,0,filtered,667,20,8,4,1,8.6e-05,5.8e-05
small,baseline,mixed,8,1,identity,1000,20,8,0,0,7.2e-05,8.7e-05
small,control,mixed,8,1,identity,1000,20,8,0,0,8.1e-05,5.8e-05
small,candidate,mixed,8,1,identity,1000,20,8,0,0,6.4e-05,9.8e-05
small,candidate,mixed,8,1,identity,1000,20,8,1,0,7.9e-05,5.2e-05
small,control,mixed,8,1,identity,1000,20,8,1,0,9.5e-05,8.4e-05
small,baseline,mixed,8,1,identity,1000,20,8,1,0,0.000102,5.6e-05
small,baseline,mixed,8,1,identity,1000,20,8,2,0,6.4e-05,6.3e-05
small,control,mixed,8,1,identity,1000,20,8,2,0,6.7e-05,8.8e-05
small,candidate,mixed,8,1,identity,1000,20,8,2,0,7.1e-05,6.5e-05
small,candidate,mixed,8,1,identity,1000,20,8,3,0,7.2e-05,0.000102
small,control,mixed,8,1,identity,1000,20,8,3,0,0.000126,6.1e-05
small,baseline,mixed,8,1,identity,1000,20,8,3,0,7.3e-05,0.000118
small,baseline,mixed,8,1,identity,1000,20,8,4,1,6.2e-05,6e-05
small,control,mixed,8,1,identity,1000,20,8,4,1,7.3e-05,6.6e-05
small,candidate,mixed,8,1,identity,1000,20,8,4,1,6.5e-05,5.7e-05
small,baseline,mixed,8,1,sorted,1000,20,8,0,0,8.5e-05,9.1e-05
small,control,mixed,8,1,sorted,1000,20,8,0,0,9.6e-05,9.6e-05
small,candidate,mixed,8,1,sorted,1000,20,8,0,0,7.5e-05,6.9e-05
small,candidate,mixed,8,1,sorted,1000,20,8,1,0,8.5e-05,8e-05
small,control,mixed,8,1,sorted,1000,20,8,1,0,7.8e-05,7.2e-05
small,baseline,mixed,8,1,sorted,1000,20,8,1,0,7.3e-05,7.4e-05
small,baseline,mixed,8,1,sorted,1000,20,8,2,0,0.000117,9.9e-05
small,control,mixed,8,1,sorted,1000,20,8,2,0,6.9e-05,6.8e-05
small,candidate,mixed,8,1,sorted,1000,20,8,2,0,8.7e-05,5.9e-05
small,candidate,mixed,8,1,sorted,1000,20,8,3,0,6.7e-05,6.2e-05
small,control,mixed,8,1,sorted,1000,20,8,3,0,7.9e-05,0.000112
small,baseline,mixed,8,1,sorted,1000,20,8,3,0,7e-05,6.5e-05
small,baseline,mixed,8,1,sorted,1000,20,8,4,1,6.7e-05,5.9e-05
small,control,mixed,8,1,sorted,1000,20,8,4,1,6.8e-05,6.2e-05
small,candidate,mixed,8,1,sorted,1000,20,8,4,1,8e-05,8.2e-05
small,baseline,mixed,8,1,scattered,1000,20,8,0,0,8e-05,7.4e-05
small,control,mixed,8,1,scattered,1000,20,8,0,0,6.4e-05,5.8e-05
small,candidate,mixed,8,1,scattered,1000,20,8,0,0,8.6e-05,8.3e-05
small,candidate,mixed,8,1,scattered,1000,20,8,1,0,7.5e-05,6.5e-05
small,control,mixed,8,1,scattered,1000,20,8,1,0,6.9e-05,6.6e-05
small,baseline,mixed,8,1,scattered,1000,20,8,1,0,6.5e-05,7.2e-05
small,baseline,mixed,8,1,scattered,1000,20,8,2,0,7.1e-05,6.3e-05
small,control,mixed,8,1,scattered,1000,20,8,2,0,6.2e-05,6.9e-05
small,candidate,mixed,8,1,scattered,1000,20,8,2,0,6.9e-05,5.2e-05
small,candidate,mixed,8,1,scattered,1000,20,8,3,0,5.6e-05,6.4e-05
small,control,mixed,8,1,scattered,1000,20,8,3,0,8e-05,6.5e-05
small,baseline,mixed,8,1,scattered,1000,20,8,3,0,8e-05,6e-05
small,baseline,mixed,8,1,scattered,1000,20,8,4,1,8e-05,6.8e-05
small,control,mixed,8,1,scattered,1000,20,8,4,1,8.2e-05,6.3e-05
small,candidate,mixed,8,1,scattered,1000,20,8,4,1,6.3e-05,6.8e-05
small,baseline,mixed,8,1,filtered,667,20,8,0,0,8.6e-05,7.4e-05
small,control,mixed,8,1,filtered,667,20,8,0,0,8e-05,7.8e-05
small,candidate,mixed,8,1,filtered,667,20,8,0,0,7.8e-05,7.4e-05
small,candidate,mixed,8,1,filtered,667,20,8,1,0,8e-05,7.9e-05
small,control,mixed,8,1,filtered,667,20,8,1,0,7.4e-05,7.7e-05
small,baseline,mixed,8,1,filtered,667,20,8,1,0,9.7e-05,8.1e-05
small,baseline,mixed,8,1,filtered,667,20,8,2,0,9.9e-05,7.6e-05
small,control,mixed,8,1,filtered,667,20,8,2,0,8.4e-05,7.6e-05
small,candidate,mixed,8,1,filtered,667,20,8,2,0,8.2e-05,8e-05
small,candidate,mixed,8,1,filtered,667,20,8,3,0,8.8e-05,7.4e-05
small,control,mixed,8,1,filtered,667,20,8,3,0,9.1e-05,7.2e-05
small,baseline,mixed,8,1,filtered,667,20,8,3,0,9e-05,7.9e-05
small,baseline,mixed,8,1,filtered,667,20,8,4,1,9.9e-05,7.7e-05
small,control,mixed,8,1,filtered,667,20,8,4,1,7.3e-05,7.4e-05
small,candidate,mixed,8,1,filtered,667,20,8,4,1,8.9e-05,7.6e-05
small,baseline,mixed,8,0,identity,1000,20,8,0,0,0.000122,7.3e-05
small,control,mixed,8,0,identity,1000,20,8,0,0,9e-05,4.4e-05
small,candidate,mixed,8,0,identity,1000,20,8,0,0,7.4e-05,8.1e-05
small,candidate,mixed,8,0,identity,1000,20,8,1,0,7.3e-05,7.4e-05
small,control,mixed,8,0,identity,1000,20,8,1,0,7.2e-05,6.6e-05
small,baseline,mixed,8,0,identity,1000,20,8,1,0,0.000101,6.6e-05
small,baseline,mixed,8,0,identity,1000,20,8,2,0,0.000127,0.0001
small,control,mixed,8,0,identity,1000,20,8,2,0,7e-05,6.3e-05
small,candidate,mixed,8,0,identity,1000,20,8,2,0,7.6e-05,5.1e-05
small,candidate,mixed,8,0,identity,1000,20,8,3,0,6.5e-05,6.8e-05
small,control,mixed,8,0,identity,1000,20,8,3,0,8.6e-05,0.0001
small,baseline,mixed,8,0,identity,1000,20,8,3,0,0.000112,7.9e-05
small,baseline,mixed,8,0,identity,1000,20,8,4,1,0.000107,5.5e-05
small,control,mixed,8,0,identity,1000,20,8,4,1,7.1e-05,6.4e-05
small,candidate,mixed,8,0,identity,1000,20,8,4,1,8.5e-05,8e-05
small,baseline,mixed,8,0,sorted,1000,20,8,0,0,0.000103,5.6e-05
small,control,mixed,8,0,sorted,1000,20,8,0,0,7.4e-05,8.3e-05
small,candidate,mixed,8,0,sorted,1000,20,8,0,0,6.8e-05,7.4e-05
small,candidate,mixed,8,0,sorted,1000,20,8,1,0,7.3e-05,6.6e-05
small,control,mixed,8,0,sorted,1000,20,8,1,0,8.1e-05,7.8e-05
small,baseline,mixed,8,0,sorted,1000,20,8,1,0,9.5e-05,5.3e-05
small,baseline,mixed,8,0,sorted,1000,20,8,2,0,0.0001,5.3e-05
small,control,mixed,8,0,sorted,1000,20,8,2,0,6.8e-05,0.000102
small,candidate,mixed,8,0,sorted,1000,20,8,2,0,6.9e-05,4.9e-05
small,candidate,mixed,8,0,sorted,1000,20,8,3,0,8.8e-05,4.5e-05
small,control,mixed,8,0,sorted,1000,20,8,3,0,8.8e-05,9e-05
small,baseline,mixed,8,0,sorted,1000,20,8,3,0,7.1e-05,7.5e-05
small,baseline,mixed,8,0,sorted,1000,20,8,4,1,9.3e-05,5.6e-05
small,control,mixed,8,0,sorted,1000,20,8,4,1,8.8e-05,5.7e-05
small,candidate,mixed,8,0,sorted,1000,20,8,4,1,7e-05,5.7e-05
small,baseline,mixed,8,0,scattered,1000,20,8,0,0,8.6e-05,5.6e-05
small,control,mixed,8,0,scattered,1000,20,8,0,0,8.2e-05,6e-05
small,candidate,mixed,8,0,scattered,1000,20,8,0,0,7.9e-05,7.1e-05
small,candidate,mixed,8,0,scattered,1000,20,8,1,0,6.2e-05,6.6e-05
small,control,mixed,8,0,scattered,1000,20,8,1,0,7.4e-05,6.3e-05
small,baseline,mixed,8,0,scattered,1000,20,8,1,0,9.8e-05,6.5e-05
small,baseline,mixed,8,0,scattered,1000,20,8,2,0,9.5e-05,5.5e-05
small,control,mixed,8,0,scattered,1000,20,8,2,0,8.8e-05,9.9e-05
small,candidate,mixed,8,0,scattered,1000,20,8,2,0,5.9e-05,6.6e-05
small,candidate,mixed,8,0,scattered,1000,20,8,3,0,0.000116,0.000115
small,control,mixed,8,0,scattered,1000,20,8,3,0,7e-05,8.7e-05
small,baseline,mixed,8,0,scattered,1000,20,8,3,0,0.000117,6.1e-05
small,baseline,mixed,8,0,scattered,1000,20,8,4,1,0.000113,7.4e-05
small,control,mixed,8,0,scattered,1000,20,8,4,1,7.7e-05,5e-05
small,candidate,mixed,8,0,scattered,1000,20,8,4,1,7.8e-05,6e-05
small,baseline,mixed,8,0,filtered,667,20,8,0,0,9.8e-05,7.9e-05
small,control,mixed,8,0,filtered,667,20,8,0,0,8.1e-05,7.5e-05
small,candidate,mixed,8,0,filtered,667,20,8,0,0,8.3e-05,7.5e-05
small,candidate,mixed,8,0,filtered,667,20,8,1,0,8.1e-05,7.2e-05
small,control,mixed,8,0,filtered,667,20,8,1,0,7.9e-05,7.5e-05
small,baseline,mixed,8,0,filtered,667,20,8,1,0,0.000124,7.6e-05
small,baseline,mixed,8,0,filtered,667,20,8,2,0,0.00012,7.4e-05
small,control,mixed,8,0,filtered,667,20,8,2,0,8e-05,7.5e-05
small,candidate,mixed,8,0,filtered,667,20,8,2,0,8.7e-05,7.6e-05
small,candidate,mixed,8,0,filtered,667,20,8,3,0,7.6e-05,7.9e-05
small,control,mixed,8,0,filtered,667,20,8,3,0,9.1e-05,7.6e-05
small,baseline,mixed,8,0,filtered,667,20,8,3,0,0.000103,7.5e-05
small,baseline,mixed,8,0,filtered,667,20,8,4,1,0.000147,8.3e-05
small,control,mixed,8,0,filtered,667,20,8,4,1,7.3e-05,8.6e-05
small,candidate,mixed,8,0,filtered,667,20,8,4,1,9.5e-05,7.6e-05
small,baseline,mixed,244,1,identity,1000,20,8,0,0,0.000191,0.000281
small,control,mixed,244,1,identity,1000,20,8,0,0,0.000164,0.000233
small,candidate,mixed,244,1,identity,1000,20,8,0,0,0.000168,0.000223
small,candidate,mixed,244,1,identity,1000,20,8,1,0,0.000178,0.000216
small,control,mixed,244,1,identity,1000,20,8,1,0,0.000137,0.000241
small,baseline,mixed,244,1,identity,1000,20,8,1,0,0.000137,0.000255
small,baseline,mixed,244,1,identity,1000,20,8,2,0,0.000163,0.000284
small,control,mixed,244,1,identity,1000,20,8,2,0,0.000136,0.000224
small,candidate,mixed,244,1,identity,1000,20,8,2,0,0.000154,0.000224
small,candidate,mixed,244,1,identity,1000,20,8,3,0,0.000131,0.000221
small,control,mixed,244,1,identity,1000,20,8,3,0,0.000151,0.000218
small,baseline,mixed,244,1,identity,1000,20,8,3,0,0.00018,0.000265
small,baseline,mixed,244,1,identity,1000,20,8,4,1,0.000135,0.000259
small,control,mixed,244,1,identity,1000,20,8,4,1,0.000156,0.000225
small,candidate,mixed,244,1,identity,1000,20,8,4,1,0.000136,0.00022
small,baseline,mixed,244,1,sorted,1000,20,8,0,0,0.000134,0.000226
small,control,mixed,244,1,sorted,1000,20,8,0,0,0.000146,0.000298
small,candidate,mixed,244,1,sorted,1000,20,8,0,0,0.000172,0.000244
small,candidate,mixed,244,1,sorted,1000,20,8,1,0,0.000153,0.000243
small,control,mixed,244,1,sorted,1000,20,8,1,0,0.000149,0.000239
small,baseline,mixed,244,1,sorted,1000,20,8,1,0,0.000151,0.000286
small,baseline,mixed,244,1,sorted,1000,20,8,2,0,0.000172,0.000282
small,control,mixed,244,1,sorted,1000,20,8,2,0,0.000144,0.000289
small,candidate,mixed,244,1,sorted,1000,20,8,2,0,0.000143,0.000271
small,candidate,mixed,244,1,sorted,1000,20,8,3,0,0.000161,0.000249
small,control,mixed,244,1,sorted,1000,20,8,3,0,0.000192,0.000239
small,baseline,mixed,244,1,sorted,1000,20,8,3,0,0.000173,0.000233
small,baseline,mixed,244,1,sorted,1000,20,8,4,1,0.000201,0.000245
small,control,mixed,244,1,sorted,1000,20,8,4,1,0.000157,0.000229
small,candidate,mixed,244,1,sorted,1000,20,8,4,1,0.000155,0.000262
small,baseline,mixed,244,1,scattered,1000,20,8,0,0,0.000177,0.000274
small,control,mixed,244,1,scattered,1000,20,8,0,0,0.000154,0.000229
small,candidate,mixed,244,1,scattered,1000,20,8,0,0,0.000124,0.000248
small,candidate,mixed,244,1,scattered,1000,20,8,1,0,0.000156,0.000226
small,control,mixed,244,1,scattered,1000,20,8,1,0,0.000193,0.000234
small,baseline,mixed,244,1,scattered,1000,20,8,1,0,0.000166,0.00025
small,baseline,mixed,244,1,scattered,1000,20,8,2,0,0.000153,0.000274
small,control,mixed,244,1,scattered,1000,20,8,2,0,0.000166,0.000218
small,candidate,mixed,244,1,scattered,1000,20,8,2,0,0.00014,0.000244
small,candidate,mixed,244,1,scattered,1000,20,8,3,0,0.000147,0.000238
small,control,mixed,244,1,scattered,1000,20,8,3,0,0.000173,0.000218
small,baseline,mixed,244,1,scattered,1000,20,8,3,0,0.000163,0.000304
small,baseline,mixed,244,1,scattered,1000,20,8,4,1,0.000158,0.000284
small,control,mixed,244,1,scattered,1000,20,8,4,1,0.000169,0.000266
small,candidate,mixed,244,1,scattered,1000,20,8,4,1,0.000192,0.000279
small,baseline,mixed,244,1,filtered,667,20,8,0,0,0.00017,0.000584
small,control,mixed,244,1,filtered,667,20,8,0,0,0.000148,0.000568
small,candidate,mixed,244,1,filtered,667,20,8,0,0,0.000177,0.00058
small,candidate,mixed,244,1,filtered,667,20,8,1,0,0.000175,0.000566
small,control,mixed,244,1,filtered,667,20,8,1,0,0.00016,0.000599
small,baseline,mixed,244,1,filtered,667,20,8,1,0,0.00016,0.000614
small,baseline,mixed,244,1,filtered,667,20,8,2,0,0.00015,0.00061
small,control,mixed,244,1,filtered,667,20,8,2,0,0.000151,0.000578
small,candidate,mixed,244,1,filtered,667,20,8,2,0,0.000153,0.000566
small,candidate,mixed,244,1,filtered,667,20,8,3,0,0.000149,0.000586
small,control,mixed,244,1,filtered,667,20,8,3,0,0.00018,0.000572
small,baseline,mixed,244,1,filtered,667,20,8,3,0,0.000158,0.000624
small,baseline,mixed,244,1,filtered,667,20,8,4,1,0.000163,0.000581
small,control,mixed,244,1,filtered,667,20,8,4,1,0.000177,0.000585
small,candidate,mixed,244,1,filtered,667,20,8,4,1,0.000187,0.000576
small,baseline,mixed,244,0,identity,1000,20,8,0,0,0.000273,0.000211
small,control,mixed,244,0,identity,1000,20,8,0,0,0.000208,0.000237
small,candidate,mixed,244,0,identity,1000,20,8,0,0,0.000221,0.000303
small,candidate,mixed,244,0,identity,1000,20,8,1,0,0.000221,0.00025
small,control,mixed,244,0,identity,1000,20,8,1,0,0.000238,0.000302
small,baseline,mixed,244,0,identity,1000,20,8,1,0,0.000199,0.000274
small,baseline,mixed,244,0,identity,1000,20,8,2,0,0.000203,0.000228
small,control,mixed,244,0,identity,1000,20,8,2,0,0.000214,0.000247
small,candidate,mixed,244,0,identity,1000,20,8,2,0,0.000181,0.000238
small,candidate,mixed,244,0,identity,1000,20,8,3,0,0.000171,0.000226
small,control,mixed,244,0,identity,1000,20,8,3,0,0.000202,0.000246
small,baseline,mixed,244,0,identity,1000,20,8,3,0,0.000209,0.000258
small,baseline,mixed,244,0,identity,1000,20,8,4,1,0.000199,0.000241
small,control,mixed,244,0,identity,1000,20,8,4,1,0.000205,0.000247
small,candidate,mixed,244,0,identity,1000,20,8,4,1,0.00023,0.000265
small,baseline,mixed,244,0,sorted,1000,20,8,0,0,0.000251,0.000268
small,control,mixed,244,0,sorted,1000,20,8,0,0,0.000194,0.000241
small,candidate,mixed,244,0,sorted,1000,20,8,0,0,0.000194,0.000225
small,candidate,mixed,244,0,sorted,1000,20,8,1,0,0.00018,0.000241
small,control,mixed,244,0,sorted,1000,20,8,1,0,0.000183,0.00024
small,baseline,mixed,244,0,sorted,1000,20,8,1,0,0.000198,0.000235
small,baseline,mixed,244,0,sorted,1000,20,8,2,0,0.000204,0.000243
small,control,mixed,244,0,sorted,1000,20,8,2,0,0.000241,0.000242
small,candidate,mixed,244,0,sorted,1000,20,8,2,0,0.000242,0.000251
small,candidate,mixed,244,0,sorted,1000,20,8,3,0,0.000197,0.000276
small,control,mixed,244,0,sorted,1000,20,8,3,0,0.000246,0.000286
small,baseline,mixed,244,0,sorted,1000,20,8,3,0,0.000211,0.00025
small,baseline,mixed,244,0,sorted,1000,20,8,4,1,0.000237,0.000238
small,control,mixed,244,0,sorted,1000,20,8,4,1,0.000182,0.000235
small,candidate,mixed,244,0,sorted,1000,20,8,4,1,0.00019,0.00026
small,baseline,mixed,244,0,scattered,1000,20,8,0,0,0.000225,0.000325
small,control,mixed,244,0,scattered,1000,20,8,0,0,0.000222,0.000262
small,candidate,mixed,244,0,scattered,1000,20,8,0,0,0.000227,0.00029
small,candidate,mixed,244,0,scattered,1000,20,8,1,0,0.00022,0.000239
small,control,mixed,244,0,scattered,1000,20,8,1,0,0.000196,0.00025
small,baseline,mixed,244,0,scattered,1000,20,8,1,0,0.000192,0.000241
small,baseline,mixed,244,0,scattered,1000,20,8,2,0,0.000197,0.000243
small,control,mixed,244,0,scattered,1000,20,8,2,0,0.00019,0.000242
small,candidate,mixed,244,0,scattered,1000,20,8,2,0,0.000244,0.000246
small,candidate,mixed,244,0,scattered,1000,20,8,3,0,0.000198,0.000251
small,control,mixed,244,0,scattered,1000,20,8,3,0,0.000234,0.000236
small,baseline,mixed,244,0,scattered,1000,20,8,3,0,0.000187,0.000236
small,baseline,mixed,244,0,scattered,1000,20,8,4,1,0.0002,0.000249
small,control,mixed,244,0,scattered,1000,20,8,4,1,0.000222,0.000258
small,candidate,mixed,244,0,scattered,1000,20,8,4,1,0.000198,0.000243
small,baseline,mixed,244,0,filtered,667,20,8,0,0,0.000188,0.000618
small,control,mixed,244,0,filtered,667,20,8,0,0,0.000184,0.000581
small,candidate,mixed,244,0,filtered,667,20,8,0,0,0.000206,0.00058
small,candidate,mixed,244,0,filtered,667,20,8,1,0,0.000166,0.00058
small,control,mixed,244,0,filtered,667,20,8,1,0,0.000171,0.00059
small,baseline,mixed,244,0,filtered,667,20,8,1,0,0.000173,0.000578
small,baseline,mixed,244,0,filtered,667,20,8,2,0,0.000201,0.000599
small,control,mixed,244,0,filtered,667,20,8,2,0,0.000189,0.000575
small,candidate,mixed,244,0,filtered,667,20,8,2,0,0.00016,0.000598
small,candidate,mixed,244,0,filtered,667,20,8,3,0,0.000175,0.000588
small,control,mixed,244,0,filtered,667,20,8,3,0,0.000184,0.000575
small,baseline,mixed,244,0,filtered,667,20,8,3,0,0.000197,0.000561
small,baseline,mixed,244,0,filtered,667,20,8,4,1,0.000189,0.000568
small,control,mixed,244,0,filtered,667,20,8,4,1,0.000191,0.000591
small,candidate,mixed,244,0,filtered,667,20,8,4,1,0.000183,0.000589
small,baseline,mixed,2045,1,identity,1000,20,8,0,0,0.00285,0.001558
small,control,mixed,2045,1,identity,1000,20,8,0,0,0.002296,0.00178
small,candidate,mixed,2045,1,identity,1000,20,8,0,0,0.001797,0.00167
small,candidate,mixed,2045,1,identity,1000,20,8,1,0,0.001694,0.002011
small,control,mixed,2045,1,identity,1000,20,8,1,0,0.001386,0.002104
small,baseline,mixed,2045,1,identity,1000,20,8,1,0,0.001439,0.001693
small,baseline,mixed,2045,1,identity,1000,20,8,2,0,0.001525,0.002231
small,control,mixed,2045,1,identity,1000,20,8,2,0,0.001296,0.001499
small,candidate,mixed,2045,1,identity,1000,20,8,2,0,0.001198,0.002293
small,candidate,mixed,2045,1,identity,1000,20,8,3,0,0.001307,0.001552
small,control,mixed,2045,1,identity,1000,20,8,3,0,0.001403,0.002208
small,baseline,mixed,2045,1,identity,1000,20,8,3,0,0.001485,0.001419
small,baseline,mixed,2045,1,identity,1000,20,8,4,1,0.001187,0.002033
small,control,mixed,2045,1,identity,1000,20,8,4,1,0.001623,0.001459
small,candidate,mixed,2045,1,identity,1000,20,8,4,1,0.001215,0.001554
small,baseline,mixed,2045,1,sorted,1000,20,8,0,0,0.001251,0.001493
small,control,mixed,2045,1,sorted,1000,20,8,0,0,0.001153,0.001438
small,candidate,mixed,2045,1,sorted,1000,20,8,0,0,0.001188,0.001441
small,candidate,mixed,2045,1,sorted,1000,20,8,1,0,0.00116,0.001575
small,control,mixed,2045,1,sorted,1000,20,8,1,0,0.001193,0.001517
small,baseline,mixed,2045,1,sorted,1000,20,8,1,0,0.001146,0.001501
small,baseline,mixed,2045,1,sorted,1000,20,8,2,0,0.001133,0.001602
small,control,mixed,2045,1,sorted,1000,20,8,2,0,0.001179,0.001511
small,candidate,mixed,2045,1,sorted,1000,20,8,2,0,0.001189,0.001741
small,candidate,mixed,2045,1,sorted,1000,20,8,3,0,0.001207,0.001548
small,control,mixed,2045,1,sorted,1000,20,8,3,0,0.001429,0.00181
small,baseline,mixed,2045,1,sorted,1000,20,8,3,0,0.001379,0.00151
small,baseline,mixed,2045,1,sorted,1000,20,8,4,1,0.00123,0.00162
small,control,mixed,2045,1,sorted,1000,20,8,4,1,0.001148,0.001496
small,candidate,mixed,2045,1,sorted,1000,20,8,4,1,0.001192,0.001578
small,baseline,mixed,2045,1,scattered,1000,20,8,0,0,0.001277,0.001489
small,control,mixed,2045,1,scattered,1000,20,8,0,0,0.001472,0.00165
small,candidate,mixed,2045,1,scattered,1000,20,8,0,0,0.001156,0.002066
small,candidate,mixed,2045,1,scattered,1000,20,8,1,0,0.001162,0.001555
small,control,mixed,2045,1,scattered,1000,20,8,1,0,0.001215,0.001526
small,baseline,mixed,2045,1,scattered,1000,20,8,1,0,0.001296,0.001565
small,baseline,mixed,2045,1,scattered,1000,20,8,2,0,0.00119,0.001541
small,control,mixed,2045,1,scattered,1000,20,8,2,0,0.001225,0.001565
small,candidate,mixed,2045,1,scattered,1000,20,8,2,0,0.001264,0.001619
small,candidate,mixed,2045,1,scattered,1000,20,8,3,0,0.001157,0.001526
small,control,mixed,2045,1,scattered,1000,20,8,3,0,0.00122,0.001516
small,baseline,mixed,2045,1,scattered,1000,20,8,3,0,0.001174,0.001583
small,baseline,mixed,2045,1,scattered,1000,20,8,4,1,0.001282,0.001589
small,control,mixed,2045,1,scattered,1000,20,8,4,1,0.001221,0.001514
small,candidate,mixed,2045,1,scattered,1000,20,8,4,1,0.001141,0.001613
small,baseline,mixed,2045,1,filtered,667,20,8,0,0,0.000857,0.004804
small,control,mixed,2045,1,filtered,667,20,8,0,0,0.000814,0.004571
small,candidate,mixed,2045,1,filtered,667,20,8,0,0,0.000752,0.004645
small,candidate,mixed,2045,1,filtered,667,20,8,1,0,0.000816,0.004813
small,control,mixed,2045,1,filtered,667,20,8,1,0,0.000779,0.00471
small,baseline,mixed,2045,1,filtered,667,20,8,1,0,0.000803,0.004749
small,baseline,mixed,2045,1,filtered,667,20,8,2,0,0.000846,0.004566
small,control,mixed,2045,1,filtered,667,20,8,2,0,0.000754,0.004442
small,candidate,mixed,2045,1,filtered,667,20,8,2,0,0.000819,0.004603
small,candidate,mixed,2045,1,filtered,667,20,8,3,0,0.000787,0.004805
small,control,mixed,2045,1,filtered,667,20,8,3,0,0.000751,0.004518
small,baseline,mixed,2045,1,filtered,667,20,8,3,0,0.000821,0.004568
small,baseline,mixed,2045,1,filtered,667,20,8,4,1,0.000817,0.00461
small,control,mixed,2045,1,filtered,667,20,8,4,1,0.000783,0.004799
small,candidate,mixed,2045,1,filtered,667,20,8,4,1,0.000825,0.004434
small,baseline,mixed,2045,0,identity,1000,20,8,0,0,0.001182,0.00141
small,control,mixed,2045,0,identity,1000,20,8,0,0,0.001149,0.001424
small,candidate,mixed,2045,0,identity,1000,20,8,0,0,0.001128,0.0015
small,candidate,mixed,2045,0,identity,1000,20,8,1,0,0.001173,0.001435
small,control,mixed,2045,0,identity,1000,20,8,1,0,0.00123,0.001467
small,baseline,mixed,2045,0,identity,1000,20,8,1,0,0.001136,0.001438
small,baseline,mixed,2045,0,identity,1000,20,8,2,0,0.001141,0.001423
small,control,mixed,2045,0,identity,1000,20,8,2,0,0.001131,0.001436
small,candidate,mixed,2045,0,identity,1000,20,8,2,0,0.001286,0.001493
small,candidate,mixed,2045,0,identity,1000,20,8,3,0,0.001185,0.001473
small,control,mixed,2045,0,identity,1000,20,8,3,0,0.001231,0.001427
small,baseline,mixed,2045,0,identity,1000,20,8,3,0,0.001191,0.001389
small,baseline,mixed,2045,0,identity,1000,20,8,4,1,0.001226,0.001481
small,control,mixed,2045,0,identity,1000,20,8,4,1,0.001255,0.001452
small,candidate,mixed,2045,0,identity,1000,20,8,4,1,0.001211,0.00144
small,baseline,mixed,2045,0,sorted,1000,20,8,0,0,0.001221,0.001459
small,control,mixed,2045,0,sorted,1000,20,8,0,0,0.001188,0.00143
small,candidate,mixed,2045,0,sorted,1000,20,8,0,0,0.001205,0.001453
small,candidate,mixed,2045,0,sorted,1000,20,8,1,0,0.001216,0.001456
small,control,mixed,2045,0,sorted,1000,20,8,1,0,0.001096,0.001465
small,baseline,mixed,2045,0,sorted,1000,20,8,1,0,0.001125,0.001477
small,baseline,mixed,2045,0,sorted,1000,20,8,2,0,0.001175,0.001418
small,control,mixed,2045,0,sorted,1000,20,8,2,0,0.00121,0.001442
small,candidate,mixed,2045,0,sorted,1000,20,8,2,0,0.001158,0.00141
small,candidate,mixed,2045,0,sorted,1000,20,8,3,0,0.001086,0.001516
small,control,mixed,2045,0,sorted,1000,20,8,3,0,0.001148,0.001473
small,baseline,mixed,2045,0,sorted,1000,20,8,3,0,0.001171,0.001447
small,baseline,mixed,2045,0,sorted,1000,20,8,4,1,0.00112,0.00153
small,control,mixed,2045,0,sorted,1000,20,8,4,1,0.001192,0.001475
small,candidate,mixed,2045,0,sorted,1000,20,8,4,1,0.001105,0.001509
small,baseline,mixed,2045,0,scattered,1000,20,8,0,0,0.001236,0.001471
small,control,mixed,2045,0,scattered,1000,20,8,0,0,0.00112,0.00155
small,candidate,mixed,2045,0,scattered,1000,20,8,0,0,0.001116,0.001492
small,candidate,mixed,2045,0,scattered,1000,20,8,1,0,0.001125,0.001492
small,control,mixed,2045,0,scattered,1000,20,8,1,0,0.001144,0.001464
small,baseline,mixed,2045,0,scattered,1000,20,8,1,0,0.001212,0.001539
small,baseline,mixed,2045,0,scattered,1000,20,8,2,0,0.001165,0.001484
small,control,mixed,2045,0,scattered,1000,20,8,2,0,0.001149,0.001421
small,candidate,mixed,2045,0,scattered,1000,20,8,2,0,0.001152,0.001494
small,candidate,mixed,2045,0,scattered,1000,20,8,3,0,0.001184,0.001523
small,control,mixed,2045,0,scattered,1000,20,8,3,0,0.001223,0.001535
small,baseline,mixed,2045,0,scattered,1000,20,8,3,0,0.001135,0.001508
small,baseline,mixed,2045,0,scattered,1000,20,8,4,1,0.001094,0.001542
small,control,mixed,2045,0,scattered,1000,20,8,4,1,0.001153,0.001476
small,candidate,mixed,2045,0,scattered,1000,20,8,4,1,0.001174,0.001474
small,baseline,mixed,2045,0,filtered,667,20,8,0,0,0.000809,0.004657
small,control,mixed,2045,0,filtered,667,20,8,0,0,0.000772,0.004975
small,candidate,mixed,2045,0,filtered,667,20,8,0,0,0.000777,0.004421
small,candidate,mixed,2045,0,filtered,667,20,8,1,0,0.000778,0.004431
small,control,mixed,2045,0,filtered,667,20,8,1,0,0.00081,0.004568
small,baseline,mixed,2045,0,filtered,667,20,8,1,0,0.000775,0.004434
small,baseline,mixed,2045,0,filtered,667,20,8,2,0,0.000775,0.004449
small,control,mixed,2045,0,filtered,667,20,8,2,0,0.00075,0.004836
small,candidate,mixed,2045,0,filtered,667,20,8,2,0,0.000797,0.004356
small,candidate,mixed,2045,0,filtered,667,20,8,3,0,0.000799,0.004472
small,control,mixed,2045,0,filtered,667,20,8,3,0,0.000756,0.004594
small,baseline,mixed,2045,0,filtered,667,20,8,3,0,0.000788,0.004484
small,baseline,mixed,2045,0,filtered,667,20,8,4,1,0.00076,0.004404
small,control,mixed,2045,0,filtered,667,20,8,4,1,0.000858,0.004294
small,candidate,mixed,2045,0,filtered,667,20,8,4,1,0.000757,0.0046
small,baseline,strings,1,1,identity,1000,20,8,0,0,0.0001,7e-05
small,control,strings,1,1,identity,1000,20,8,0,0,8.3e-05,6.6e-05
small,candidate,strings,1,1,identity,1000,20,8,0,0,0.000102,0.000101
small,candidate,strings,1,1,identity,1000,20,8,1,0,7.9e-05,7e-05
small,control,strings,1,1,identity,1000,20,8,1,0,9.7e-05,7.7e-05
small,baseline,strings,1,1,identity,1000,20,8,1,0,8e-05,5.8e-05
small,baseline,strings,1,1,identity,1000,20,8,2,0,9.7e-05,6.9e-05
small,control,strings,1,1,identity,1000,20,8,2,0,7.9e-05,7e-05
small,candidate,strings,1,1,identity,1000,20,8,2,0,8e-05,9.2e-05
small,candidate,strings,1,1,identity,1000,20,8,3,0,8.2e-05,5.8e-05
small,control,strings,1,1,identity,1000,20,8,3,0,8.5e-05,0.000112
small,baseline,strings,1,1,identity,1000,20,8,3,0,9.1e-05,7.7e-05
small,baseline,strings,1,1,identity,1000,20,8,4,1,8.3e-05,7e-05
small,control,strings,1,1,identity,1000,20,8,4,1,7e-05,6.2e-05
small,candidate,strings,1,1,identity,1000,20,8,4,1,7.8e-05,7.9e-05
small,baseline,strings,1,1,sorted,1000,20,8,0,0,8.7e-05,5.8e-05
small,control,strings,1,1,sorted,1000,20,8,0,0,7.9e-05,6.6e-05
small,candidate,strings,1,1,sorted,1000,20,8,0,0,8.6e-05,6.2e-05
small,candidate,strings,1,1,sorted,1000,20,8,1,0,9.6e-05,6.5e-05
small,control,strings,1,1,sorted,1000,20,8,1,0,8.2e-05,6.4e-05
small,baseline,strings,1,1,sorted,1000,20,8,1,0,8.7e-05,5.7e-05
small,baseline,strings,1,1,sorted,1000,20,8,2,0,8.2e-05,5.7e-05
small,control,strings,1,1,sorted,1000,20,8,2,0,7.3e-05,6.1e-05
small,candidate,strings,1,1,sorted,1000,20,8,2,0,8.8e-05,6.2e-05
small,candidate,strings,1,1,sorted,1000,20,8,3,0,7.2e-05,6.8e-05
small,control,strings,1,1,sorted,1000,20,8,3,0,8e-05,6e-05
small,baseline,strings,1,1,sorted,1000,20,8,3,0,8.1e-05,6.6e-05
small,baseline,strings,1,1,sorted,1000,20,8,4,1,8.2e-05,5.8e-05
small,control,strings,1,1,sorted,1000,20,8,4,1,8.4e-05,5.8e-05
small,candidate,strings,1,1,sorted,1000,20,8,4,1,7.6e-05,7.8e-05
small,baseline,strings,1,1,scattered,1000,20,8,0,0,7.7e-05,6.2e-05
small,control,strings,1,1,scattered,1000,20,8,0,0,8.4e-05,5.1e-05
small,candidate,strings,1,1,scattered,1000,20,8,0,0,7.9e-05,5.2e-05
small,candidate,strings,1,1,scattered,1000,20,8,1,0,8.1e-05,5.3e-05
small,control,strings,1,1,scattered,1000,20,8,1,0,8.5e-05,5.5e-05
small,baseline,strings,1,1,scattered,1000,20,8,1,0,9e-05,7.1e-05
small,baseline,strings,1,1,scattered,1000,20,8,2,0,9.1e-05,6.1e-05
small,control,strings,1,1,scattered,1000,20,8,2,0,8.7e-05,6.8e-05
small,candidate,strings,1,1,scattered,1000,20,8,2,0,7.9e-05,7e-05
small,candidate,strings,1,1,scattered,1000,20,8,3,0,8.3e-05,4.9e-05
small,control,strings,1,1,scattered,1000,20,8,3,0,8.4e-05,9.8e-05
small,baseline,strings,1,1,scattered,1000,20,8,3,0,7.1e-05,6.9e-05
small,baseline,strings,1,1,scattered,1000,20,8,4,1,8.5e-05,6.5e-05
small,control,strings,1,1,scattered,1000,20,8,4,1,8e-05,7.5e-05
small,candidate,strings,1,1,scattered,1000,20,8,4,1,8.4e-05,0.000136
small,baseline,strings,1,1,filtered,667,20,8,0,0,0.000109,8.3e-05
small,control,strings,1,1,filtered,667,20,8,0,0,0.00011,7.6e-05
small,candidate,strings,1,1,filtered,667,20,8,0,0,9.2e-05,7.1e-05
small,candidate,strings,1,1,filtered,667,20,8,1,0,8.1e-05,7e-05
small,control,strings,1,1,filtered,667,20,8,1,0,0.000103,7.6e-05
small,baseline,strings,1,1,filtered,667,20,8,1,0,0.000134,7.4e-05
small,baseline,strings,1,1,filtered,667,20,8,2,0,0.000103,7.4e-05
small,control,strings,1,1,filtered,667,20,8,2,0,8.5e-05,7.2e-05
small,candidate,strings,1,1,filtered,667,20,8,2,0,0.000111,6.9e-05
small,candidate,strings,1,1,filtered,667,20,8,3,0,9.8e-05,7.2e-05
small,control,strings,1,1,filtered,667,20,8,3,0,9.5e-05,7.8e-05
small,baseline,strings,1,1,filtered,667,20,8,3,0,0.0001,7.1e-05
small,baseline,strings,1,1,filtered,667,20,8,4,1,0.000101,7.2e-05
small,control,strings,1,1,filtered,667,20,8,4,1,9.3e-05,7.3e-05
small,candidate,strings,1,1,filtered,667,20,8,4,1,8.9e-05,7.2e-05
small,baseline,strings,1,0,identity,1000,20,8,0,0,0.000149,7.2e-05
small,control,strings,1,0,identity,1000,20,8,0,0,0.000104,7.5e-05
small,candidate,strings,1,0,identity,1000,20,8,0,0,8.9e-05,5.9e-05
small,candidate,strings,1,0,identity,1000,20,8,1,0,8.1e-05,8.2e-05
small,control,strings,1,0,identity,1000,20,8,1,0,8.5e-05,0.000131
small,baseline,strings,1,0,identity,1000,20,8,1,0,0.000131,8.3e-05
small,baseline,strings,1,0,identity,1000,20,8,2,0,0.000134,5.4e-05
small,control,strings,1,0,identity,1000,20,8,2,0,9.2e-05,6.6e-05
small,candidate,strings,1,0,identity,1000,20,8,2,0,7e-05,4.5e-05
small,candidate,strings,1,0,identity,1000,20,8,3,0,9.9e-05,6.3e-05
small,control,strings,1,0,identity,1000,20,8,3,0,0.0001,5.8e-05
small,baseline,strings,1,0,identity,1000,20,8,3,0,0.000124,9.1e-05
small,baseline,strings,1,0,identity,1000,20,8,4,1,0.00019,7e-05
small,control,strings,1,0,identity,1000,20,8,4,1,8.5e-05,5.2e-05
small,candidate,strings,1,0,identity,1000,20,8,4,1,0.000103,6.3e-05
small,baseline,strings,1,0,sorted,1000,20,8,0,0,0.000195,6.3e-05
small,control,strings,1,0,sorted,1000,20,8,0,0,9.7e-05,6.8e-05
small,candidate,strings,1,0,sorted,1000,20,8,0,0,9e-05,4.6e-05
small,candidate,strings,1,0,sorted,1000,20,8,1,0,9e-05,5.2e-05
small,control,strings,1,0,sorted,1000,20,8,1,0,0.0001,5.7e-05
small,baseline,strings,1,0,sorted,1000,20,8,1,0,0.00012,5.4e-05
small,baseline,strings,1,0,sorted,1000,20,8,2,0,0.000128,7.4e-05
small,control,strings,1,0,sorted,1000,20,8,2,0,9.5e-05,4.7e-05
small,candidate,strings,1,0,sorted,1000,20,8,2,0,7.8e-05,5.7e-05
small,candidate,strings,1,0,sorted,1000,20,8,3,0,9.2e-05,6.1e-05
small,control,strings,1,0,sorted,1000,20,8,3,0,7.8e-05,5.8e-05
small,baseline,strings,1,0,sorted,1000,20,8,3,0,0.000112,4.9e-05
small,baseline,strings,1,0,sorted,1000,20,8,4,1,9.8e-05,6.2e-05
small,control,strings,1,0,sorted,1000,20,8,4,1,8e-05,4.7e-05
small,candidate,strings,1,0,sorted,1000,20,8,4,1,8.2e-05,5.2e-05
small,baseline,strings,1,0,scattered,1000,20,8,0,0,0.000121,5.1e-05
small,control,strings,1,0,scattered,1000,20,8,0,0,8.7e-05,5.4e-05
small,candidate,strings,1,0,scattered,1000,20,8,0,0,7.8e-05,7e-05
small,candidate,strings,1,0,scattered,1000,20,8,1,0,7.7e-05,5.3e-05
small,control,strings,1,0,scattered,1000,20,8,1,0,9.4e-05,4.9e-05
small,baseline,strings,1,0,scattered,1000,20,8,1,0,0.000109,5.4e-05
small,baseline,strings,1,0,scattered,1000,20,8,2,0,9.5e-05,6.5e-05
small,control,strings,1,0,scattered,1000,20,8,2,0,9.8e-05,6.5e-05
small,candidate,strings,1,0,scattered,1000,20,8,2,0,8.5e-05,5.1e-05
small,candidate,strings,1,0,scattered,1000,20,8,3,0,7.9e-05,7e-05
small,control,strings,1,0,scattered,1000,20,8,3,0,9.3e-05,9.3e-05
small,baseline,strings,1,0,scattered,1000,20,8,3,0,0.000107,5.8e-05
small,baseline,strings,1,0,scattered,1000,20,8,4,1,0.0001,5.7e-05
small,control,strings,1,0,scattered,1000,20,8,4,1,9.2e-05,5.3e-05
small,candidate,strings,1,0,scattered,1000,20,8,4,1,9.4e-05,5.6e-05
small,baseline,strings,1,0,filtered,667,20,8,0,0,0.000139,7.1e-05
small,control,strings,1,0,filtered,667,20,8,0,0,8.7e-05,7e-05
small,candidate,strings,1,0,filtered,667,20,8,0,0,0.0001,7.5e-05
small,candidate,strings,1,0,filtered,667,20,8,1,0,0.000106,6.9e-05
small,control,strings,1,0,filtered,667,20,8,1,0,0.000119,7e-05
small,baseline,strings,1,0,filtered,667,20,8,1,0,0.000116,7e-05
small,baseline,strings,1,0,filtered,667,20,8,2,0,0.000104,7.2e-05
small,control,strings,1,0,filtered,667,20,8,2,0,9.4e-05,7.1e-05
small,candidate,strings,1,0,filtered,667,20,8,2,0,9.1e-05,7e-05
small,candidate,strings,1,0,filtered,667,20,8,3,0,8.9e-05,6.8e-05
small,control,strings,1,0,filtered,667,20,8,3,0,9.5e-05,7.2e-05
small,baseline,strings,1,0,filtered,667,20,8,3,0,0.000143,7.2e-05
small,baseline,strings,1,0,filtered,667,20,8,4,1,0.000128,7e-05
small,control,strings,1,0,filtered,667,20,8,4,1,0.000102,7.3e-05
small,candidate,strings,1,0,filtered,667,20,8,4,1,9.8e-05,7.3e-05
small,baseline,strings,8,1,identity,1000,20,8,0,0,0.000114,7.4e-05
small,control,strings,8,1,identity,1000,20,8,0,0,0.000104,6.7e-05
small,candidate,strings,8,1,identity,1000,20,8,0,0,0.000108,6.7e-05
small,candidate,strings,8,1,identity,1000,20,8,1,0,9.9e-05,8.6e-05
small,control,strings,8,1,identity,1000,20,8,1,0,0.000112,6e-05
small,baseline,strings,8,1,identity,1000,20,8,1,0,0.000107,6.5e-05
small,baseline,strings,8,1,identity,1000,20,8,2,0,0.000105,7.9e-05
small,control,strings,8,1,identity,1000,20,8,2,0,9.2e-05,7.8e-05
small,candidate,strings,8,1,identity,1000,20,8,2,0,0.000103,9.7e-05
small,candidate,strings,8,1,identity,1000,20,8,3,0,0.000103,7.3e-05
small,control,strings,8,1,identity,1000,20,8,3,0,9e-05,6.1e-05
small,baseline,strings,8,1,identity,1000,20,8,3,0,0.000104,7e-05
small,baseline,strings,8,1,identity,1000,20,8,4,1,0.000101,6.5e-05
small,control,strings,8,1,identity,1000,20,8,4,1,8.9e-05,5.9e-05
small,candidate,strings,8,1,identity,1000,20,8,4,1,7.2e-05,6.6e-05
small,baseline,strings,8,1,sorted,1000,20,8,0,0,9.9e-05,9.7e-05
small,control,strings,8,1,sorted,1000,20,8,0,0,0.000107,9.2e-05
small,candidate,strings,8,1,sorted,1000,20,8,0,0,9.3e-05,8.9e-05
small,candidate,strings,8,1,sorted,1000,20,8,1,0,8.6e-05,7e-05
small,control,strings,8,1,sorted,1000,20,8,1,0,0.000106,7.4e-05
small,baseline,strings,8,1,sorted,1000,20,8,1,0,0.000101,7.5e-05
small,baseline,strings,8,1,sorted,1000,20,8,2,0,0.000108,7.6e-05
small,control,strings,8,1,sorted,1000,20,8,2,0,0.00011,7.6e-05
small,candidate,strings,8,1,sorted,1000,20,8,2,0,0.000113,6.8e-05
small,candidate,strings,8,1,sorted,1000,20,8,3,0,0.000106,6.7e-05
small,control,strings,8,1,sorted,1000,20,8,3,0,0.00011,7.4e-05
small,baseline,strings,8,1,sorted,1000,20,8,3,0,9.6e-05,7.7e-05
small,baseline,strings,8,1,sorted,1000,20,8,4,1,9.2e-05,6.7e-05
small,control,strings,8,1,sorted,1000,20,8,4,1,0.000109,7.5e-05
small,candidate,strings,8,1,sorted,1000,20,8,4,1,9.1e-05,7.7e-05
small,baseline,strings,8,1,scattered,1000,20,8,0,0,0.000101,6.8e-05
small,control,strings,8,1,scattered,1000,20,8,0,0,0.000105,6.6e-05
small,candidate,strings,8,1,scattered,1000,20,8,0,0,9.2e-05,8.5e-05
small,candidate,strings,8,1,scattered,1000,20,8,1,0,9e-05,6.2e-05
small,control,strings,8,1,scattered,1000,20,8,1,0,9.8e-05,8e-05
small,baseline,strings,8,1,scattered,1000,20,8,1,0,0.000121,0.0001
small,baseline,strings,8,1,scattered,1000,20,8,2,0,0.000104,6.6e-05
small,control,strings,8,1,scattered,1000,20,8,2,0,0.000105,0.000103
small,candidate,strings,8,1,scattered,1000,20,8,2,0,9.7e-05,7.6e-05
small,candidate,strings,8,1,scattered,1000,20,8,3,0,9e-05,7.3e-05
small,control,strings,8,1,scattered,1000,20,8,3,0,0.000115,7.1e-05
small,baseline,strings,8,1,scattered,1000,20,8,3,0,0.0001,6.2e-05
small,baseline,strings,8,1,scattered,1000,20,8,4,1,0.000107,7.5e-05
small,control,strings,8,1,scattered,1000,20,8,4,1,0.000103,8.4e-05
small,candidate,strings,8,1,scattered,1000,20,8,4,1,9.2e-05,9e-05
small,baseline,strings,8,1,filtered,667,20,8,0,0,0.00011,0.000107
small,control,strings,8,1,filtered,667,20,8,0,0,0.000102,9.6e-05
small,candidate,strings,8,1,filtered,667,20,8,0,0,8.1e-05,0.000107
small,candidate,strings,8,1,filtered,667,20,8,1,0,9e-05,9.5e-05
small,control,strings,8,1,filtered,667,20,8,1,0,8.8e-05,9.5e-05
small,baseline,strings,8,1,filtered,667,20,8,1,0,9.6e-05,0.0001
small,baseline,strings,8,1,filtered,667,20,8,2,0,0.000104,0.000106
small,control,strings,8,1,filtered,667,20,8,2,0,9.1e-05,9.9e-05
small,candidate,strings,8,1,filtered,667,20,8,2,0,0.000116,9.6e-05
small,candidate,strings,8,1,filtered,667,20,8,3,0,0.000134,0.000106
small,control,strings,8,1,filtered,667,20,8,3,0,9.6e-05,9.7e-05
small,baseline,strings,8,1,filtered,667,20,8,3,0,0.000104,0.000112
small,baseline,strings,8,1,filtered,667,20,8,4,1,0.000106,9.9e-05
small,control,strings,8,1,filtered,667,20,8,4,1,9.8e-05,0.000105
small,candidate,strings,8,1,filtered,667,20,8,4,1,9e-05,0.000104
small,baseline,strings,8,0,identity,1000,20,8,0,0,0.000141,5.1e-05
small,control,strings,8,0,identity,1000,20,8,0,0,0.00013,7.3e-05
small,candidate,strings,8,0,identity,1000,20,8,0,0,0.000122,6.6e-05
small,candidate,strings,8,0,identity,1000,20,8,1,0,9.8e-05,6e-05
small,control,strings,8,0,identity,1000,20,8,1,0,9.2e-05,5.9e-05
small,baseline,strings,8,0,identity,1000,20,8,1,0,0.000114,6.9e-05
small,baseline,strings,8,0,identity,1000,20,8,2,0,0.0001,6.9e-05
small,control,strings,8,0,identity,1000,20,8,2,0,0.000142,9.2e-05
small,candidate,strings,8,0,identity,1000,20,8,2,0,0.000132,9.8e-05
small,candidate,strings,8,0,identity,1000,20,8,3,0,0.000101,0.000104
small,control,strings,8,0,identity,1000,20,8,3,0,9.4e-05,5.1e-05
small,baseline,strings,8,0,identity,1000,20,8,3,0,0.000122,5.8e-05
small,baseline,strings,8,0,identity,1000,20,8,4,1,0.000112,6.2e-05
small,control,strings,8,0,identity,1000,20,8,4,1,9.7e-05,6.2e-05
small,candidate,strings,8,0,identity,1000,20,8,4,1,7.9e-05,5.7e-05
small,baseline,strings,8,0,sorted,1000,20,8,0,0,0.000111,7e-05
small,control,strings,8,0,sorted,1000,20,8,0,0,0.000105,6.2e-05
small,candidate,strings,8,0,sorted,1000,20,8,0,0,9.5e-05,5e-05
small,candidate,strings,8,0,sorted,1000,20,8,1,0,0.000114,5.3e-05
small,control,strings,8,0,sorted,1000,20,8,1,0,0.0001,5.9e-05
small,baseline,strings,8,0,sorted,1000,20,8,1,0,0.000124,7.8e-05
small,baseline,strings,8,0,sorted,1000,20,8,2,0,0.000117,4.8e-05
small,control,strings,8,0,sorted,1000,20,8,2,0,9.7e-05,0.000111
small,candidate,strings,8,0,sorted,1000,20,8,2,0,8.3e-05,5.7e-05
small,candidate,strings,8,0,sorted,1000,20,8,3,0,0.000106,5.4e-05
small,control,strings,8,0,sorted,1000,20,8,3,0,0.000102,6.1e-05
small,baseline,strings,8,0,sorted,1000,20,8,3,0,0.000111,6.7e-05
small,baseline,strings,8,0,sorted,1000,20,8,4,1,0.000113,6e-05
small,control,strings,8,0,sorted,1000,20,8,4,1,0.000103,6.1e-05
small,candidate,strings,8,0,sorted,1000,20,8,4,1,0.000116,6.2e-05
small,baseline,strings,8,0,scattered,1000,20,8,0,0,9.9e-05,6.3e-05
small,control,strings,8,0,scattered,1000,20,8,0,0,9.8e-05,6.3e-05
small,candidate,strings,8,0,scattered,1000,20,8,0,0,8.5e-05,5.2e-05
small,candidate,strings,8,0,scattered,1000,20,8,1,0,0.000102,6.6e-05
small,control,strings,8,0,scattered,1000,20,8,1,0,0.000111,6.6e-05
small,baseline,strings,8,0,scattered,1000,20,8,1,0,9.8e-05,6.6e-05
small,baseline,strings,8,0,scattered,1000,20,8,2,0,0.000108,5e-05
small,control,strings,8,0,scattered,1000,20,8,2,0,9.3e-05,5.1e-05
small,candidate,strings,8,0,scattered,1000,20,8,2,0,9.8e-05,7.2e-05
small,candidate,strings,8,0,scattered,1000,20,8,3,0,7.4e-05,8e-05
small,control,strings,8,0,scattered,1000,20,8,3,0,0.000104,6.2e-05
small,baseline,strings,8,0,scattered,1000,20,8,3,0,0.000101,5.1e-05
small,baseline,strings,8,0,scattered,1000,20,8,4,1,0.000118,7.3e-05
small,control,strings,8,0,scattered,1000,20,8,4,1,0.000103,6.7e-05
small,candidate,strings,8,0,scattered,1000,20,8,4,1,8.4e-05,7.1e-05
small,baseline,strings,8,0,filtered,667,20,8,0,0,0.000155,0.000116
small,control,strings,8,0,filtered,667,20,8,0,0,0.000107,0.000103
small,candidate,strings,8,0,filtered,667,20,8,0,0,9.5e-05,9.6e-05
small,candidate,strings,8,0,filtered,667,20,8,1,0,9.7e-05,0.000104
small,control,strings,8,0,filtered,667,20,8,1,0,8.5e-05,9.4e-05
small,baseline,strings,8,0,filtered,667,20,8,1,0,0.000137,9.7e-05
small,baseline,strings,8,0,filtered,667,20,8,2,0,0.000127,0.000107
small,control,strings,8,0,filtered,667,20,8,2,0,8.9e-05,9.7e-05
small,candidate,strings,8,0,filtered,667,20,8,2,0,0.000101,9.6e-05
small,candidate,strings,8,0,filtered,667,20,8,3,0,9.3e-05,9.6e-05
small,control,strings,8,0,filtered,667,20,8,3,0,7.9e-05,9.9e-05
small,baseline,strings,8,0,filtered,667,20,8,3,0,0.000156,0.000113
small,baseline,strings,8,0,filtered,667,20,8,4,1,0.000159,9.8e-05
small,control,strings,8,0,filtered,667,20,8,4,1,0.000109,9.7e-05
small,candidate,strings,8,0,filtered,667,20,8,4,1,0.000113,0.000104
small,baseline,strings,244,1,identity,1000,20,8,0,0,0.001234,0.026111
small,control,strings,244,1,identity,1000,20,8,0,0,0.001044,0.001449
small,candidate,strings,244,1,identity,1000,20,8,0,0,0.001065,0.000991
small,candidate,strings,244,1,identity,1000,20,8,1,0,0.000826,0.001233
small,control,strings,244,1,identity,1000,20,8,1,0,0.000712,0.001419
small,baseline,strings,244,1,identity,1000,20,8,1,0,0.00082,0.002606
small,baseline,strings,244,1,identity,1000,20,8,2,0,0.000773,0.000801
small,control,strings,244,1,identity,1000,20,8,2,0,0.000401,0.000551
small,candidate,strings,244,1,identity,1000,20,8,2,0,0.000345,0.000503
small,candidate,strings,244,1,identity,1000,20,8,3,0,0.000296,0.000568
small,control,strings,244,1,identity,1000,20,8,3,0,0.000941,0.000957
small,baseline,strings,244,1,identity,1000,20,8,3,0,0.000501,0.000626
small,baseline,strings,244,1,identity,1000,20,8,4,1,0.000317,0.000924
small,control,strings,244,1,identity,1000,20,8,4,1,0.001608,0.001103
small,candidate,strings,244,1,identity,1000,20,8,4,1,0.000508,0.001331
small,baseline,strings,244,1,sorted,1000,20,8,0,0,0.000475,0.000754
small,control,strings,244,1,sorted,1000,20,8,0,0,0.000321,0.000596
small,candidate,strings,244,1,sorted,1000,20,8,0,0,0.000324,0.000582
small,candidate,strings,244,1,sorted,1000,20,8,1,0,0.000338,0.000547
small,control,strings,244,1,sorted,1000,20,8,1,0,0.000307,0.000559
small,baseline,strings,244,1,sorted,1000,20,8,1,0,0.00032,0.000543
small,baseline,strings,244,1,sorted,1000,20,8,2,0,0.00044,0.000711
small,control,strings,244,1,sorted,1000,20,8,2,0,0.000426,0.000757
small,candidate,strings,244,1,sorted,1000,20,8,2,0,0.000413,0.000696
small,candidate,strings,244,1,sorted,1000,20,8,3,0,0.000383,0.000712
small,control,strings,244,1,sorted,1000,20,8,3,0,0.000434,0.000784
small,baseline,strings,244,1,sorted,1000,20,8,3,0,0.00043,0.000786
small,baseline,strings,244,1,sorted,1000,20,8,4,1,0.00046,0.000847
small,control,strings,244,1,sorted,1000,20,8,4,1,0.000371,0.000534
small,candidate,strings,244,1,sorted,1000,20,8,4,1,0.000294,0.000523
small,baseline,strings,244,1,scattered,1000,20,8,0,0,0.000272,0.000901
small,control,strings,244,1,scattered,1000,20,8,0,0,0.000397,0.000598
small,candidate,strings,244,1,scattered,1000,20,8,0,0,0.000363,0.000577
small,candidate,strings,244,1,scattered,1000,20,8,1,0,0.000313,0.000445
small,control,strings,244,1,scattered,1000,20,8,1,0,0.000362,0.000454
small,baseline,strings,244,1,scattered,1000,20,8,1,0,0.000309,0.000521
small,baseline,strings,244,1,scattered,1000,20,8,2,0,0.000312,0.000579
small,control,strings,244,1,scattered,1000,20,8,2,0,0.000268,0.000452
small,candidate,strings,244,1,scattered,1000,20,8,2,0,0.000314,0.000491
small,candidate,strings,244,1,scattered,1000,20,8,3,0,0.000298,0.000481
small,control,strings,244,1,scattered,1000,20,8,3,0,0.000271,0.000361
small,baseline,strings,244,1,scattered,1000,20,8,3,0,0.000251,0.00043
small,baseline,strings,244,1,scattered,1000,20,8,4,1,0.000254,0.000413
small,control,strings,244,1,scattered,1000,20,8,4,1,0.000234,0.000372
small,candidate,strings,244,1,scattered,1000,20,8,4,1,0.000238,0.000367
small,baseline,strings,244,1,filtered,667,20,8,0,0,0.000208,0.001172
small,control,strings,244,1,filtered,667,20,8,0,0,0.000177,0.00119
small,candidate,strings,244,1,filtered,667,20,8,0,0,0.00018,0.001185
small,candidate,strings,244,1,filtered,667,20,8,1,0,0.000175,0.001266
small,control,strings,244,1,filtered,667,20,8,1,0,0.000189,0.001221
small,baseline,strings,244,1,filtered,667,20,8,1,0,0.000203,0.001228
small,baseline,strings,244,1,filtered,667,20,8,2,0,0.000212,0.001284
small,control,strings,244,1,filtered,667,20,8,2,0,0.000193,0.00121
small,candidate,strings,244,1,filtered,667,20,8,2,0,0.000193,0.001241
small,candidate,strings,244,1,filtered,667,20,8,3,0,0.000184,0.001211
small,control,strings,244,1,filtered,667,20,8,3,0,0.000184,0.001247
small,baseline,strings,244,1,filtered,667,20,8,3,0,0.000246,0.001178
small,baseline,strings,244,1,filtered,667,20,8,4,1,0.000218,0.001243
small,control,strings,244,1,filtered,667,20,8,4,1,0.000182,0.001169
small,candidate,strings,244,1,filtered,667,20,8,4,1,0.000183,0.001232
small,baseline,strings,244,0,identity,1000,20,8,0,0,0.000323,0.000354
small,control,strings,244,0,identity,1000,20,8,0,0,0.000364,0.00037
small,candidate,strings,244,0,identity,1000,20,8,0,0,0.000315,0.000363
small,candidate,strings,244,0,identity,1000,20,8,1,0,0.000282,0.000372
small,control,strings,244,0,identity,1000,20,8,1,0,0.000335,0.000355
small,baseline,strings,244,0,identity,1000,20,8,1,0,0.000302,0.000375
small,baseline,strings,244,0,identity,1000,20,8,2,0,0.000363,0.0004
small,control,strings,244,0,identity,1000,20,8,2,0,0.000334,0.00038
small,candidate,strings,244,0,identity,1000,20,8,2,0,0.000295,0.000382
small,candidate,strings,244,0,identity,1000,20,8,3,0,0.000273,0.000358
small,control,strings,244,0,identity,1000,20,8,3,0,0.000267,0.000381
small,baseline,strings,244,0,identity,1000,20,8,3,0,0.000322,0.000365
small,baseline,strings,244,0,identity,1000,20,8,4,1,0.000295,0.000365
small,control,strings,244,0,identity,1000,20,8,4,1,0.000275,0.000368
small,candidate,strings,244,0,identity,1000,20,8,4,1,0.000268,0.000377
small,baseline,strings,244,0,sorted,1000,20,8,0,0,0.000279,0.00037
small,control,strings,244,0,sorted,1000,20,8,0,0,0.000267,0.000349
small,candidate,strings,244,0,sorted,1000,20,8,0,0,0.000302,0.000363
small,candidate,strings,244,0,sorted,1000,20,8,1,0,0.000303,0.000363
small,control,strings,244,0,sorted,1000,20,8,1,0,0.00028,0.000371
small,baseline,strings,244,0,sorted,1000,20,8,1,0,0.000297,0.000358
small,baseline,strings,244,0,sorted,1000,20,8,2,0,0.000287,0.000363
small,control,strings,244,0,sorted,1000,20,8,2,0,0.000319,0.000378
small,candidate,strings,244,0,sorted,1000,20,8,2,0,0.000266,0.000361
small,candidate,strings,244,0,sorted,1000,20,8,3,0,0.000264,0.000368
small,control,strings,244,0,sorted,1000,20,8,3,0,0.00028,0.000371
small,baseline,strings,244,0,sorted,1000,20,8,3,0,0.000286,0.000372
small,baseline,strings,244,0,sorted,1000,20,8,4,1,0.000277,0.000369
small,control,strings,244,0,sorted,1000,20,8,4,1,0.000305,0.000399
small,candidate,strings,244,0,sorted,1000,20,8,4,1,0.000322,0.000366
small,baseline,strings,244,0,scattered,1000,20,8,0,0,0.000297,0.000372
small,control,strings,244,0,scattered,1000,20,8,0,0,0.000297,0.000373
small,candidate,strings,244,0,scattered,1000,20,8,0,0,0.000318,0.00036
small,candidate,strings,244,0,scattered,1000,20,8,1,0,0.000325,0.000372
small,control,strings,244,0,scattered,1000,20,8,1,0,0.000268,0.000364
small,baseline,strings,244,0,scattered,1000,20,8,1,0,0.000329,0.000379
small,baseline,strings,244,0,scattered,1000,20,8,2,0,0.000293,0.000366
small,control,strings,244,0,scattered,1000,20,8,2,0,0.000275,0.000386
small,candidate,strings,244,0,scattered,1000,20,8,2,0,0.000278,0.000388
small,candidate,strings,244,0,scattered,1000,20,8,3,0,0.000299,0.000386
small,control,strings,244,0,scattered,1000,20,8,3,0,0.000314,0.00037
small,baseline,strings,244,0,scattered,1000,20,8,3,0,0.000307,0.000369
small,baseline,strings,244,0,scattered,1000,20,8,4,1,0.000277,0.000372
small,control,strings,244,0,scattered,1000,20,8,4,1,0.000319,0.000369
small,candidate,strings,244,0,scattered,1000,20,8,4,1,0.000329,0.000358
small,baseline,strings,244,0,filtered,667,20,8,0,0,0.00024,0.00122
small,control,strings,244,0,filtered,667,20,8,0,0,0.000221,0.001234
small,candidate,strings,244,0,filtered,667,20,8,0,0,0.00021,0.001256
small,candidate,strings,244,0,filtered,667,20,8,1,0,0.000213,0.001213
small,control,strings,244,0,filtered,667,20,8,1,0,0.000204,0.001178
small,baseline,strings,244,0,filtered,667,20,8,1,0,0.00024,0.001192
small,baseline,strings,244,0,filtered,667,20,8,2,0,0.000216,0.001184
small,control,strings,244,0,filtered,667,20,8,2,0,0.000214,0.001184
small,candidate,strings,244,0,filtered,667,20,8,2,0,0.00022,0.001215
small,candidate,strings,244,0,filtered,667,20,8,3,0,0.000241,0.001184
small,control,strings,244,0,filtered,667,20,8,3,0,0.000213,0.001166
small,baseline,strings,244,0,filtered,667,20,8,3,0,0.000217,0.001204
small,baseline,strings,244,0,filtered,667,20,8,4,1,0.000217,0.001195
small,control,strings,244,0,filtered,667,20,8,4,1,0.000208,0.001208
small,candidate,strings,244,0,filtered,667,20,8,4,1,0.00023,0.001215
small,baseline,strings,2045,1,identity,1000,20,8,0,0,0.00278,0.002283
small,control,strings,2045,1,identity,1000,20,8,0,0,0.00273,0.002246
small,candidate,strings,2045,1,identity,1000,20,8,0,0,0.001877,0.00225
small,candidate,strings,2045,1,identity,1000,20,8,1,0,0.001869,0.002269
small,control,strings,2045,1,identity,1000,20,8,1,0,0.001871,0.002191
small,baseline,strings,2045,1,identity,1000,20,8,1,0,0.001918,0.002254
small,baseline,strings,2045,1,identity,1000,20,8,2,0,0.001974,0.002193
small,control,strings,2045,1,identity,1000,20,8,2,0,0.001974,0.002218
small,candidate,strings,2045,1,identity,1000,20,8,2,0,0.001939,0.00217
small,candidate,strings,2045,1,identity,1000,20,8,3,0,0.001858,0.00229
small,control,strings,2045,1,identity,1000,20,8,3,0,0.001914,0.002318
small,baseline,strings,2045,1,identity,1000,20,8,3,0,0.001756,0.002315
small,baseline,strings,2045,1,identity,1000,20,8,4,1,0.001854,0.002207
small,control,strings,2045,1,identity,1000,20,8,4,1,0.001975,0.002128
small,candidate,strings,2045,1,identity,1000,20,8,4,1,0.001883,0.002276
small,baseline,strings,2045,1,sorted,1000,20,8,0,0,0.002026,0.002477
small,control,strings,2045,1,sorted,1000,20,8,0,0,0.001972,0.002407
small,candidate,strings,2045,1,sorted,1000,20,8,0,0,0.001903,0.002868
small,candidate,strings,2045,1,sorted,1000,20,8,1,0,0.00197,0.002471
small,control,strings,2045,1,sorted,1000,20,8,1,0,0.001952,0.002523
small,baseline,strings,2045,1,sorted,1000,20,8,1,0,0.001833,0.002458
small,baseline,strings,2045,1,sorted,1000,20,8,2,0,0.001954,0.002757
small,control,strings,2045,1,sorted,1000,20,8,2,0,0.002103,0.002559
small,candidate,strings,2045,1,sorted,1000,20,8,2,0,0.001861,0.002532
small,candidate,strings,2045,1,sorted,1000,20,8,3,0,0.001737,0.002487
small,control,strings,2045,1,sorted,1000,20,8,3,0,0.001785,0.002475
small,baseline,strings,2045,1,sorted,1000,20,8,3,0,0.001945,0.002473
small,baseline,strings,2045,1,sorted,1000,20,8,4,1,0.001812,0.002471
small,control,strings,2045,1,sorted,1000,20,8,4,1,0.001715,0.002409
small,candidate,strings,2045,1,sorted,1000,20,8,4,1,0.001898,0.002487
small,baseline,strings,2045,1,scattered,1000,20,8,0,0,0.001811,0.00247
small,control,strings,2045,1,scattered,1000,20,8,0,0,0.001694,0.002603
small,candidate,strings,2045,1,scattered,1000,20,8,0,0,0.001689,0.002452
small,candidate,strings,2045,1,scattered,1000,20,8,1,0,0.001791,0.002442
small,control,strings,2045,1,scattered,1000,20,8,1,0,0.001712,0.002498
small,baseline,strings,2045,1,scattered,1000,20,8,1,0,0.001708,0.002544
small,baseline,strings,2045,1,scattered,1000,20,8,2,0,0.001961,0.00251
small,control,strings,2045,1,scattered,1000,20,8,2,0,0.001873,0.002455
small,candidate,strings,2045,1,scattered,1000,20,8,2,0,0.001725,0.00259
small,candidate,strings,2045,1,scattered,1000,20,8,3,0,0.001854,0.002484
small,control,strings,2045,1,scattered,1000,20,8,3,0,0.001961,0.002482
small,baseline,strings,2045,1,scattered,1000,20,8,3,0,0.002075,0.002777
small,baseline,strings,2045,1,scattered,1000,20,8,4,1,0.001728,0.002432
small,control,strings,2045,1,scattered,1000,20,8,4,1,0.001966,0.002439
small,candidate,strings,2045,1,scattered,1000,20,8,4,1,0.001828,0.002523
small,baseline,strings,2045,1,filtered,667,20,8,0,0,0.001338,0.008497
small,control,strings,2045,1,filtered,667,20,8,0,0,0.001169,0.008717
small,candidate,strings,2045,1,filtered,667,20,8,0,0,0.001223,0.008425
small,candidate,strings,2045,1,filtered,667,20,8,1,0,0.00125,0.008581
small,control,strings,2045,1,filtered,667,20,8,1,0,0.001217,0.008408
small,baseline,strings,2045,1,filtered,667,20,8,1,0,0.001333,0.008474
small,baseline,strings,2045,1,filtered,667,20,8,2,0,0.001142,0.008473
small,control,strings,2045,1,filtered,667,20,8,2,0,0.001143,0.00857
small,candidate,strings,2045,1,filtered,667,20,8,2,0,0.001128,0.008453
small,candidate,strings,2045,1,filtered,667,20,8,3,0,0.001116,0.008424
small,control,strings,2045,1,filtered,667,20,8,3,0,0.00126,0.008744
small,baseline,strings,2045,1,filtered,667,20,8,3,0,0.001157,0.008704
small,baseline,strings,2045,1,filtered,667,20,8,4,1,0.001192,0.008396
small,control,strings,2045,1,filtered,667,20,8,4,1,0.001242,0.008532
small,candidate,strings,2045,1,filtered,667,20,8,4,1,0.00117,0.008358
small,baseline,strings,2045,0,identity,1000,20,8,0,0,0.001869,0.002267
small,control,strings,2045,0,identity,1000,20,8,0,0,0.001914,0.002163
small,candidate,strings,2045,0,identity,1000,20,8,0,0,0.001604,0.002143
small,candidate,strings,2045,0,identity,1000,20,8,1,0,0.001594,0.002143
small,control,strings,2045,0,identity,1000,20,8,1,0,0.001608,0.002204
small,baseline,strings,2045,0,identity,1000,20,8,1,0,0.001611,0.002241
small,baseline,strings,2045,0,identity,1000,20,8,2,0,0.001608,0.002157
small,control,strings,2045,0,identity,1000,20,8,2,0,0.001628,0.002167
small,candidate,strings,2045,0,identity,1000,20,8,2,0,0.002272,0.002376
small,candidate,strings,2045,0,identity,1000,20,8,3,0,0.002018,0.002326
small,control,strings,2045,0,identity,1000,20,8,3,0,0.002041,0.002294
small,baseline,strings,2045,0,identity,1000,20,8,3,0,0.001852,0.002427
small,baseline,strings,2045,0,identity,1000,20,8,4,1,0.001904,0.002325
small,control,strings,2045,0,identity,1000,20,8,4,1,0.001916,0.00239
small,candidate,strings,2045,0,identity,1000,20,8,4,1,0.001782,0.00219
small,baseline,strings,2045,0,sorted,1000,20,8,0,0,0.001697,0.002625
small,control,strings,2045,0,sorted,1000,20,8,0,0,0.001743,0.002578
small,candidate,strings,2045,0,sorted,1000,20,8,0,0,0.001734,0.002586
small,candidate,strings,2045,0,sorted,1000,20,8,1,0,0.001705,0.002561
small,control,strings,2045,0,sorted,1000,20,8,1,0,0.001885,0.002651
small,baseline,strings,2045,0,sorted,1000,20,8,1,0,0.001776,0.002582
small,baseline,strings,2045,0,sorted,1000,20,8,2,0,0.001735,0.002687
small,control,strings,2045,0,sorted,1000,20,8,2,0,0.001657,0.002717
small,candidate,strings,2045,0,sorted,1000,20,8,2,0,0.001658,0.00262
small,candidate,strings,2045,0,sorted,1000,20,8,3,0,0.00174,0.002637
small,control,strings,2045,0,sorted,1000,20,8,3,0,0.001718,0.002592
small,baseline,strings,2045,0,sorted,1000,20,8,3,0,0.001858,0.002656
small,baseline,strings,2045,0,sorted,1000,20,8,4,1,0.001724,0.002658
small,control,strings,2045,0,sorted,1000,20,8,4,1,0.001961,0.002682
small,candidate,strings,2045,0,sorted,1000,20,8,4,1,0.001946,0.002716
small,baseline,strings,2045,0,scattered,1000,20,8,0,0,0.001873,0.002696
small,control,strings,2045,0,scattered,1000,20,8,0,0,0.001833,0.002854
small,candidate,strings,2045,0,scattered,1000,20,8,0,0,0.00197,0.002951
small,candidate,strings,2045,0,scattered,1000,20,8,1,0,0.00165,0.002688
small,control,strings,2045,0,scattered,1000,20,8,1,0,0.001694,0.00268
small,baseline,strings,2045,0,scattered,1000,20,8,1,0,0.001684,0.002599
small,baseline,strings,2045,0,scattered,1000,20,8,2,0,0.001758,0.002609
small,control,strings,2045,0,scattered,1000,20,8,2,0,0.001749,0.00257
small,candidate,strings,2045,0,scattered,1000,20,8,2,0,0.001745,0.002679
small,candidate,strings,2045,0,scattered,1000,20,8,3,0,0.001776,0.002601
small,control,strings,2045,0,scattered,1000,20,8,3,0,0.001747,0.002688
small,baseline,strings,2045,0,scattered,1000,20,8,3,0,0.0019,0.002648
small,baseline,strings,2045,0,scattered,1000,20,8,4,1,0.001818,0.002567
small,control,strings,2045,0,scattered,1000,20,8,4,1,0.001879,0.002664
small,candidate,strings,2045,0,scattered,1000,20,8,4,1,0.00184,0.002622
small,baseline,strings,2045,0,filtered,667,20,8,0,0,0.002017,0.009288
small,control,strings,2045,0,filtered,667,20,8,0,0,0.001132,0.008724
small,candidate,strings,2045,0,filtered,667,20,8,0,0,0.00142,0.00862
small,candidate,strings,2045,0,filtered,667,20,8,1,0,0.00127,0.008605
small,control,strings,2045,0,filtered,667,20,8,1,0,0.001112,0.008594
small,baseline,strings,2045,0,filtered,667,20,8,1,0,0.001146,0.008702
small,baseline,strings,2045,0,filtered,667,20,8,2,0,0.001115,0.008725
small,control,strings,2045,0,filtered,667,20,8,2,0,0.001144,0.008697
small,candidate,strings,2045,0,filtered,667,20,8,2,0,0.00121,0.008699
small,candidate,strings,2045,0,filtered,667,20,8,3,0,0.001096,0.008633
small,control,strings,2045,0,filtered,667,20,8,3,0,0.001318,0.008771
small,baseline,strings,2045,0,filtered,667,20,8,3,0,0.001137,0.008686
small,baseline,strings,2045,0,filtered,667,20,8,4,1,0.001245,0.008516
small,control,strings,2045,0,filtered,667,20,8,4,1,0.001109,0.008507
small,candidate,strings,2045,0,filtered,667,20,8,4,1,0.00111,0.008658
sparse,baseline,numeric,8,1,filtered,1000,20,8,0,0,0.027707,9.6e-05
sparse,control,numeric,8,1,filtered,1000,20,8,0,0,0.014058,9.4e-05
sparse,candidate,numeric,8,1,filtered,1000,20,8,0,0,0.013972,0.000101
sparse,candidate,numeric,8,1,filtered,1000,20,8,1,0,0.014413,9.9e-05
sparse,control,numeric,8,1,filtered,1000,20,8,1,0,0.013662,9.7e-05
sparse,baseline,numeric,8,1,filtered,1000,20,8,1,0,0.027122,9.2e-05
sparse,baseline,numeric,8,1,filtered,1000,20,8,2,0,0.027618,9.2e-05
sparse,control,numeric,8,1,filtered,1000,20,8,2,0,0.013744,9.8e-05
sparse,candidate,numeric,8,1,filtered,1000,20,8,2,0,0.01386,0.0001
sparse,candidate,numeric,8,1,filtered,1000,20,8,3,0,0.01393,0.000105
sparse,control,numeric,8,1,filtered,1000,20,8,3,0,0.013776,8.4e-05
sparse,baseline,numeric,8,1,filtered,1000,20,8,3,0,0.026962,8e-05
sparse,baseline,numeric,8,1,filtered,1000,20,8,4,0,0.031221,0.000211
sparse,control,numeric,8,1,filtered,1000,20,8,4,0,0.019911,0.000236
sparse,candidate,numeric,8,1,filtered,1000,20,8,4,0,0.043102,9.2e-05
sparse,candidate,numeric,8,1,filtered,1000,20,8,5,0,0.015291,9.4e-05
sparse,control,numeric,8,1,filtered,1000,20,8,5,0,0.020458,9.3e-05
sparse,baseline,numeric,8,1,filtered,1000,20,8,5,0,0.027708,9e-05
sparse,baseline,numeric,8,1,filtered,1000,20,8,6,1,0.026904,8.8e-05
sparse,control,numeric,8,1,filtered,1000,20,8,6,1,0.013408,8.7e-05
sparse,candidate,numeric,8,1,filtered,1000,20,8,6,1,0.013516,0.000101
sparse,baseline,numeric,8,0,filtered,1000,20,8,0,0,0.027378,9e-05
sparse,control,numeric,8,0,filtered,1000,20,8,0,0,0.013689,9.2e-05
sparse,candidate,numeric,8,0,filtered,1000,20,8,0,0,0.013758,0.000101
sparse,candidate,numeric,8,0,filtered,1000,20,8,1,0,0.013557,9.3e-05
sparse,control,numeric,8,0,filtered,1000,20,8,1,0,0.01376,9.2e-05
sparse,baseline,numeric,8,0,filtered,1000,20,8,1,0,0.027312,9.3e-05
sparse,baseline,numeric,8,0,filtered,1000,20,8,2,0,0.027007,8.8e-05
sparse,control,numeric,8,0,filtered,1000,20,8,2,0,0.013831,9.4e-05
sparse,candidate,numeric,8,0,filtered,1000,20,8,2,0,0.01359,9.4e-05
sparse,candidate,numeric,8,0,filtered,1000,20,8,3,0,0.014125,9.4e-05
sparse,control,numeric,8,0,filtered,1000,20,8,3,0,0.013971,9e-05
sparse,baseline,numeric,8,0,filtered,1000,20,8,3,0,0.027751,8.3e-05
sparse,baseline,numeric,8,0,filtered,1000,20,8,4,0,0.02667,8.1e-05
sparse,control,numeric,8,0,filtered,1000,20,8,4,0,0.013249,9.5e-05
sparse,candidate,numeric,8,0,filtered,1000,20,8,4,0,0.013848,8.8e-05
sparse,candidate,numeric,8,0,filtered,1000,20,8,5,0,0.013642,9.3e-05
sparse,control,numeric,8,0,filtered,1000,20,8,5,0,0.013462,9.3e-05
sparse,baseline,numeric,8,0,filtered,1000,20,8,5,0,0.027246,9e-05
sparse,baseline,numeric,8,0,filtered,1000,20,8,6,1,0.026738,0.000101
sparse,control,numeric,8,0,filtered,1000,20,8,6,1,0.013678,9.1e-05
sparse,candidate,numeric,8,0,filtered,1000,20,8,6,1,0.013515,9.4e-05
sparse,baseline,mixed,32,1,filtered,1000,20,8,0,0,0.026917,0.000197
sparse,control,mixed,32,1,filtered,1000,20,8,0,0,0.013592,0.000209
sparse,candidate,mixed,32,1,filtered,1000,20,8,0,0,0.013319,0.000241
sparse,candidate,mixed,32,1,filtered,1000,20,8,1,0,0.013506,0.000205
sparse,control,mixed,32,1,filtered,1000,20,8,1,0,0.013388,0.0002
sparse,baseline,mixed,32,1,filtered,1000,20,8,1,0,0.026963,0.000234
sparse,baseline,mixed,32,1,filtered,1000,20,8,2,0,0.026884,0.000196
sparse,control,mixed,32,1,filtered,1000,20,8,2,0,0.013528,0.000197
sparse,candidate,mixed,32,1,filtered,1000,20,8,2,0,0.013711,0.000199
sparse,candidate,mixed,32,1,filtered,1000,20,8,3,0,0.013595,0.00021
sparse,control,mixed,32,1,filtered,1000,20,8,3,0,0.013681,0.000215
sparse,baseline,mixed,32,1,filtered,1000,20,8,3,0,0.026894,0.000202
sparse,baseline,mixed,32,1,filtered,1000,20,8,4,0,0.02724,0.000194
sparse,control,mixed,32,1,filtered,1000,20,8,4,0,0.013505,0.000196
sparse,candidate,mixed,32,1,filtered,1000,20,8,4,0,0.013525,0.000198
sparse,candidate,mixed,32,1,filtered,1000,20,8,5,0,0.013543,0.000197
sparse,control,mixed,32,1,filtered,1000,20,8,5,0,0.013575,0.000179
sparse,baseline,mixed,32,1,filtered,1000,20,8,5,0,0.026734,0.00021
sparse,baseline,mixed,32,1,filtered,1000,20,8,6,1,0.026719,0.000194
sparse,control,mixed,32,1,filtered,1000,20,8,6,1,0.01349,0.000194
sparse,candidate,mixed,32,1,filtered,1000,20,8,6,1,0.013489,0.000192
sparse,baseline,mixed,32,0,filtered,1000,20,8,0,0,0.026758,0.000206
sparse,control,mixed,32,0,filtered,1000,20,8,0,0,0.013531,0.000206
sparse,candidate,mixed,32,0,filtered,1000,20,8,0,0,0.013456,0.000212
sparse,candidate,mixed,32,0,filtered,1000,20,8,1,0,0.013449,0.000212
sparse,control,mixed,32,0,filtered,1000,20,8,1,0,0.013443,0.000218
sparse,baseline,mixed,32,0,filtered,1000,20,8,1,0,0.026605,0.000224
sparse,baseline,mixed,32,0,filtered,1000,20,8,2,0,0.02658,0.000208
sparse,control,mixed,32,0,filtered,1000,20,8,2,0,0.013288,0.000216
sparse,candidate,mixed,32,0,filtered,1000,20,8,2,0,0.013445,0.000196
sparse,candidate,mixed,32,0,filtered,1000,20,8,3,0,0.013472,0.000207
sparse,control,mixed,32,0,filtered,1000,20,8,3,0,0.013484,0.000233
sparse,baseline,mixed,32,0,filtered,1000,20,8,3,0,0.026754,0.000223
sparse,baseline,mixed,32,0,filtered,1000,20,8,4,0,0.026939,0.000207
sparse,control,mixed,32,0,filtered,1000,20,8,4,0,0.013612,0.000225
sparse,candidate,mixed,32,0,filtered,1000,20,8,4,0,0.013563,0.000216
sparse,candidate,mixed,32,0,filtered,1000,20,8,5,0,0.013593,0.000218
sparse,control,mixed,32,0,filtered,1000,20,8,5,0,0.013579,0.000217
sparse,baseline,mixed,32,0,filtered,1000,20,8,5,0,0.026471,0.000194
sparse,baseline,mixed,32,0,filtered,1000,20,8,6,1,0.026937,0.000199
sparse,control,mixed,32,0,filtered,1000,20,8,6,1,0.013596,0.00021
sparse,candidate,mixed,32,0,filtered,1000,20,8,6,1,0.013501,0.000201
three,baseline,numeric,8,1,identity,1000000,3,8,0,0,0.004867,0.003722
three,control,numeric,8,1,identity,1000000,3,8,0,0,0.004201,0.004012
three,candidate,numeric,8,1,identity,1000000,3,8,0,0,0.002863,0.002224
three,candidate,numeric,8,1,identity,1000000,3,8,1,0,0.00288,0.002238
three,control,numeric,8,1,identity,1000000,3,8,1,0,0.004351,0.003948
three,baseline,numeric,8,1,identity,1000000,3,8,1,0,0.004466,0.004153
three,baseline,numeric,8,1,identity,1000000,3,8,2,0,0.004227,0.003712
three,control,numeric,8,1,identity,1000000,3,8,2,0,0.004119,0.003947
three,candidate,numeric,8,1,identity,1000000,3,8,2,0,0.002787,0.002122
three,candidate,numeric,8,1,identity,1000000,3,8,3,0,0.002812,0.002169
three,control,numeric,8,1,identity,1000000,3,8,3,0,0.004045,0.003933
three,baseline,numeric,8,1,identity,1000000,3,8,3,0,0.004055,0.003945
three,baseline,numeric,8,1,identity,1000000,3,8,4,0,0.004589,0.003859
three,control,numeric,8,1,identity,1000000,3,8,4,0,0.004169,0.004408
three,candidate,numeric,8,1,identity,1000000,3,8,4,0,0.002689,0.002088
three,candidate,numeric,8,1,identity,1000000,3,8,5,0,0.002697,0.002447
three,control,numeric,8,1,identity,1000000,3,8,5,0,0.004368,0.003943
three,baseline,numeric,8,1,identity,1000000,3,8,5,0,0.004,0.00412
three,baseline,numeric,8,1,identity,1000000,3,8,6,1,0.004447,0.003776
three,control,numeric,8,1,identity,1000000,3,8,6,1,0.003916,0.003637
three,candidate,numeric,8,1,identity,1000000,3,8,6,1,0.002764,0.002209
three,baseline,numeric,8,1,sorted,1000000,3,8,0,0,0.004234,0.006626
three,control,numeric,8,1,sorted,1000000,3,8,0,0,0.004051,0.006597
three,candidate,numeric,8,1,sorted,1000000,3,8,0,0,0.003339,0.004286
three,candidate,numeric,8,1,sorted,1000000,3,8,1,0,0.002913,0.004587
three,control,numeric,8,1,sorted,1000000,3,8,1,0,0.003727,0.0074
three,baseline,numeric,8,1,sorted,1000000,3,8,1,0,0.004277,0.006349
three,baseline,numeric,8,1,sorted,1000000,3,8,2,0,0.005179,0.006546
three,control,numeric,8,1,sorted,1000000,3,8,2,0,0.005497,0.007611
three,candidate,numeric,8,1,sorted,1000000,3,8,2,0,0.00505,0.00699
three,candidate,numeric,8,1,sorted,1000000,3,8,3,0,0.005068,0.006323
three,control,numeric,8,1,sorted,1000000,3,8,3,0,0.006529,0.006549
three,baseline,numeric,8,1,sorted,1000000,3,8,3,0,0.004146,0.008828
three,baseline,numeric,8,1,sorted,1000000,3,8,4,0,0.004066,0.006592
three,control,numeric,8,1,sorted,1000000,3,8,4,0,0.003831,0.006652
three,candidate,numeric,8,1,sorted,1000000,3,8,4,0,0.011542,0.008269
three,candidate,numeric,8,1,sorted,1000000,3,8,5,0,0.003588,0.003897
three,control,numeric,8,1,sorted,1000000,3,8,5,0,0.004237,0.006352
three,baseline,numeric,8,1,sorted,1000000,3,8,5,0,0.004798,0.006555
three,baseline,numeric,8,1,sorted,1000000,3,8,6,1,0.00477,0.006653
three,control,numeric,8,1,sorted,1000000,3,8,6,1,0.004176,0.006897
three,candidate,numeric,8,1,sorted,1000000,3,8,6,1,0.003267,0.004718
three,baseline,numeric,8,1,filtered,666667,3,8,0,0,0.036749,0.002676
three,control,numeric,8,1,filtered,666667,3,8,0,0,0.022142,0.002531
three,candidate,numeric,8,1,filtered,666667,3,8,0,0,0.021382,0.002208
three,candidate,numeric,8,1,filtered,666667,3,8,1,0,0.020757,0.002354
three,control,numeric,8,1,filtered,666667,3,8,1,0,0.022002,0.002147
three,baseline,numeric,8,1,filtered,666667,3,8,1,0,0.035565,0.002193
three,baseline,numeric,8,1,filtered,666667,3,8,2,0,0.035181,0.002272
three,control,numeric,8,1,filtered,666667,3,8,2,0,0.021747,0.002436
three,candidate,numeric,8,1,filtered,666667,3,8,2,0,0.022087,0.002349
three,candidate,numeric,8,1,filtered,666667,3,8,3,0,0.021872,0.003331
three,control,numeric,8,1,filtered,666667,3,8,3,0,0.022369,0.002354
three,baseline,numeric,8,1,filtered,666667,3,8,3,0,0.035453,0.002239
three,baseline,numeric,8,1,filtered,666667,3,8,4,0,0.035823,0.002096
three,control,numeric,8,1,filtered,666667,3,8,4,0,0.020859,0.002143
three,candidate,numeric,8,1,filtered,666667,3,8,4,0,0.020516,0.002445
three,candidate,numeric,8,1,filtered,666667,3,8,5,0,0.0225,0.002416
three,control,numeric,8,1,filtered,666667,3,8,5,0,0.05767,0.011295
three,baseline,numeric,8,1,filtered,666667,3,8,5,0,0.06193,0.003792
three,baseline,numeric,8,1,filtered,666667,3,8,6,1,0.036873,0.002426
three,control,numeric,8,1,filtered,666667,3,8,6,1,0.02116,0.002165
three,candidate,numeric,8,1,filtered,666667,3,8,6,1,0.020147,0.002689
three,baseline,numeric,8,0,identity,1000000,3,8,0,0,0.004887,0.003862
three,control,numeric,8,0,identity,1000000,3,8,0,0,0.004446,0.004048
three,candidate,numeric,8,0,identity,1000000,3,8,0,0,0.002895,0.00213
three,candidate,numeric,8,0,identity,1000000,3,8,1,0,0.003338,0.00215
three,control,numeric,8,0,identity,1000000,3,8,1,0,0.004625,0.00424
three,baseline,numeric,8,0,identity,1000000,3,8,1,0,0.004401,0.003953
three,baseline,numeric,8,0,identity,1000000,3,8,2,0,0.0045,0.004662
three,control,numeric,8,0,identity,1000000,3,8,2,0,0.004289,0.004676
three,candidate,numeric,8,0,identity,1000000,3,8,2,0,0.003043,0.002334
three,candidate,numeric,8,0,identity,1000000,3,8,3,0,0.00342,0.002699
three,control,numeric,8,0,identity,1000000,3,8,3,0,0.004558,0.003999
three,baseline,numeric,8,0,identity,1000000,3,8,3,0,0.004403,0.003999
three,baseline,numeric,8,0,identity,1000000,3,8,4,0,0.004271,0.00404
three,control,numeric,8,0,identity,1000000,3,8,4,0,0.004722,0.003984
three,candidate,numeric,8,0,identity,1000000,3,8,4,0,0.003604,0.002616
three,candidate,numeric,8,0,identity,1000000,3,8,5,0,0.002824,0.002243
three,control,numeric,8,0,identity,1000000,3,8,5,0,0.004416,0.00416
three,baseline,numeric,8,0,identity,1000000,3,8,5,0,0.004136,0.004174
three,baseline,numeric,8,0,identity,1000000,3,8,6,1,0.00638,0.003731
three,control,numeric,8,0,identity,1000000,3,8,6,1,0.004189,0.003931
three,candidate,numeric,8,0,identity,1000000,3,8,6,1,0.003502,0.002025
three,baseline,numeric,8,0,sorted,1000000,3,8,0,0,0.004507,0.006253
three,control,numeric,8,0,sorted,1000000,3,8,0,0,0.003988,0.006449
three,candidate,numeric,8,0,sorted,1000000,3,8,0,0,0.003319,0.0039
three,candidate,numeric,8,0,sorted,1000000,3,8,1,0,0.003398,0.003355
three,control,numeric,8,0,sorted,1000000,3,8,1,0,0.00477,0.006201
three,baseline,numeric,8,0,sorted,1000000,3,8,1,0,0.004268,0.006243
three,baseline,numeric,8,0,sorted,1000000,3,8,2,0,0.004179,0.005884
three,control,numeric,8,0,sorted,1000000,3,8,2,0,0.004091,0.00611
three,candidate,numeric,8,0,sorted,1000000,3,8,2,0,0.003034,0.003616
three,candidate,numeric,8,0,sorted,1000000,3,8,3,0,0.003204,0.003649
three,control,numeric,8,0,sorted,1000000,3,8,3,0,0.004091,0.006347
three,baseline,numeric,8,0,sorted,1000000,3,8,3,0,0.004177,0.006249
three,baseline,numeric,8,0,sorted,1000000,3,8,4,0,0.003981,0.005824
three,control,numeric,8,0,sorted,1000000,3,8,4,0,0.004315,0.00596
three,candidate,numeric,8,0,sorted,1000000,3,8,4,0,0.002908,0.004132
three,candidate,numeric,8,0,sorted,1000000,3,8,5,0,0.002808,0.003944
three,control,numeric,8,0,sorted,1000000,3,8,5,0,0.004268,0.006394
three,baseline,numeric,8,0,sorted,1000000,3,8,5,0,0.00458,0.006338
three,baseline,numeric,8,0,sorted,1000000,3,8,6,1,0.004957,0.00644
three,control,numeric,8,0,sorted,1000000,3,8,6,1,0.005053,0.006642
three,candidate,numeric,8,0,sorted,1000000,3,8,6,1,0.00297,0.004718
three,baseline,numeric,8,0,filtered,666667,3,8,0,0,0.034888,0.002348
three,control,numeric,8,0,filtered,666667,3,8,0,0,0.021023,0.002097
three,candidate,numeric,8,0,filtered,666667,3,8,0,0,0.02013,0.002222
three,candidate,numeric,8,0,filtered,666667,3,8,1,0,0.020909,0.002386
three,control,numeric,8,0,filtered,666667,3,8,1,0,0.020497,0.002058
three,baseline,numeric,8,0,filtered,666667,3,8,1,0,0.034186,0.002086
three,baseline,numeric,8,0,filtered,666667,3,8,2,0,0.034683,0.0026
three,control,numeric,8,0,filtered,666667,3,8,2,0,0.021039,0.002182
three,candidate,numeric,8,0,filtered,666667,3,8,2,0,0.020535,0.002092
three,candidate,numeric,8,0,filtered,666667,3,8,3,0,0.01982,0.002054
three,control,numeric,8,0,filtered,666667,3,8,3,0,0.020979,0.002273
three,baseline,numeric,8,0,filtered,666667,3,8,3,0,0.035004,0.002497
three,baseline,numeric,8,0,filtered,666667,3,8,4,0,0.034509,0.002449
three,control,numeric,8,0,filtered,666667,3,8,4,0,0.020834,0.002061
three,candidate,numeric,8,0,filtered,666667,3,8,4,0,0.020864,0.002304
three,candidate,numeric,8,0,filtered,666667,3,8,5,0,0.02137,0.002199
three,control,numeric,8,0,filtered,666667,3,8,5,0,0.020832,0.002053
three,baseline,numeric,8,0,filtered,666667,3,8,5,0,0.035481,0.002198
three,baseline,numeric,8,0,filtered,666667,3,8,6,1,0.035814,0.002079
three,control,numeric,8,0,filtered,666667,3,8,6,1,0.020752,0.002186
three,candidate,numeric,8,0,filtered,666667,3,8,6,1,0.020506,0.0023
three,baseline,mixed,8,1,identity,1000000,3,8,0,0,0.011389,0.011845
three,control,mixed,8,1,identity,1000000,3,8,0,0,0.010981,0.011065
three,candidate,mixed,8,1,identity,1000000,3,8,0,0,0.004009,0.002853
three,candidate,mixed,8,1,identity,1000000,3,8,1,0,0.004425,0.002962
three,control,mixed,8,1,identity,1000000,3,8,1,0,0.012207,0.011558
three,baseline,mixed,8,1,identity,1000000,3,8,1,0,0.012315,0.011262
three,baseline,mixed,8,1,identity,1000000,3,8,2,0,0.01107,0.011182
three,control,mixed,8,1,identity,1000000,3,8,2,0,0.011196,0.011807
three,candidate,mixed,8,1,identity,1000000,3,8,2,0,0.004802,0.004124
three,candidate,mixed,8,1,identity,1000000,3,8,3,0,0.005188,0.003671
three,control,mixed,8,1,identity,1000000,3,8,3,0,0.011618,0.010475
three,baseline,mixed,8,1,identity,1000000,3,8,3,0,0.011676,0.010936
three,baseline,mixed,8,1,identity,1000000,3,8,4,0,0.011482,0.011247
three,control,mixed,8,1,identity,1000000,3,8,4,0,0.009872,0.010997
three,candidate,mixed,8,1,identity,1000000,3,8,4,0,0.003741,0.002715
three,candidate,mixed,8,1,identity,1000000,3,8,5,0,0.003873,0.002864
three,control,mixed,8,1,identity,1000000,3,8,5,0,0.010687,0.010968
three,baseline,mixed,8,1,identity,1000000,3,8,5,0,0.011718,0.011106
three,baseline,mixed,8,1,identity,1000000,3,8,6,1,0.012264,0.01225
three,control,mixed,8,1,identity,1000000,3,8,6,1,0.009835,0.011154
three,candidate,mixed,8,1,identity,1000000,3,8,6,1,0.004426,0.002965
three,baseline,mixed,8,1,sorted,1000000,3,8,0,0,0.011421,0.018965
three,control,mixed,8,1,sorted,1000000,3,8,0,0,0.0105,0.018934
three,candidate,mixed,8,1,sorted,1000000,3,8,0,0,0.003771,0.006652
three,candidate,mixed,8,1,sorted,1000000,3,8,1,0,0.003633,0.006215
three,control,mixed,8,1,sorted,1000000,3,8,1,0,0.011414,0.01923
three,baseline,mixed,8,1,sorted,1000000,3,8,1,0,0.010891,0.019383
three,baseline,mixed,8,1,sorted,1000000,3,8,2,0,0.012441,0.019105
three,control,mixed,8,1,sorted,1000000,3,8,2,0,0.009805,0.019781
three,candidate,mixed,8,1,sorted,1000000,3,8,2,0,0.003741,0.006096
three,candidate,mixed,8,1,sorted,1000000,3,8,3,0,0.004434,0.006013
three,control,mixed,8,1,sorted,1000000,3,8,3,0,0.011659,0.019088
three,baseline,mixed,8,1,sorted,1000000,3,8,3,0,0.012144,0.018668
three,baseline,mixed,8,1,sorted,1000000,3,8,4,0,0.011515,0.019478
three,control,mixed,8,1,sorted,1000000,3,8,4,0,0.009882,0.018871
three,candidate,mixed,8,1,sorted,1000000,3,8,4,0,0.003732,0.006368
three,candidate,mixed,8,1,sorted,1000000,3,8,5,0,0.003853,0.006297
three,control,mixed,8,1,sorted,1000000,3,8,5,0,0.011584,0.019255
three,baseline,mixed,8,1,sorted,1000000,3,8,5,0,0.01103,0.019668
three,baseline,mixed,8,1,sorted,1000000,3,8,6,1,0.011067,0.01926
three,control,mixed,8,1,sorted,1000000,3,8,6,1,0.009773,0.020581
three,candidate,mixed,8,1,sorted,1000000,3,8,6,1,0.003812,0.006315
three,baseline,mixed,8,1,filtered,666667,3,8,0,0,0.040399,0.006823
three,control,mixed,8,1,filtered,666667,3,8,0,0,0.025521,0.006446
three,candidate,mixed,8,1,filtered,666667,3,8,0,0,0.020681,0.00288
three,candidate,mixed,8,1,filtered,666667,3,8,1,0,0.020996,0.002896
three,control,mixed,8,1,filtered,666667,3,8,1,0,0.025361,0.006704
three,baseline,mixed,8,1,filtered,666667,3,8,1,0,0.040362,0.006532
three,baseline,mixed,8,1,filtered,666667,3,8,2,0,0.040069,0.007272
three,control,mixed,8,1,filtered,666667,3,8,2,0,0.025829,0.006735
three,candidate,mixed,8,1,filtered,666667,3,8,2,0,0.02157,0.002928
three,candidate,mixed,8,1,filtered,666667,3,8,3,0,0.020642,0.0028
three,control,mixed,8,1,filtered,666667,3,8,3,0,0.026348,0.006644
three,baseline,mixed,8,1,filtered,666667,3,8,3,0,0.038696,0.006458
three,baseline,mixed,8,1,filtered,666667,3,8,4,0,0.041044,0.006514
three,control,mixed,8,1,filtered,666667,3,8,4,0,0.025456,0.006543
three,candidate,mixed,8,1,filtered,666667,3,8,4,0,0.020592,0.003052
three,candidate,mixed,8,1,filtered,666667,3,8,5,0,0.020916,0.002658
three,control,mixed,8,1,filtered,666667,3,8,5,0,0.025633,0.006682
three,baseline,mixed,8,1,filtered,666667,3,8,5,0,0.040515,0.00668
three,baseline,mixed,8,1,filtered,666667,3,8,6,1,0.039993,0.006524
three,control,mixed,8,1,filtered,666667,3,8,6,1,0.026081,0.006677
three,candidate,mixed,8,1,filtered,666667,3,8,6,1,0.020534,0.002893
three,baseline,mixed,8,0,identity,1000000,3,8,0,0,0.012406,0.010239
three,control,mixed,8,0,identity,1000000,3,8,0,0,0.01234,0.007659
three,candidate,mixed,8,0,identity,1000000,3,8,0,0,0.004574,0.003501
three,candidate,mixed,8,0,identity,1000000,3,8,1,0,0.004484,0.002946
three,control,mixed,8,0,identity,1000000,3,8,1,0,0.011537,0.008952
three,baseline,mixed,8,0,identity,1000000,3,8,1,0,0.012811,0.008186
three,baseline,mixed,8,0,identity,1000000,3,8,2,0,0.01258,0.007623
three,control,mixed,8,0,identity,1000000,3,8,2,0,0.012515,0.008332
three,candidate,mixed,8,0,identity,1000000,3,8,2,0,0.0043,0.002524
three,candidate,mixed,8,0,identity,1000000,3,8,3,0,0.004207,0.003296
three,control,mixed,8,0,identity,1000000,3,8,3,0,0.011742,0.007623
three,baseline,mixed,8,0,identity,1000000,3,8,3,0,0.012209,0.007469
three,baseline,mixed,8,0,identity,1000000,3,8,4,0,0.011778,0.007458
three,control,mixed,8,0,identity,1000000,3,8,4,0,0.010977,0.007133
three,candidate,mixed,8,0,identity,1000000,3,8,4,0,0.004363,0.002793
three,candidate,mixed,8,0,identity,1000000,3,8,5,0,0.004014,0.003022
three,control,mixed,8,0,identity,1000000,3,8,5,0,0.011707,0.008826
three,baseline,mixed,8,0,identity,1000000,3,8,5,0,0.01298,0.007728
three,baseline,mixed,8,0,identity,1000000,3,8,6,1,0.013169,0.007735
three,control,mixed,8,0,identity,1000000,3,8,6,1,0.011832,0.008219
three,candidate,mixed,8,0,identity,1000000,3,8,6,1,0.004495,0.003646
three,baseline,mixed,8,0,sorted,1000000,3,8,0,0,0.012408,0.016727
three,control,mixed,8,0,sorted,1000000,3,8,0,0,0.01024,0.019066
three,candidate,mixed,8,0,sorted,1000000,3,8,0,0,0.004001,0.006412
three,candidate,mixed,8,0,sorted,1000000,3,8,1,0,0.003988,0.006572
three,control,mixed,8,0,sorted,1000000,3,8,1,0,0.011504,0.01726
three,baseline,mixed,8,0,sorted,1000000,3,8,1,0,0.012581,0.015309
three,baseline,mixed,8,0,sorted,1000000,3,8,2,0,0.011844,0.013302
three,control,mixed,8,0,sorted,1000000,3,8,2,0,0.010182,0.016591
three,candidate,mixed,8,0,sorted,1000000,3,8,2,0,0.00403,0.006241
three,candidate,mixed,8,0,sorted,1000000,3,8,3,0,0.004015,0.007199
three,control,mixed,8,0,sorted,1000000,3,8,3,0,0.010461,0.016429
three,baseline,mixed,8,0,sorted,1000000,3,8,3,0,0.011572,0.016639
three,baseline,mixed,8,0,sorted,1000000,3,8,4,0,0.012226,0.014692
three,control,mixed,8,0,sorted,1000000,3,8,4,0,0.010682,0.01705
three,candidate,mixed,8,0,sorted,1000000,3,8,4,0,0.003819,0.006246
three,candidate,mixed,8,0,sorted,1000000,3,8,5,0,0.004001,0.006731
three,control,mixed,8,0,sorted,1000000,3,8,5,0,0.010558,0.016174
three,baseline,mixed,8,0,sorted,1000000,3,8,5,0,0.011555,0.014984
three,baseline,mixed,8,0,sorted,1000000,3,8,6,1,0.011814,0.016403
three,control,mixed,8,0,sorted,1000000,3,8,6,1,0.010259,0.018829
three,candidate,mixed,8,0,sorted,1000000,3,8,6,1,0.003966,0.007077
three,baseline,mixed,8,0,filtered,666667,3,8,0,0,0.041795,0.006774
three,control,mixed,8,0,filtered,666667,3,8,0,0,0.025377,0.007065
three,candidate,mixed,8,0,filtered,666667,3,8,0,0,0.023229,0.004108
three,candidate,mixed,8,0,filtered,666667,3,8,1,0,0.022955,0.003018
three,control,mixed,8,0,filtered,666667,3,8,1,0,0.026484,0.006748
three,baseline,mixed,8,0,filtered,666667,3,8,1,0,0.041172,0.007285
three,baseline,mixed,8,0,filtered,666667,3,8,2,0,0.04066,0.006573
three,control,mixed,8,0,filtered,666667,3,8,2,0,0.026883,0.007308
three,candidate,mixed,8,0,filtered,666667,3,8,2,0,0.021828,0.002779
three,candidate,mixed,8,0,filtered,666667,3,8,3,0,0.021334,0.003024
three,control,mixed,8,0,filtered,666667,3,8,3,0,0.025364,0.006732
three,baseline,mixed,8,0,filtered,666667,3,8,3,0,0.041892,0.00626
three,baseline,mixed,8,0,filtered,666667,3,8,4,0,0.040815,0.007278
three,control,mixed,8,0,filtered,666667,3,8,4,0,0.025475,0.006376
three,candidate,mixed,8,0,filtered,666667,3,8,4,0,0.020997,0.00287
three,candidate,mixed,8,0,filtered,666667,3,8,5,0,0.021417,0.003986
three,control,mixed,8,0,filtered,666667,3,8,5,0,0.025548,0.006925
three,baseline,mixed,8,0,filtered,666667,3,8,5,0,0.04423,0.02706
three,baseline,mixed,8,0,filtered,666667,3,8,6,1,0.058608,0.006471
three,control,mixed,8,0,filtered,666667,3,8,6,1,0.025804,0.006678
three,candidate,mixed,8,0,filtered,666667,3,8,6,1,0.022288,0.002827
three,baseline,mixed,244,1,identity,1000000,3,8,0,0,0.044422,0.116239
three,control,mixed,244,1,identity,1000000,3,8,0,0,0.036305,0.094322
three,candidate,mixed,244,1,identity,1000000,3,8,0,0,0.015029,0.014017
three,candidate,mixed,244,1,identity,1000000,3,8,1,0,0.01752,0.018957
three,control,mixed,244,1,identity,1000000,3,8,1,0,0.036091,0.095186
three,baseline,mixed,244,1,identity,1000000,3,8,1,0,0.034077,0.10423
three,baseline,mixed,244,1,identity,1000000,3,8,2,0,0.035377,0.100199
three,control,mixed,244,1,identity,1000000,3,8,2,0,0.036303,0.097355
three,candidate,mixed,244,1,identity,1000000,3,8,2,0,0.015498,0.016035
three,candidate,mixed,244,1,identity,1000000,3,8,3,0,0.01627,0.016465
three,control,mixed,244,1,identity,1000000,3,8,3,0,0.03799,0.094945
three,baseline,mixed,244,1,identity,1000000,3,8,3,0,0.033541,0.107947
three,baseline,mixed,244,1,identity,1000000,3,8,4,0,0.035263,0.101176
three,control,mixed,244,1,identity,1000000,3,8,4,0,0.036628,0.095184
three,candidate,mixed,244,1,identity,1000000,3,8,4,0,0.015456,0.01818
three,candidate,mixed,244,1,identity,1000000,3,8,5,0,0.015559,0.018937
three,control,mixed,244,1,identity,1000000,3,8,5,0,0.037321,0.097099
three,baseline,mixed,244,1,identity,1000000,3,8,5,0,0.035379,0.101204
three,baseline,mixed,244,1,identity,1000000,3,8,6,1,0.033513,0.103511
three,control,mixed,244,1,identity,1000000,3,8,6,1,0.036892,0.095114
three,candidate,mixed,244,1,identity,1000000,3,8,6,1,0.015014,0.016479
three,baseline,mixed,244,1,sorted,1000000,3,8,0,0,0.034741,0.1363
three,control,mixed,244,1,sorted,1000000,3,8,0,0,0.037041,0.137125
three,candidate,mixed,244,1,sorted,1000000,3,8,0,0,0.016965,0.033208
three,candidate,mixed,244,1,sorted,1000000,3,8,1,0,0.01641,0.033344
three,control,mixed,244,1,sorted,1000000,3,8,1,0,0.03805,0.134969
three,baseline,mixed,244,1,sorted,1000000,3,8,1,0,0.035325,0.137043
three,baseline,mixed,244,1,sorted,1000000,3,8,2,0,0.035143,0.134831
three,control,mixed,244,1,sorted,1000000,3,8,2,0,0.035522,0.135062
three,candidate,mixed,244,1,sorted,1000000,3,8,2,0,0.016381,0.036054
three,candidate,mixed,244,1,sorted,1000000,3,8,3,0,0.014394,0.032077
three,control,mixed,244,1,sorted,1000000,3,8,3,0,0.035642,0.136878
three,baseline,mixed,244,1,sorted,1000000,3,8,3,0,0.035402,0.134827
three,baseline,mixed,244,1,sorted,1000000,3,8,4,0,0.035361,0.133983
three,control,mixed,244,1,sorted,1000000,3,8,4,0,0.038533,0.136309
three,candidate,mixed,244,1,sorted,1000000,3,8,4,0,0.016355,0.032481
three,candidate,mixed,244,1,sorted,1000000,3,8,5,0,0.016552,0.03203
three,control,mixed,244,1,sorted,1000000,3,8,5,0,0.037816,0.135985
three,baseline,mixed,244,1,sorted,1000000,3,8,5,0,0.03408,0.134571
three,baseline,mixed,244,1,sorted,1000000,3,8,6,1,0.035975,0.135171
three,control,mixed,244,1,sorted,1000000,3,8,6,1,0.037356,0.134492
three,candidate,mixed,244,1,sorted,1000000,3,8,6,1,0.015385,0.031389
three,baseline,mixed,244,1,filtered,666667,3,8,0,0,0.057743,0.062464
three,control,mixed,244,1,filtered,666667,3,8,0,0,0.046171,0.063449
three,candidate,mixed,244,1,filtered,666667,3,8,0,0,0.03209,0.014374
three,candidate,mixed,244,1,filtered,666667,3,8,1,0,0.02975,0.014631
three,control,mixed,244,1,filtered,666667,3,8,1,0,0.04679,0.063532
three,baseline,mixed,244,1,filtered,666667,3,8,1,0,0.060503,0.062606
three,baseline,mixed,244,1,filtered,666667,3,8,2,0,0.059584,0.063292
three,control,mixed,244,1,filtered,666667,3,8,2,0,0.045204,0.062697
three,candidate,mixed,244,1,filtered,666667,3,8,2,0,0.030638,0.014069
three,candidate,mixed,244,1,filtered,666667,3,8,3,0,0.029676,0.014311
three,control,mixed,244,1,filtered,666667,3,8,3,0,0.04434,0.061465
three,baseline,mixed,244,1,filtered,666667,3,8,3,0,0.057549,0.061391
three,baseline,mixed,244,1,filtered,666667,3,8,4,0,0.057764,0.062098
three,control,mixed,244,1,filtered,666667,3,8,4,0,0.044356,0.061737
three,candidate,mixed,244,1,filtered,666667,3,8,4,0,0.030883,0.014408
three,candidate,mixed,244,1,filtered,666667,3,8,5,0,0.030996,0.014797
three,control,mixed,244,1,filtered,666667,3,8,5,0,0.0443,0.06106
three,baseline,mixed,244,1,filtered,666667,3,8,5,0,0.056776,0.061152
three,baseline,mixed,244,1,filtered,666667,3,8,6,1,0.058102,0.061784
three,control,mixed,244,1,filtered,666667,3,8,6,1,0.044659,0.070178
three,candidate,mixed,244,1,filtered,666667,3,8,6,1,0.030157,0.013432
three,baseline,mixed,244,0,identity,1000000,3,8,0,0,0.053908,0.091921
three,control,mixed,244,0,identity,1000000,3,8,0,0,0.04941,0.087123
three,candidate,mixed,244,0,identity,1000000,3,8,0,0,0.02257,0.017371
three,candidate,mixed,244,0,identity,1000000,3,8,1,0,0.018444,0.018146
three,control,mixed,244,0,identity,1000000,3,8,1,0,0.046536,0.089536
three,baseline,mixed,244,0,identity,1000000,3,8,1,0,0.045346,0.089578
three,baseline,mixed,244,0,identity,1000000,3,8,2,0,0.045183,0.088788
three,control,mixed,244,0,identity,1000000,3,8,2,0,0.045579,0.089761
three,candidate,mixed,244,0,identity,1000000,3,8,2,0,0.019435,0.017359
three,candidate,mixed,244,0,identity,1000000,3,8,3,0,0.018071,0.021041
three,control,mixed,244,0,identity,1000000,3,8,3,0,0.046315,0.089418
three,baseline,mixed,244,0,identity,1000000,3,8,3,0,0.045356,0.089204
three,baseline,mixed,244,0,identity,1000000,3,8,4,0,0.046034,0.088511
three,control,mixed,244,0,identity,1000000,3,8,4,0,0.045879,0.089358
three,candidate,mixed,244,0,identity,1000000,3,8,4,0,0.018878,0.01726
three,candidate,mixed,244,0,identity,1000000,3,8,5,0,0.017493,0.018492
three,control,mixed,244,0,identity,1000000,3,8,5,0,0.047282,0.089315
three,baseline,mixed,244,0,identity,1000000,3,8,5,0,0.054413,0.088399
three,baseline,mixed,244,0,identity,1000000,3,8,6,1,0.051264,0.088628
three,control,mixed,244,0,identity,1000000,3,8,6,1,0.045681,0.089013
three,candidate,mixed,244,0,identity,1000000,3,8,6,1,0.018173,0.014009
three,baseline,mixed,244,0,sorted,1000000,3,8,0,0,0.046664,0.186832
three,control,mixed,244,0,sorted,1000000,3,8,0,0,0.049611,0.188193
three,candidate,mixed,244,0,sorted,1000000,3,8,0,0,0.019599,0.039197
three,candidate,mixed,244,0,sorted,1000000,3,8,1,0,0.017832,0.032639
three,control,mixed,244,0,sorted,1000000,3,8,1,0,0.04513,0.183956
three,baseline,mixed,244,0,sorted,1000000,3,8,1,0,0.046228,0.187429
three,baseline,mixed,244,0,sorted,1000000,3,8,2,0,0.045512,0.186959
three,control,mixed,244,0,sorted,1000000,3,8,2,0,0.046999,0.184305
three,candidate,mixed,244,0,sorted,1000000,3,8,2,0,0.017919,0.032502
three,candidate,mixed,244,0,sorted,1000000,3,8,3,0,0.017757,0.033082
three,control,mixed,244,0,sorted,1000000,3,8,3,0,0.045524,0.186218
three,baseline,mixed,244,0,sorted,1000000,3,8,3,0,0.044693,0.184734
three,baseline,mixed,244,0,sorted,1000000,3,8,4,0,0.045723,0.182784
three,control,mixed,244,0,sorted,1000000,3,8,4,0,0.045682,0.183992
three,candidate,mixed,244,0,sorted,1000000,3,8,4,0,0.017797,0.033523
three,candidate,mixed,244,0,sorted,1000000,3,8,5,0,0.016586,0.033294
three,control,mixed,244,0,sorted,1000000,3,8,5,0,0.045311,0.184215
three,baseline,mixed,244,0,sorted,1000000,3,8,5,0,0.045936,0.184301
three,baseline,mixed,244,0,sorted,1000000,3,8,6,1,0.045934,0.184169
three,control,mixed,244,0,sorted,1000000,3,8,6,1,0.045994,0.203935
three,candidate,mixed,244,0,sorted,1000000,3,8,6,1,0.018088,0.039205
three,baseline,mixed,244,0,filtered,666667,3,8,0,0,0.066522,0.063758
three,control,mixed,244,0,filtered,666667,3,8,0,0,0.052458,0.062224
three,candidate,mixed,244,0,filtered,666667,3,8,0,0,0.031156,0.014695
three,candidate,mixed,244,0,filtered,666667,3,8,1,0,0.031102,0.014724
three,control,mixed,244,0,filtered,666667,3,8,1,0,0.051554,0.062156
three,baseline,mixed,244,0,filtered,666667,3,8,1,0,0.065286,0.063512
three,baseline,mixed,244,0,filtered,666667,3,8,2,0,0.06648,0.064089
three,control,mixed,244,0,filtered,666667,3,8,2,0,0.05308,0.062778
three,candidate,mixed,244,0,filtered,666667,3,8,2,0,0.030465,0.014439
three,candidate,mixed,244,0,filtered,666667,3,8,3,0,0.031096,0.01453
three,control,mixed,244,0,filtered,666667,3,8,3,0,0.052103,0.063397
three,baseline,mixed,244,0,filtered,666667,3,8,3,0,0.065276,0.063376
three,baseline,mixed,244,0,filtered,666667,3,8,4,0,0.066222,0.062981
three,control,mixed,244,0,filtered,666667,3,8,4,0,0.052006,0.06296
three,candidate,mixed,244,0,filtered,666667,3,8,4,0,0.030545,0.014537
three,candidate,mixed,244,0,filtered,666667,3,8,5,0,0.031231,0.013993
three,control,mixed,244,0,filtered,666667,3,8,5,0,0.05377,0.063518
three,baseline,mixed,244,0,filtered,666667,3,8,5,0,0.065176,0.062847
three,baseline,mixed,244,0,filtered,666667,3,8,6,1,0.066006,0.062536
three,control,mixed,244,0,filtered,666667,3,8,6,1,0.051572,0.062741
three,candidate,mixed,244,0,filtered,666667,3,8,6,1,0.032176,0.012226
three,baseline,strings,8,1,identity,1000000,3,8,0,0,0.031461,0.015987
three,control,strings,8,1,identity,1000000,3,8,0,0,0.030286,0.012808
three,candidate,strings,8,1,identity,1000000,3,8,0,0,0.019397,0.005116
three,candidate,strings,8,1,identity,1000000,3,8,1,0,0.018891,0.004242
three,control,strings,8,1,identity,1000000,3,8,1,0,0.030066,0.012659
three,baseline,strings,8,1,identity,1000000,3,8,1,0,0.031088,0.01538
three,baseline,strings,8,1,identity,1000000,3,8,2,0,0.031378,0.015423
three,control,strings,8,1,identity,1000000,3,8,2,0,0.030211,0.012606
three,candidate,strings,8,1,identity,1000000,3,8,2,0,0.018319,0.005014
three,candidate,strings,8,1,identity,1000000,3,8,3,0,0.018687,0.005119
three,control,strings,8,1,identity,1000000,3,8,3,0,0.030023,0.012666
three,baseline,strings,8,1,identity,1000000,3,8,3,0,0.031145,0.015296
three,baseline,strings,8,1,identity,1000000,3,8,4,0,0.031292,0.01543
three,control,strings,8,1,identity,1000000,3,8,4,0,0.029499,0.012677
three,candidate,strings,8,1,identity,1000000,3,8,4,0,0.019084,0.005192
three,candidate,strings,8,1,identity,1000000,3,8,5,0,0.018278,0.004592
three,control,strings,8,1,identity,1000000,3,8,5,0,0.029979,0.01268
three,baseline,strings,8,1,identity,1000000,3,8,5,0,0.031433,0.015378
three,baseline,strings,8,1,identity,1000000,3,8,6,1,0.031453,0.015275
three,control,strings,8,1,identity,1000000,3,8,6,1,0.030137,0.012703
three,candidate,strings,8,1,identity,1000000,3,8,6,1,0.018415,0.005154
three,baseline,strings,8,1,sorted,1000000,3,8,0,0,0.031217,0.026626
three,control,strings,8,1,sorted,1000000,3,8,0,0,0.029766,0.025037
three,candidate,strings,8,1,sorted,1000000,3,8,0,0,0.017905,0.015124
three,candidate,strings,8,1,sorted,1000000,3,8,1,0,0.019191,0.017951
three,control,strings,8,1,sorted,1000000,3,8,1,0,0.030244,0.024369
three,baseline,strings,8,1,sorted,1000000,3,8,1,0,0.031346,0.02583
three,baseline,strings,8,1,sorted,1000000,3,8,2,0,0.03154,0.026447
three,control,strings,8,1,sorted,1000000,3,8,2,0,0.029946,0.025086
three,candidate,strings,8,1,sorted,1000000,3,8,2,0,0.019401,0.01369
three,candidate,strings,8,1,sorted,1000000,3,8,3,0,0.019043,0.016281
three,control,strings,8,1,sorted,1000000,3,8,3,0,0.030078,0.025353
three,baseline,strings,8,1,sorted,1000000,3,8,3,0,0.031609,0.02582
three,baseline,strings,8,1,sorted,1000000,3,8,4,0,0.031549,0.02514
three,control,strings,8,1,sorted,1000000,3,8,4,0,0.030312,0.024353
three,candidate,strings,8,1,sorted,1000000,3,8,4,0,0.018616,0.016027
three,candidate,strings,8,1,sorted,1000000,3,8,5,0,0.018643,0.016271
three,control,strings,8,1,sorted,1000000,3,8,5,0,0.029841,0.02649
three,baseline,strings,8,1,sorted,1000000,3,8,5,0,0.031331,0.024933
three,baseline,strings,8,1,sorted,1000000,3,8,6,1,0.031302,0.02533
three,control,strings,8,1,sorted,1000000,3,8,6,1,0.029814,0.024274
three,candidate,strings,8,1,sorted,1000000,3,8,6,1,0.018454,0.015069
three,baseline,strings,8,1,filtered,666667,3,8,0,0,0.060594,0.024115
three,control,strings,8,1,filtered,666667,3,8,0,0,0.044979,0.024228
three,candidate,strings,8,1,filtered,666667,3,8,0,0,0.036396,0.00557
three,candidate,strings,8,1,filtered,666667,3,8,1,0,0.036058,0.005532
three,control,strings,8,1,filtered,666667,3,8,1,0,0.044586,0.024036
three,baseline,strings,8,1,filtered,666667,3,8,1,0,0.060577,0.024261
three,baseline,strings,8,1,filtered,666667,3,8,2,0,0.060718,0.024223
three,control,strings,8,1,filtered,666667,3,8,2,0,0.044247,0.024248
three,candidate,strings,8,1,filtered,666667,3,8,2,0,0.110973,0.034089
three,candidate,strings,8,1,filtered,666667,3,8,3,0,0.068653,0.015452
three,control,strings,8,1,filtered,666667,3,8,3,0,0.045083,0.024198
three,baseline,strings,8,1,filtered,666667,3,8,3,0,0.061238,0.024124
three,baseline,strings,8,1,filtered,666667,3,8,4,0,0.061024,0.023926
three,control,strings,8,1,filtered,666667,3,8,4,0,0.044317,0.024988
three,candidate,strings,8,1,filtered,666667,3,8,4,0,0.038407,0.006486
three,candidate,strings,8,1,filtered,666667,3,8,5,0,0.035762,0.006904
three,control,strings,8,1,filtered,666667,3,8,5,0,0.065902,0.033654
three,baseline,strings,8,1,filtered,666667,3,8,5,0,0.092233,0.023935
three,baseline,strings,8,1,filtered,666667,3,8,6,1,0.060974,0.023774
three,control,strings,8,1,filtered,666667,3,8,6,1,0.043278,0.023978
three,candidate,strings,8,1,filtered,666667,3,8,6,1,0.035614,0.005544
three,baseline,strings,8,0,identity,1000000,3,8,0,0,0.032405,0.012199
three,control,strings,8,0,identity,1000000,3,8,0,0,0.032239,0.012174
three,candidate,strings,8,0,identity,1000000,3,8,0,0,0.019035,0.00518
three,candidate,strings,8,0,identity,1000000,3,8,1,0,0.017916,0.004044
three,control,strings,8,0,identity,1000000,3,8,1,0,0.032481,0.012208
three,baseline,strings,8,0,identity,1000000,3,8,1,0,0.035644,0.012213
three,baseline,strings,8,0,identity,1000000,3,8,2,0,0.044523,0.012065
three,control,strings,8,0,identity,1000000,3,8,2,0,0.032252,0.012224
three,candidate,strings,8,0,identity,1000000,3,8,2,0,0.018713,0.005193
three,candidate,strings,8,0,identity,1000000,3,8,3,0,0.019188,0.004769
three,control,strings,8,0,identity,1000000,3,8,3,0,0.032344,0.012164
three,baseline,strings,8,0,identity,1000000,3,8,3,0,0.041366,0.012466
three,baseline,strings,8,0,identity,1000000,3,8,4,0,0.03602,0.012356
three,control,strings,8,0,identity,1000000,3,8,4,0,0.031118,0.011679
three,candidate,strings,8,0,identity,1000000,3,8,4,0,0.018365,0.005221
three,candidate,strings,8,0,identity,1000000,3,8,5,0,0.018695,0.005035
three,control,strings,8,0,identity,1000000,3,8,5,0,0.030808,0.011759
three,baseline,strings,8,0,identity,1000000,3,8,5,0,0.042737,0.01208
three,baseline,strings,8,0,identity,1000000,3,8,6,1,0.040066,0.011936
three,control,strings,8,0,identity,1000000,3,8,6,1,0.032454,0.012184
three,candidate,strings,8,0,identity,1000000,3,8,6,1,0.023507,0.005012
three,baseline,strings,8,0,sorted,1000000,3,8,0,0,0.040676,0.026054
three,control,strings,8,0,sorted,1000000,3,8,0,0,0.030571,0.024874
three,candidate,strings,8,0,sorted,1000000,3,8,0,0,0.018373,0.014238
three,candidate,strings,8,0,sorted,1000000,3,8,1,0,0.018793,0.013814
three,control,strings,8,0,sorted,1000000,3,8,1,0,0.030961,0.027875
three,baseline,strings,8,0,sorted,1000000,3,8,1,0,0.044218,0.02471
three,baseline,strings,8,0,sorted,1000000,3,8,2,0,0.04622,0.024321
three,control,strings,8,0,sorted,1000000,3,8,2,0,0.031145,0.02717
three,candidate,strings,8,0,sorted,1000000,3,8,2,0,0.017248,0.013453
three,candidate,strings,8,0,sorted,1000000,3,8,3,0,0.018353,0.016599
three,control,strings,8,0,sorted,1000000,3,8,3,0,0.030637,0.025306
three,baseline,strings,8,0,sorted,1000000,3,8,3,0,0.03186,0.026713
three,baseline,strings,8,0,sorted,1000000,3,8,4,0,0.041965,0.027235
three,control,strings,8,0,sorted,1000000,3,8,4,0,0.030724,0.027156
three,candidate,strings,8,0,sorted,1000000,3,8,4,0,0.018123,0.016406
three,candidate,strings,8,0,sorted,1000000,3,8,5,0,0.018664,0.013213
three,control,strings,8,0,sorted,1000000,3,8,5,0,0.030701,0.02791
three,baseline,strings,8,0,sorted,1000000,3,8,5,0,0.036077,0.026733
three,baseline,strings,8,0,sorted,1000000,3,8,6,1,0.031663,0.026135
three,control,strings,8,0,sorted,1000000,3,8,6,1,0.030447,0.02665
three,candidate,strings,8,0,sorted,1000000,3,8,6,1,0.018988,0.016417
three,baseline,strings,8,0,filtered,666667,3,8,0,0,0.061676,0.023995
three,control,strings,8,0,filtered,666667,3,8,0,0,0.046413,0.024033
three,candidate,strings,8,0,filtered,666667,3,8,0,0,0.034833,0.005859
three,candidate,strings,8,0,filtered,666667,3,8,1,0,0.035042,0.005449
three,control,strings,8,0,filtered,666667,3,8,1,0,0.04602,0.023877
three,baseline,strings,8,0,filtered,666667,3,8,1,0,0.060895,0.023936
three,baseline,strings,8,0,filtered,666667,3,8,2,0,0.060627,0.02388
three,control,strings,8,0,filtered,666667,3,8,2,0,0.046793,0.023561
three,candidate,strings,8,0,filtered,666667,3,8,2,0,0.034921,0.005505
three,candidate,strings,8,0,filtered,666667,3,8,3,0,0.034646,0.005566
three,control,strings,8,0,filtered,666667,3,8,3,0,0.045986,0.024126
three,baseline,strings,8,0,filtered,666667,3,8,3,0,0.060455,0.023558
three,baseline,strings,8,0,filtered,666667,3,8,4,0,0.068538,0.03542
three,control,strings,8,0,filtered,666667,3,8,4,0,0.049568,0.025493
three,candidate,strings,8,0,filtered,666667,3,8,4,0,0.036685,0.005877
three,candidate,strings,8,0,filtered,666667,3,8,5,0,0.036262,0.005849
three,control,strings,8,0,filtered,666667,3,8,5,0,0.049201,0.039877
three,baseline,strings,8,0,filtered,666667,3,8,5,0,0.093476,0.024656
three,baseline,strings,8,0,filtered,666667,3,8,6,1,0.092846,0.024819
three,control,strings,8,0,filtered,666667,3,8,6,1,0.048258,0.024477
three,candidate,strings,8,0,filtered,666667,3,8,6,1,0.036048,0.005696
three,baseline,strings,244,1,identity,1000000,3,8,0,0,0.092318,0.183617
three,control,strings,244,1,identity,1000000,3,8,0,0,0.137433,0.140418
three,candidate,strings,244,1,identity,1000000,3,8,0,0,0.056882,0.049296
three,candidate,strings,244,1,identity,1000000,3,8,1,0,0.058974,0.050354
three,control,strings,244,1,identity,1000000,3,8,1,0,0.083043,0.105302
three,baseline,strings,244,1,identity,1000000,3,8,1,0,0.081614,0.120837
three,baseline,strings,244,1,identity,1000000,3,8,2,0,0.079982,0.121967
three,control,strings,244,1,identity,1000000,3,8,2,0,0.083159,0.109197
three,candidate,strings,244,1,identity,1000000,3,8,2,0,0.073571,0.055531
three,candidate,strings,244,1,identity,1000000,3,8,3,0,0.051467,0.058072
three,control,strings,244,1,identity,1000000,3,8,3,0,0.084628,0.112333
three,baseline,strings,244,1,identity,1000000,3,8,3,0,0.081339,0.117079
three,baseline,strings,244,1,identity,1000000,3,8,4,0,0.082498,0.119909
three,control,strings,244,1,identity,1000000,3,8,4,0,0.088122,0.123433
three,candidate,strings,244,1,identity,1000000,3,8,4,0,0.051276,0.058355
three,candidate,strings,244,1,identity,1000000,3,8,5,0,0.070928,0.143624
three,control,strings,244,1,identity,1000000,3,8,5,0,0.115202,0.106785
three,baseline,strings,244,1,identity,1000000,3,8,5,0,0.083925,0.123731
three,baseline,strings,244,1,identity,1000000,3,8,6,1,0.110875,0.133703
three,control,strings,244,1,identity,1000000,3,8,6,1,0.083431,0.110645
three,candidate,strings,244,1,identity,1000000,3,8,6,1,0.076791,0.052034
three,baseline,strings,244,1,sorted,1000000,3,8,0,0,0.079651,0.149569
three,control,strings,244,1,sorted,1000000,3,8,0,0,0.083351,0.15288
three,candidate,strings,244,1,sorted,1000000,3,8,0,0,0.051804,0.120758
three,candidate,strings,244,1,sorted,1000000,3,8,1,0,0.054478,0.127096
three,control,strings,244,1,sorted,1000000,3,8,1,0,0.117424,0.170189
three,baseline,strings,244,1,sorted,1000000,3,8,1,0,0.080881,0.157928
three,baseline,strings,244,1,sorted,1000000,3,8,2,0,0.080153,0.158532
three,control,strings,244,1,sorted,1000000,3,8,2,0,0.082109,0.15747
three,candidate,strings,244,1,sorted,1000000,3,8,2,0,0.059375,0.126943
three,candidate,strings,244,1,sorted,1000000,3,8,3,0,0.061812,0.127074
three,control,strings,244,1,sorted,1000000,3,8,3,0,0.102145,0.168314
three,baseline,strings,244,1,sorted,1000000,3,8,3,0,0.080464,0.154637
three,baseline,strings,244,1,sorted,1000000,3,8,4,0,0.079477,0.161329
three,control,strings,244,1,sorted,1000000,3,8,4,0,0.081565,0.166962
three,candidate,strings,244,1,sorted,1000000,3,8,4,0,0.056907,0.194821
three,candidate,strings,244,1,sorted,1000000,3,8,5,0,0.051733,0.119631
three,control,strings,244,1,sorted,1000000,3,8,5,0,0.086205,0.267567
three,baseline,strings,244,1,sorted,1000000,3,8,5,0,0.113631,0.170797
three,baseline,strings,244,1,sorted,1000000,3,8,6,1,0.108643,0.165817
three,control,strings,244,1,sorted,1000000,3,8,6,1,0.081553,0.172673
three,candidate,strings,244,1,sorted,1000000,3,8,6,1,0.056073,0.103478
three,baseline,strings,244,1,filtered,666667,3,8,0,0,0.102599,0.248394
three,control,strings,244,1,filtered,666667,3,8,0,0,0.088301,0.248234
three,candidate,strings,244,1,filtered,666667,3,8,0,0,0.06346,0.049114
three,candidate,strings,244,1,filtered,666667,3,8,1,0,0.062372,0.048029
three,control,strings,244,1,filtered,666667,3,8,1,0,0.088649,0.246859
three,baseline,strings,244,1,filtered,666667,3,8,1,0,0.101522,0.2471
three,baseline,strings,244,1,filtered,666667,3,8,2,0,0.10167,0.247177
three,control,strings,244,1,filtered,666667,3,8,2,0,0.088802,0.246805
three,candidate,strings,244,1,filtered,666667,3,8,2,0,0.061117,0.048519
three,candidate,strings,244,1,filtered,666667,3,8,3,0,0.063033,0.050445
three,control,strings,244,1,filtered,666667,3,8,3,0,0.088147,0.248579
three,baseline,strings,244,1,filtered,666667,3,8,3,0,0.10105,0.247004
three,baseline,strings,244,1,filtered,666667,3,8,4,0,0.102384,0.248369
three,control,strings,244,1,filtered,666667,3,8,4,0,0.089045,0.250699
three,candidate,strings,244,1,filtered,666667,3,8,4,0,0.061404,0.050004
three,candidate,strings,244,1,filtered,666667,3,8,5,0,0.063126,0.050737
three,control,strings,244,1,filtered,666667,3,8,5,0,0.08796,0.248931
three,baseline,strings,244,1,filtered,666667,3,8,5,0,0.101574,0.247209
three,baseline,strings,244,1,filtered,666667,3,8,6,1,0.102307,0.249893
three,control,strings,244,1,filtered,666667,3,8,6,1,0.087503,0.248148
three,candidate,strings,244,1,filtered,666667,3,8,6,1,0.060604,0.044804
three,baseline,strings,244,0,identity,1000000,3,8,0,0,0.118856,0.104189
three,control,strings,244,0,identity,1000000,3,8,0,0,0.093868,0.104665
three,candidate,strings,244,0,identity,1000000,3,8,0,0,0.064848,0.053605
three,candidate,strings,244,0,identity,1000000,3,8,1,0,0.058509,0.045071
three,control,strings,244,0,identity,1000000,3,8,1,0,0.094527,0.104763
three,baseline,strings,244,0,identity,1000000,3,8,1,0,0.125019,0.105003
three,baseline,strings,244,0,identity,1000000,3,8,2,0,0.095008,0.104789
three,control,strings,244,0,identity,1000000,3,8,2,0,0.092359,0.105031
three,candidate,strings,244,0,identity,1000000,3,8,2,0,0.05855,0.048272
three,candidate,strings,244,0,identity,1000000,3,8,3,0,0.055556,0.048367
three,control,strings,244,0,identity,1000000,3,8,3,0,0.092686,0.103998
three,baseline,strings,244,0,identity,1000000,3,8,3,0,0.124074,0.10533
three,baseline,strings,244,0,identity,1000000,3,8,4,0,0.095063,0.10476
three,control,strings,244,0,identity,1000000,3,8,4,0,0.091268,0.105594
three,candidate,strings,244,0,identity,1000000,3,8,4,0,0.060888,0.047165
three,candidate,strings,244,0,identity,1000000,3,8,5,0,0.058456,0.049502
three,control,strings,244,0,identity,1000000,3,8,5,0,0.090742,0.104596
three,baseline,strings,244,0,identity,1000000,3,8,5,0,0.092694,0.105192
three,baseline,strings,244,0,identity,1000000,3,8,6,1,0.091061,0.105368
three,control,strings,244,0,identity,1000000,3,8,6,1,0.09097,0.104868
three,candidate,strings,244,0,identity,1000000,3,8,6,1,0.057285,0.045016
three,baseline,strings,244,0,sorted,1000000,3,8,0,0,0.122591,0.191542
three,control,strings,244,0,sorted,1000000,3,8,0,0,0.090586,0.189749
three,candidate,strings,244,0,sorted,1000000,3,8,0,0,0.058155,0.101152
three,candidate,strings,244,0,sorted,1000000,3,8,1,0,0.057693,0.103491
three,control,strings,244,0,sorted,1000000,3,8,1,0,0.09274,0.18994
three,baseline,strings,244,0,sorted,1000000,3,8,1,0,0.123814,0.188951
three,baseline,strings,244,0,sorted,1000000,3,8,2,0,0.125709,0.189735
three,control,strings,244,0,sorted,1000000,3,8,2,0,0.090727,0.188388
three,candidate,strings,244,0,sorted,1000000,3,8,2,0,0.057868,0.098196
three,candidate,strings,244,0,sorted,1000000,3,8,3,0,0.059519,0.102515
three,control,strings,244,0,sorted,1000000,3,8,3,0,0.091861,0.188257
three,baseline,strings,244,0,sorted,1000000,3,8,3,0,0.123505,0.189461
three,baseline,strings,244,0,sorted,1000000,3,8,4,0,0.123919,0.190304
three,control,strings,244,0,sorted,1000000,3,8,4,0,0.094826,0.190237
three,candidate,strings,244,0,sorted,1000000,3,8,4,0,0.059088,0.100403
three,candidate,strings,244,0,sorted,1000000,3,8,5,0,0.056494,0.101128
three,control,strings,244,0,sorted,1000000,3,8,5,0,0.091418,0.189743
three,baseline,strings,244,0,sorted,1000000,3,8,5,0,0.12513,0.188654
three,baseline,strings,244,0,sorted,1000000,3,8,6,1,0.125496,0.192566
three,control,strings,244,0,sorted,1000000,3,8,6,1,0.108334,0.192149
three,candidate,strings,244,0,sorted,1000000,3,8,6,1,0.058086,0.108019
three,baseline,strings,244,0,filtered,666667,3,8,0,0,0.10989,0.255514
three,control,strings,244,0,filtered,666667,3,8,0,0,0.098324,0.252048
three,candidate,strings,244,0,filtered,666667,3,8,0,0,0.064802,0.048119
three,candidate,strings,244,0,filtered,666667,3,8,1,0,0.064765,0.048194
three,control,strings,244,0,filtered,666667,3,8,1,0,0.096144,0.252643
three,baseline,strings,244,0,filtered,666667,3,8,1,0,0.114108,0.252944
three,baseline,strings,244,0,filtered,666667,3,8,2,0,0.114896,0.252464
three,control,strings,244,0,filtered,666667,3,8,2,0,0.095245,0.25328
three,candidate,strings,244,0,filtered,666667,3,8,2,0,0.065119,0.049158
three,candidate,strings,244,0,filtered,666667,3,8,3,0,0.06484,0.050985
three,control,strings,244,0,filtered,666667,3,8,3,0,0.095167,0.252212
three,baseline,strings,244,0,filtered,666667,3,8,3,0,0.113682,0.250771
three,baseline,strings,244,0,filtered,666667,3,8,4,0,0.107592,0.25176
three,control,strings,244,0,filtered,666667,3,8,4,0,0.093279,0.250704
three,candidate,strings,244,0,filtered,666667,3,8,4,0,0.064371,0.046425
three,candidate,strings,244,0,filtered,666667,3,8,5,0,0.062459,0.047824
three,control,strings,244,0,filtered,666667,3,8,5,0,0.099991,0.252919
three,baseline,strings,244,0,filtered,666667,3,8,5,0,0.11613,0.251687
three,baseline,strings,244,0,filtered,666667,3,8,6,1,0.108291,0.25183
three,control,strings,244,0,filtered,666667,3,8,6,1,0.095519,0.293176
three,candidate,strings,244,0,filtered,666667,3,8,6,1,0.066805,0.054836
twelve,baseline,mixed,32,1,identity,1000000,20,12,0,0,0.082522,0.059392
twelve,control,mixed,32,1,identity,1000000,20,12,0,0,0.083905,0.042655
twelve,candidate,mixed,32,1,identity,1000000,20,12,0,0,0.029856,0.029301
twelve,candidate,mixed,32,1,identity,1000000,20,12,1,0,0.024005,0.024967
twelve,control,mixed,32,1,identity,1000000,20,12,1,0,0.081772,0.044531
twelve,baseline,mixed,32,1,identity,1000000,20,12,1,0,0.084081,0.044073
twelve,baseline,mixed,32,1,identity,1000000,20,12,2,0,0.077425,0.049334
twelve,control,mixed,32,1,identity,1000000,20,12,2,0,0.073683,0.039747
twelve,candidate,mixed,32,1,identity,1000000,20,12,2,0,0.024454,0.025917
twelve,candidate,mixed,32,1,identity,1000000,20,12,3,0,0.027171,0.022253
twelve,control,mixed,32,1,identity,1000000,20,12,3,0,0.071194,0.045041
twelve,baseline,mixed,32,1,identity,1000000,20,12,3,0,0.077475,0.055193
twelve,baseline,mixed,32,1,identity,1000000,20,12,4,0,0.083154,0.051553
twelve,control,mixed,32,1,identity,1000000,20,12,4,0,0.071278,0.043867
twelve,candidate,mixed,32,1,identity,1000000,20,12,4,0,0.025435,0.02252
twelve,candidate,mixed,32,1,identity,1000000,20,12,5,0,0.024592,0.031737
twelve,control,mixed,32,1,identity,1000000,20,12,5,0,0.075654,0.041331
twelve,baseline,mixed,32,1,identity,1000000,20,12,5,0,0.079145,0.052035
twelve,baseline,mixed,32,1,identity,1000000,20,12,6,1,0.099132,0.051134
twelve,control,mixed,32,1,identity,1000000,20,12,6,1,0.082844,0.04502
twelve,candidate,mixed,32,1,identity,1000000,20,12,6,1,0.029864,0.026884
twelve,baseline,mixed,32,1,filtered,666667,20,12,0,0,0.092682,0.170458
twelve,control,mixed,32,1,filtered,666667,20,12,0,0,0.076283,0.168621
twelve,candidate,mixed,32,1,filtered,666667,20,12,0,0,0.03709,0.035048
twelve,candidate,mixed,32,1,filtered,666667,20,12,1,0,0.037727,0.037223
twelve,control,mixed,32,1,filtered,666667,20,12,1,0,0.077736,0.169355
twelve,baseline,mixed,32,1,filtered,666667,20,12,1,0,0.098335,0.168193
twelve,baseline,mixed,32,1,filtered,666667,20,12,2,0,0.079113,0.173597
twelve,control,mixed,32,1,filtered,666667,20,12,2,0,0.074528,0.16895
twelve,candidate,mixed,32,1,filtered,666667,20,12,2,0,0.037898,0.036955
twelve,candidate,mixed,32,1,filtered,666667,20,12,3,0,0.037124,0.036964
twelve,control,mixed,32,1,filtered,666667,20,12,3,0,0.073919,0.168164
twelve,baseline,mixed,32,1,filtered,666667,20,12,3,0,0.092004,0.168057
twelve,baseline,mixed,32,1,filtered,666667,20,12,4,0,0.092522,0.167806
twelve,control,mixed,32,1,filtered,666667,20,12,4,0,0.084622,0.169156
twelve,candidate,mixed,32,1,filtered,666667,20,12,4,0,0.038915,0.036331
twelve,candidate,mixed,32,1,filtered,666667,20,12,5,0,0.036765,0.035601
twelve,control,mixed,32,1,filtered,666667,20,12,5,0,0.084298,0.169442
twelve,baseline,mixed,32,1,filtered,666667,20,12,5,0,0.092746,0.168367
twelve,baseline,mixed,32,1,filtered,666667,20,12,6,1,0.095659,0.175793
twelve,control,mixed,32,1,filtered,666667,20,12,6,1,0.075593,0.174709
twelve,candidate,mixed,32,1,filtered,666667,20,12,6,1,0.037385,0.03551
